# OurAirports public-domain runway data; simulation reference only. 2026-09-22
# Source: https://raw.githubusercontent.com/davidmegginson/ourairports-data/main/runways.csv
# Format: AIRPORT/RUNWAY latitude longitude elevation_ft true_course
01A/23 62.9412970 -152.2662860 2041.00 250.000
01OL/23 34.3930550 -96.6888885 1043.00 230.000
04W/06 46.0215131 -92.8994155 1020.17 66.000
04W/24 46.0239595 -92.8916187 1010.72 246.000
05CL/10 38.6120887 -122.3943547 618.00 116.000
05V/03 37.4048004 -105.5599976 7696.00 41.000
05V/21 37.4174995 -105.5459976 7720.00 221.000
06FA/09 26.9081001 -80.3384621 28.00 90.000
06FA/27 26.9081993 -80.3184441 28.00 270.000
06N/08 41.4309232 -74.3942855 506.61 62.000
06N/26 41.4337006 -74.3870010 521.00 242.000
07IA/18 40.6500810 -95.0215110 971.00 177.000
07IA/36 40.6456940 -95.0211890 969.00 357.000
07MT/10 48.4303017 -106.5520020 2757.00 120.000
07MT/28 48.4118004 -106.5039978 2748.00 300.000
07TE/13 27.7257996 -97.5175018 39.00 134.000
09CL/01 39.1100006 -121.0589981 2240.00 26.000
0C5/18 43.5800295 -85.2806015 960.00 180.000
0CO2/11 38.8544006 -106.9380035 8980.00 121.100
0G0/10 43.1032982 -78.7086029 588.00 91.000
0G0/28 43.1031168 -78.6994298 588.00 271.000
0I2/09 39.4767693 -87.1026951 642.05 91.000
0I2/27 39.4767210 -87.0960671 633.10 271.000
0MI8/17 44.8945541 -84.3010559 1276.00 170.000
0MI8/35 44.8905678 -84.2999496 1273.00 350.000
0MI8/22 44.8972015 -84.2947998 1276.00 216.000
0O4/16 39.9473000 -122.1709976 293.00 180.000
0O4/34 39.9398994 -122.1709976 293.00 0.000
0R7/17 31.9972000 -93.3078995 177.00 180.000
0TA7/05 30.1410007 -103.9059982 4680.00 58.500
0TA7/12 30.1571007 -103.9059982 4688.00 128.500
0TE7/17 30.2604008 -98.6233978 1515.00 175.000
0TE7/35 30.2432003 -98.6216965 1433.00 355.000
10AZ/08 33.3664017 -112.6240005 860.00 90.000
12WV/18 38.3457794 -82.1125565 603.00 169.000
12WV/36 38.3422890 -82.1117096 603.00 349.000
12WV/24 38.3445630 -82.1089240 603.00 225.000
14S/12 46.8992996 -124.1039963 6.00 137.000
14S/30 46.8945999 -124.0979996 8.00 317.000
16A/18 60.9091988 -162.4389954 11.00 196.000
16A/36 60.9028015 -162.4420013 12.00 16.000
17XS/01 32.1705533 -98.4381849 1319.41 20.200
18AZ/06 33.8163986 -111.9039993 2490.00 72.600
18TE/08 32.5853004 -95.0721970 359.00 91.000
18TE/26 32.5850983 -95.0557022 349.00 271.000
1CO5/08 38.0158005 -103.7089996 4232.00 94.600
1CO5/18 38.0182991 -103.6979980 4252.00 193.000
1D2/18 42.3510017 -83.4564972 696.00 177.000
1D2/36 42.3446999 -83.4561005 685.00 357.000
1H4/17 42.4218922 -74.0068970 837.51 180.000
1H4/35 42.4171982 -74.0068970 800.00 0.000
1K1/17 37.7808182 -97.1137396 1363.27 176.000
1K1/35 37.7687988 -97.1127014 1349.00 356.000
1S2/10 48.2598000 -121.6149979 544.00 111.000
1S2/28 48.2574005 -121.6050034 553.00 291.000
1T8/16 29.7418125 -98.4511228 1080.00 149.000
1T8/34 29.7434337 -98.4522448 1080.00 329.000
1TE1/13 28.2542000 -99.8212967 650.00 136.200
20GA/10 33.7573013 -84.8927994 1064.00 97.000
20GA/28 33.7559013 -84.8777008 1094.00 277.000
21AZ/12 34.3560982 -109.9749985 6026.00 133.100
22XS/15 31.3780994 -97.6691971 720.00 153.500
22XS/33 31.3694000 -97.6641998 720.00 205.000
23XS/15 31.3633995 -97.6744995 720.00 152.000
24C/24 42.9584618 -85.3447211 681.00 320.000
24CL/14 36.0974998 -119.5469971 205.00 157.100
26N/06 39.2607002 -74.6112976 5.00 47.000
26N/24 39.2663002 -74.6035995 4.00 227.000
27AZ/17 33.9240408 -113.1670681 2181.24 184.900
27IA/09 40.7513008 -92.0341034 750.00 90.000
27IA/27 40.7513008 -92.0276031 735.00 270.000
27W/09 47.8204994 -120.7249985 1936.00 109.000
29AZ/03 32.9002991 -112.9069977 737.00 45.500
29AZ/21 32.9108009 -112.8939972 732.00 340.000
29IA/17 40.7604140 -95.6240690 1092.00 173.000
29IA/35 40.7521170 -95.6227600 1116.00 353.000
2C6/02 40.7703018 -90.0759964 658.00 19.000
2C6/20 40.7775993 -90.0727997 654.00 199.000
2D7/10 40.6467603 -81.5602636 982.39 92.000
2D7/28 40.6465698 -81.5530499 974.77 272.000
2F6/17 36.3591003 -96.0109024 670.00 180.000
2J0/36 29.9861146 -84.3965618 11.00 282.000
2J9/14 30.6002007 -84.5600967 221.00 136.000
2J9/32 30.5949993 -84.5541000 207.00 316.000
2K1/15 36.6655998 -97.8104019 1061.00 157.000
2K1/33 36.6624985 -97.8087997 1061.00 337.000
2K1/17 36.6654015 -97.8087006 1061.00 180.000
2K2/17 37.0629005 -93.2343979 1308.00 179.000
2K2/35 37.0559998 -93.2341995 1336.00 359.000
2L1/30 47.9037018 -97.6367035 1130.00 301.000
2NC0/14 35.8716390 -82.3455730 4432.00 136.000
2NC0/32 35.8662500 -82.3393040 4387.00 316.000
2P7/01 40.0530014 -80.9636993 1163.00 5.000
2P7/19 40.0606995 -80.9626999 1187.00 185.000
2Q5/06 39.2004013 -119.6859970 4939.00 60.000
2Q5/24 39.2027016 -119.6809998 4937.00 240.000
2S1/17 47.4612999 -122.4759979 324.00 187.000
2S1/35 47.4558983 -122.4769974 308.00 7.000
2TA8/13 26.8644009 -98.2283020 196.00 133.000
2W2/14 39.4679794 -77.0191436 766.99 125.000
2W2/32 39.4660361 -77.0155104 793.11 305.000
2XA0/17 33.9832993 -99.7127991 1479.00 180.000
30M/19 34.6624985 -90.3757019 195.00 212.900
30NE/17 40.3593178 -98.6857986 2044.00 180.000
30NE/35 40.3521805 -98.6858368 2075.00 0.000
31VA/02 37.0122986 -76.5911026 23.00 13.000
31VA/20 37.0280991 -76.5867004 29.00 359.900
33C/27 43.0812008 -86.0936705 634.00 254.100
33VT/20 44.1205559 -72.5647202 1350.00 200.000
34G/36 41.9653263 -83.9236780 820.00 354.300
35C/36 43.1251488 -85.5067901 890.00 262.000
35XA/12 30.8350315 -94.9437180 240.00 119.000
35XA/30 30.8330860 -94.9396439 267.00 299.000
36MI/13 42.0365982 -83.8835983 789.00 125.000
36MI/31 42.0298996 -83.8706970 794.00 305.000
36MI/25 42.0371017 -83.8725967 794.00 243.000
38C/18 43.6111670 -85.4925003 889.00 180.000
38C/36 43.6030998 -85.4925003 889.00 336.200
39G/27 43.0301018 -82.6653976 726.00 252.000
39MD/27 38.2751389 -76.7209167 15.00 266.000
3A9/32 44.3899002 -97.1203995 1810.00 309.300
3B3/16 42.4287851 -71.7962423 458.51 140.000
3B3/34 42.4236630 -71.7904204 450.62 314.700
3C1/21 41.6596652 -86.0328868 750.45 328.300
3D2/14 45.1380005 -87.1894989 762.00 136.000
3D2/32 45.1327019 -87.1822968 750.00 316.000
3DA/18 43.0509875 -83.8039521 733.00 181.000
3DA/36 43.0483129 -83.8039504 733.00 1.000
3EX/01 39.3353004 -94.1987991 992.00 27.000
3EX/19 39.3401985 -94.1956024 990.00 207.000
3G8/27 41.4400538 -90.1063910 635.00 295.400
3KS2/18 37.0632820 -96.9987946 1166.00 178.000
3KS2/36 37.0576553 -96.9986267 1139.00 359.000
3KS9/17 37.7323265 -101.1955414 3091.00 179.000
3KS9/35 37.7219009 -101.1952820 3080.00 359.000
3LA4/12 29.8026295 -92.8088608 2.00 122.000
3LA4/30 29.7967339 -92.7982101 7.00 302.000
3ND6/27 47.2419167 -99.8958359 1945.00 277.000
3NE5/11 40.9491420 -96.2066120 1142.00 118.000
3NE5/29 40.9459610 -96.1985860 1165.00 298.000
3O5/16 34.3731003 -98.4067001 1058.00 174.000
3O5/34 34.3652000 -98.4057007 1058.00 354.000
3R8/20 38.6612015 -85.7886963 600.00 257.000
3S2/12 44.5153999 -70.4097977 418.00 121.000
3S2/30 44.5129013 -70.4038010 418.00 301.000
3TA0/18 30.1019001 -100.4029999 2241.00 190.000
3TE/18 42.0267624 -83.9390519 807.60 179.000
3TE/36 42.0230722 -83.9390352 799.82 359.000
3W2/21 41.6385060 -82.8268475 593.54 214.000
3X5/01 41.7154999 -82.8212967 594.00 2.000
3X5/19 41.7205009 -82.8209991 587.00 182.000
3Y7/31 45.3863983 -101.4339981 2383.00 232.000
40C/20 42.2037519 -86.2514423 656.00 266.000
42C/36 43.5544014 -85.7757034 915.00 277.000
42IA/18 42.2644997 -96.2897034 1071.00 180.000
42IA/36 42.2584000 -96.2897034 1069.00 0.000
42TT/14 30.4580212 -95.2336731 250.00 134.000
42TT/32 30.4531631 -95.2279205 240.00 314.000
42XA/15 31.3645992 -97.0916977 472.00 153.000
42XA/33 31.3600006 -97.0888977 458.00 333.000
43MI/36 45.8566330 -87.1177440 720.00 210.000
43MN/15 46.9379997 -92.4166031 1367.00 147.000
43MN/33 46.9300003 -92.4088974 1385.00 327.000
43MT/13 47.9927677 -115.7529003 2301.00 145.000
43MT/31 47.9904990 -115.7506081 2301.00 325.000
43Y/20 47.8916016 -94.2591019 1420.00 340.000
43Y/30 47.8851013 -94.2518997 1427.00 233.000
44G/09 41.8551186 -83.8739765 691.00 89.000
44G/27 41.8550987 -83.8674326 691.00 270.000
44SC/20 33.4863892 -80.7755585 184.00 196.000
44XA/19 27.8413887 -97.7708359 72.00 191.000
45CN/09 37.8633995 -120.1839981 2892.00 111.000
45CN/27 37.8599014 -120.1719971 2930.00 291.000
46N/01 41.9809990 -73.8360977 323.00 1.000
46N/19 41.9883003 -73.8358994 316.00 181.000
47KS/35 38.7677994 -95.2750015 980.00 217.000
47Y/33 46.6371994 -96.1027985 1379.00 215.000
48Y/15 49.0036011 -95.9857025 1078.00 153.000
48Y/33 48.9956017 -95.9794006 1066.00 333.000
49MT/10 45.6091156 -109.1319580 3901.00 114.000
49MT/28 45.6023140 -109.1106033 3901.00 294.000
4AK6/08 61.6393750 -149.2948750 533.00 90.000
4AK6/26 61.6425020 -149.2669980 530.00 270.000
4B0/01 42.5572089 -73.8334649 184.58 353.000
4B0/19 42.5646019 -73.8345032 195.00 173.000
4C2/27 41.4314449 -84.9778071 900.00 300.500
4D8/09 43.3348007 -95.1631726 1436.98 90.000
4D8/27 43.3348007 -95.1538530 1436.13 270.000
4D8/18 43.3345985 -95.1602020 1434.00 180.000
4D8/36 43.3291016 -95.1602020 1435.00 234.000
4FA7/14 28.8073101 -82.1236420 39.00 141.000
4FA7/32 28.7987213 -82.1157532 39.00 321.000
4G1/05 41.4462342 -80.3918424 1202.00 41.000
4G1/23 41.4495010 -80.3880997 1202.00 221.000
4G1/15 41.4496994 -80.3945007 1162.00 141.000
4G1/33 41.4439011 -80.3881988 1202.00 321.000
4G3/09 40.9817915 -81.0467479 1056.68 91.000
4G3/27 40.9816155 -81.0379490 1065.91 271.000
4G7/23 39.4513016 -80.1640015 1009.00 217.000
4KA/08 60.5760002 -165.2769928 14.00 101.000
4KA/26 60.5750999 -165.2669983 11.00 281.000
4M5/01 33.4841003 -91.4441986 135.00 18.000
4M5/19 33.4917984 -91.4411011 135.00 198.000
4M8/18 34.6507504 -91.3941080 211.57 181.000
4M8/36 34.6445999 -91.3943024 205.00 1.000
4S5/17 48.6365311 -97.3973007 835.22 180.000
4V8/01 42.9235992 -72.8647995 1948.00 350.000
4V8/19 42.9306984 -72.8665009 1950.00 170.000
53K/17 38.6363125 -95.8018036 1093.10 180.000
54M/36 35.0498009 -89.5802994 305.00 193.100
54MU/17 40.3038420 -95.1127110 1007.00 173.000
54MU/35 40.2970250 -95.1116470 966.00 353.000
54XA/18 33.4948997 -97.2110977 802.00 180.000
54XA/36 33.4883003 -97.2110977 758.00 0.000
55G/25 43.2986984 -82.6023026 780.00 301.000
55G/36 43.2943001 -82.6075974 780.00 318.000
56G/27 43.5787010 -82.6404037 745.00 293.000
56S/34 46.0120010 -123.9079971 10.00 256.000
57B/19 44.3057219 -68.9134787 84.52 271.000
57D/27 42.7377430 -82.8876560 632.00 254.200
57D/36 42.7342987 -82.8889008 632.00 257.800
57MT/12 46.2040520 -114.0855484 4045.00 141.000
57MT/30 46.2005501 -114.0814590 4085.00 321.000
57MT/23 46.2024002 -114.0810013 4070.00 243.000
57XA/12 29.8591200 -98.1160900 957.00 122.000
57XA/30 29.8575400 -98.1131590 957.00 302.000
58C/36 42.8694000 -89.0756988 840.00 326.100
58MT/27 46.5436096 -111.0647202 5123.00 279.000
59AR/27 35.8819270 -90.6087950 271.00 273.000
5B4/26 48.8101332 -102.2439010 1950.79 276.000
5B6/25 41.5875015 -70.5371017 41.00 288.000
5B9/01 44.0773035 -72.0072012 579.35 352.000
5B9/19 44.0835991 -72.0084000 546.00 172.000
5D5/27 45.1650009 -85.5743027 628.00 234.000
5D5/34 45.1650801 -85.5761185 628.00 284.000
5D9/36 41.2202988 -82.9577026 805.00 184.000
5G0/10 42.9814987 -77.9423981 780.00 93.000
5G0/28 42.9812012 -77.9326019 770.00 273.000
5H3/31 44.7686996 -96.6426010 1792.00 244.000
5I2/27 40.5402985 -86.5447006 710.00 217.000
5I6/36 40.5835507 -86.2568844 779.26 179.000
5K4/27 40.1160413 -90.5824717 665.00 172.000
5M1/18 34.2667007 -91.3074036 187.00 181.000
5M1/36 34.2579002 -91.3076019 187.00 1.000
5MO6/18 40.1304280 -92.2911310 882.00 180.000
5MO6/36 40.1264720 -92.2911250 871.00 0.000
5NC3/13 35.3432660 -79.4401740 417.00 131.000
5NC3/31 35.3397740 -79.4336690 436.00 300.000
5P3/13 45.4434013 -99.6793976 1960.00 143.000
5P3/31 45.4355011 -99.6709976 1963.00 323.000
5V8/04 43.8324013 -101.4990005 2462.00 52.000
5Y2/34 44.3277082 -84.7921899 1165.00 320.600
5Y3/18 42.8569984 -88.7598038 801.00 180.000
5Y3/36 42.8501015 -88.7598038 821.00 0.000
5Y4/23 44.6627999 -84.2366931 1051.00 265.000
5Y4/36 44.6561149 -84.2395563 1051.00 270.400
5Y7/36 46.3490982 -86.6181030 963.00 285.700
60G/08 42.5836295 -84.6538714 931.00 83.000
60G/26 42.5841350 -84.6473379 931.00 263.000
60M/19 42.2930985 -71.9646988 1042.00 312.000
60OA/27 41.4008713 -80.5732956 962.00 270.000
61D/01 42.4653288 -85.6493766 722.00 7.000
61D/19 42.4715996 -85.6483002 722.00 187.000
61D/09 42.4675079 -85.6513900 722.00 89.000
61D/27 42.4675647 -85.6451829 722.00 269.000
61G/23 43.1153984 -84.5168991 700.00 280.000
62C/19 42.8269997 -88.0933990 790.00 340.100
63S/19 48.5471001 -117.8799973 1888.00 324.000
63Y/32 44.2854996 -96.1489029 1742.00 254.000
64I/36 38.6237923 -85.4430726 465.76 196.000
65B/26 44.8381996 -67.0238037 81.00 321.000
65G/27 42.7183622 -84.0575742 908.00 253.100
65MS/18 34.5670013 -89.8841019 340.00 180.000
65MS/36 34.5624008 -89.8841019 309.00 0.000
65XA/20 30.9057250 -94.6949310 239.00 200.000
67MU/10 39.4544983 -91.4007034 742.00 95.000
67MU/28 39.4538002 -91.3910980 744.00 275.000
68IS/09 42.1486015 -88.5674973 747.00 90.000
69G/36 42.4387016 -84.0642014 921.00 202.000
6B6/03 42.4575996 -71.5201034 267.00 17.000
6B6/21 42.4648018 -71.5171967 268.00 197.000
6C0/18 42.3340607 -93.1143494 977.00 180.000
6C0/36 42.3258438 -93.1142731 972.00 0.000
6D3/12 47.9832993 -99.5323029 1594.00 130.000
6D3/30 47.9776001 -99.5223999 1595.00 310.000
6D7/23 41.2200746 -83.8737240 706.00 264.000
6D7/27 41.2154999 -83.8685989 706.00 230.800
6F1/01 34.7030983 -95.0755005 683.00 19.000
6F1/19 34.7118988 -95.0721970 684.00 199.000
6M8/36 35.5287018 -90.4001007 219.00 189.000
6MU5/19 39.3667440 -93.7776750 803.00 191.000
6P3/27 43.1790958 -89.4471742 934.38 352.000
6R1/07 30.2413006 -92.8356018 18.00 72.000
6R1/25 30.2437000 -92.8274994 18.00 252.000
6R1/09 30.2409992 -92.8331985 18.00 87.000
6R1/27 30.2413006 -92.8263016 18.00 267.000
6TE8/17 33.1775017 -100.1979980 1714.00 180.000
6TE8/35 33.1666985 -100.1979980 1744.00 0.000
70N/23 41.3499980 -75.4130020 1669.00 219.000
71TE/18 30.3827000 -98.3756027 1442.00 185.900
72MI/09 46.2863007 -89.2873993 1642.00 94.000
72MI/27 46.2854004 -89.2677002 1613.00 274.000
72S/02 47.2336006 -117.4250031 2169.00 39.000
72S/20 47.2396011 -117.4179993 2159.00 219.000
72XA/15 29.4894562 -96.0432434 110.00 149.000
72XA/33 29.4838085 -96.0393295 118.00 329.000
73AZ/06 35.2000008 -113.3690033 5043.00 72.700
73MD/18 39.1781006 -76.2425003 25.00 180.000
73MD/36 39.1725006 -76.2425003 15.00 0.000
73S/04 47.2338982 -117.0479965 2520.00 59.000
73S/22 47.2370987 -117.0400009 2520.00 239.000
74TE/18 32.0671005 -97.7947006 952.00 180.000
75XA/14 30.5387897 -95.0870438 287.00 136.000
75XA/32 30.5328808 -95.0803680 264.00 316.000
79KY/09 37.8716097 -84.6181798 904.33 93.600
7A9/18 32.0931015 -84.3723984 525.00 181.000
7A9/36 32.0842018 -84.3725967 524.00 1.000
7AR8/18 34.6693993 -91.1764984 180.00 182.000
7AR8/36 34.6608009 -91.1768036 180.00 2.000
7C3/18 43.0363998 -91.3464966 1147.00 179.000
7C3/36 43.0290985 -91.3464966 1016.00 359.000
7FL6/06 29.0771964 -81.0506839 23.08 50.000
7M6/03 35.2961006 -93.6845016 430.00 39.000
7M6/21 35.3018990 -93.6788025 430.00 219.000
7M7/18 36.3801910 -90.1661987 274.78 180.000
7M7/36 36.3746986 -90.1662979 274.00 0.000
7N6/17 48.6282005 -103.9250031 2145.00 180.000
7N6/35 48.6211014 -103.9250031 2145.00 0.000
7N7/07 39.7342476 -75.4008680 37.75 63.000
7N7/25 39.7370987 -75.3938980 35.00 243.000
7NC5/04 35.9300119 -78.2454111 233.36 40.000
7NC5/22 35.9338120 -78.2432210 250.00 220.000
7Q7/30 43.5584984 -100.7389984 2151.00 344.300
7S3/02 45.4258521 -122.9451182 170.00 5.000
7S3/20 45.4309082 -122.9397812 170.00 319.000
7TX0/17 33.8334007 -98.5727997 982.00 180.000
7TX0/35 33.8230019 -98.5727997 982.00 0.000
7W7/36 40.7168480 -86.6169003 709.44 285.500
7Y2/27 44.5181826 -85.9714966 793.00 0.000
7Y2/35 44.5151098 -85.9736285 793.00 338.800
7Y3/33 46.8222008 -94.5053024 1346.00 323.700
80G/10 40.2473801 -81.7387179 844.00 77.000
80G/28 40.2486000 -81.7315979 844.00 257.000
80XA/21 32.4891434 -95.9534607 485.00 209.000
81D/16 29.2679005 -95.4141998 34.00 163.000
81D/34 29.2619991 -95.4121017 30.00 343.000
81D/17 29.2679996 -95.4121017 34.00 178.000
81D/35 29.2619991 -95.4117966 30.00 358.000
82IS/13 42.1460991 -88.4069977 880.00 134.100
82IS/31 42.1400986 -88.3986969 880.00 193.000
88C/27 42.8835983 -88.5934982 850.00 322.300
88G/27 41.9202683 -83.7311654 673.00 318.000
88NV/23R 40.7610960 -119.2129070 3907.00 240.000
88NV/23L 40.7630460 -119.2001920 3908.00 240.000
88WS/27 42.9309349 -89.6230698 916.00 272.000
88XA/18 33.3403320 -96.4802246 577.00 180.000
88XA/36 33.3345566 -96.4802246 577.00 0.000
89D/27 41.6031990 -82.6793976 598.00 216.000
89D/18 41.6053009 -82.6856003 598.00 180.000
89D/36 41.5990982 -82.6856003 598.00 315.000
89TS/18 31.5741997 -95.7667007 215.00 180.000
89TS/36 31.5594195 -95.7677775 215.00 253.000
8A7/09 35.9147987 -80.4617996 773.00 88.000
8A7/27 35.9151001 -80.4518967 818.00 268.000
8CA8/17 38.0721016 -121.2070007 56.00 181.000
8CA8/35 38.0619438 -121.2082547 53.22 197.000
8D4/07 43.1249008 -85.6858978 775.00 63.000
8D4/25 43.1300011 -85.6725006 775.00 243.000
8D6/32 45.9067001 -101.3389969 2246.00 0.000
8D9/31 44.0306015 -97.5317001 1582.00 5.700
8FA1/27 30.0529995 -82.2386017 123.00 269.000
8GA1/06 33.4218215 -85.1607334 1070.00 57.000
8GA1/24 33.4212990 -85.1616974 1070.00 237.000
8I1/27 38.6950270 -85.1958307 480.85 318.200
8I3/36 40.4256998 -86.2018399 840.00 317.000
8IA8/12 41.4529724 -91.6182251 710.00 124.000
8IA8/30 41.4543839 -91.6164017 710.00 304.000
8K5/17 37.8587990 -95.7477036 1112.00 180.000
8K5/35 37.8512993 -95.7477036 1130.00 330.000
8M2/01 35.5871010 -90.9142990 245.00 9.000
8M2/19 35.5933990 -90.9131012 245.00 189.000
8M6/13 47.7728996 -98.1894989 1461.00 145.000
8M6/31 47.7678986 -98.1843033 1463.00 325.000
8W3/03 47.8072014 -119.6409988 2272.00 52.000
8W3/21 47.8115005 -119.6330032 2272.00 232.000
8WY6/17 43.9319000 -107.2975006 4812.00 162.000
8WY6/35 43.9221992 -107.2917023 4857.00 342.000
8XS8/17L 33.5989990 -102.0380020 3330.00 179.000
8XS8/17R 33.6132011 -102.0419998 3333.00 180.000
8XS8/35L 33.5843010 -102.0419998 3326.00 0.000
90TT/12 29.6855000 -97.2581390 369.00 120.000
90TT/30 29.6800000 -97.2472220 349.00 300.000
91C/36 43.2938003 -89.7555008 820.00 263.200
91N/26 47.5096016 -100.9100037 1910.00 326.100
92C/12 44.6421829 -88.2183839 780.98 114.000
92C/30 44.6398010 -88.2107010 774.00 294.000
92CA/14 36.1201077 -119.8924241 191.44 155.000
93AZ/08 32.2247240 -110.0123978 4500.99 90.000
93AZ/26 32.2246770 -109.9999980 4449.00 270.000
93KS/20 39.7835007 -96.0841980 1280.00 187.000
93XA/18 33.5129242 -98.1201935 1069.00 180.000
93XA/36 33.5062599 -98.1202240 1055.00 0.000
95FA/19 30.4036999 -82.9561996 81.00 185.000
98G/24 43.7312453 -83.4605185 584.00 330.000
98G/36 43.7269559 -83.4624171 584.00 326.100
98TS/20 31.5629940 -98.4203690 1672.00 206.000
99CL/04 34.6236000 -117.6050034 2858.00 60.100
99CL/22 34.6286011 -117.5950012 2846.00 197.400
99CL/07 34.6236000 -117.6050034 2858.00 90.000
99CL/25 34.6236000 -117.5950012 2853.00 226.000
99CL/16 34.6286011 -117.5950012 2846.00 178.700
99CL/34 34.6185989 -117.5940018 2865.00 271.000
9A3/27 61.5778008 -159.2059937 205.00 286.000
9FA5/18 29.1933330 -82.0326390 53.00 180.000
9FA5/36 29.1885170 -82.0326390 49.00 0.000
9G0/06 42.8595009 -78.7202988 662.00 48.000
9G0/24 42.8644981 -78.7128982 669.00 228.000
9G1/35 40.5988998 -79.8244019 1055.00 211.500
9G6/10 43.1735992 -78.2796021 653.00 91.000
9G6/28 43.1735120 -78.2706386 667.50 271.000
9I0/27 40.2220001 -90.0188980 499.00 225.900
9IS2/18 40.4860228 -88.2676010 750.27 180.000
9IS2/36 40.4777985 -88.2676010 755.00 0.000
9N3/04 41.5856018 -75.7583008 1184.00 24.000
9N3/22 41.5918999 -75.7546005 1203.00 204.000
9NC0/01 35.7927017 -78.4399033 270.00 8.000
9NC0/19 35.8008995 -78.4382019 313.00 213.000
9NR0/17 36.2200012 -79.1772003 701.00 180.000
9NR0/35 36.2160988 -79.1772003 741.00 0.000
9OA5/01 39.9584184 -82.5408658 905.62 3.000
9OA5/19 39.9650154 -82.5404308 913.42 183.000
9TX5/10 29.7457008 -98.5423966 1168.00 104.300
9TX5/28 29.7432003 -98.5314026 1144.00 316.600
AGGH/06 -9.4317398 160.0449982 28.00 68.000
AGGH/24 -9.4242601 160.0639954 14.00 248.000
AGGM/07 -8.3291798 157.2570038 7.00 78.900
AGGM/25 -8.3267603 157.2689972 9.00 258.900
AGLM/10 -10.2960166 166.3228389 37.06 100.000
AGLM/28 -10.2974834 166.3315711 38.94 280.000
AL-0013/16 41.9065018 19.5911999 19.00 153.000
AL-0013/34 41.8841019 19.6060009 23.00 333.000
ANYN/12 -0.5414140 166.9123903 21.95 121.000
ANYN/30 -0.5532025 166.9251020 20.11 301.000
AR-0513/08 -37.4641685 -58.1869392 208.00 70.000
AR-0513/26 -37.4611092 -58.1830597 204.00 250.000
AR-0736/16 -54.8153992 -68.3044968 17.00 178.900
AR-0736/34 -54.8300018 -68.3040009 20.00 358.900
AR-0744/19 -30.3360996 -66.2921982 1460.00 187.400
AT-0093/16 48.4499974 16.7400014 670.01 160.000
AT-0093/34 48.4502576 16.7398587 690.78 340.000
AU-0324/06 -41.0000000 147.4780000 50.00 151.000
AU-0324/24 -40.9960000 147.4950000 50.00 151.000
AU-0664/16 -33.9058990 150.8509979 135.00 167.000
AU-0664/34 -33.9155998 150.8529968 135.00 347.000
AU-0708/07 -32.4287492 139.9991741 1194.00 73.000
AU-0708/25 -32.4266378 140.0130439 1194.00 253.000
AXO/03 -8.2483902 124.2170029 37.00 26.000
AXO/21 -8.2411098 124.2210007 54.00 206.000
AYBK/04 -5.4270101 154.6670074 11.00 48.000
AYBK/22 -5.4175100 154.6779938 9.00 228.000
AYCH/03 -6.0275502 144.9680023 4974.00 35.600
AYCH/21 -6.0202098 144.9739990 4974.00 215.600
AYDU/14 -9.0822897 143.2030029 13.00 135.000
AYDU/32 -9.0912199 143.2120056 19.00 315.000
AYGA/17L -6.0749602 145.3919983 5199.00 176.000
AYGA/35R -6.0862498 145.3930054 5199.00 356.000
AYGA/17R -6.0753198 145.3910065 5199.00 176.000
AYGA/35L -6.0902300 145.3919983 5199.00 356.000
AYGN/09 -10.3100004 150.3260040 65.00 101.300
AYGN/27 -10.3129997 150.3410034 65.00 281.300
AYGR/03 -8.8104897 148.3040009 310.00 38.100
AYGR/21 -8.7986002 148.3139954 252.00 218.100
AYHK/12 -5.4582339 150.4013378 25.20 133.000
AYHK/30 -5.4694691 150.4131472 93.80 313.000
AYKM/14 -7.9600000 145.7689972 8.00 146.000
AYKM/32 -7.9669399 145.7740021 9.00 326.000
AYKV/12 -2.5749800 150.8020020 13.00 124.900
AYKV/30 -2.5838101 150.8139954 7.00 304.900
AYLE/02 -5.2216001 151.3919983 1600.00 29.000
AYLE/20 -5.2168999 151.3950043 1450.00 209.000
AYMD/07 -5.2087846 145.7825427 19.48 75.000
AYMD/25 -5.2052398 145.7960052 7.00 255.000
AYMH/08 -5.8270327 144.2935400 5363.00 85.000
AYMH/26 -5.8261970 144.3024530 5363.00 265.000
AYMH/12 -5.8237600 144.2910004 5363.00 121.000
AYMH/30 -5.8339801 144.3079987 5363.00 301.000
AYMN/17 -6.1417098 143.6560059 5695.00 172.800
AYMN/35 -6.1537700 143.6580048 5665.00 352.800
AYMO/16 -2.0539300 147.4210052 4.00 161.000
AYMO/34 -2.0693694 147.4268260 7.87 341.000
AYNZ/09 -6.5688700 146.7149960 239.00 95.000
AYNZ/27 -6.5707800 146.7370000 216.00 275.000
AYPY/14L -9.4308701 147.2140045 103.00 148.400
AYPY/32R -9.4520998 147.2270050 128.00 328.400
AYPY/14R -9.4347095 147.2129974 104.00 142.000
AYPY/32L -9.4506302 147.2230072 129.00 322.000
AYTK/10 -4.3382201 152.3719940 15.00 106.000
AYTK/28 -4.3426199 152.3869934 50.00 286.000
AYVN/12 -2.6884304 141.2979641 11.88 130.000
AYVN/30 -2.6977601 141.3090057 22.00 310.000
AYWD/14 -5.6380701 143.8910065 5889.00 139.000
AYWD/32 -5.6480356 143.8995620 5889.00 319.000
AYWK/10 -3.5820999 143.6620026 16.00 103.900
AYWK/28 -3.5855601 143.6759949 19.00 283.900
B10/20 44.4129982 -70.1455002 324.00 211.400
BA-0003/01 44.8441127 18.7610252 337.00 10.000
BA-0003/19 44.8483051 18.7627139 337.00 190.000
BGBW/06 61.1544000 -45.4369010 11.00 41.000
BGBW/24 61.1666980 -45.4150010 112.00 221.000
BGCO/18 70.7454758 -22.6534996 45.00 157.000
BGCO/36 70.7371674 -22.6430283 9.00 337.000
BGSF/09 67.0056000 -50.7430992 100.00 61.600
BGSF/27 67.0176010 -50.6864014 165.00 241.600
BGSS/13 66.9522018 -53.7380981 33.00 103.000
BGSS/31 66.9504013 -53.7205009 17.00 283.000
BIAR/01 65.6562454 -18.0701282 6.89 356.000
BIAR/19 65.6658546 -18.0737717 5.11 176.000
BIBD/04 65.6373980 -23.5512010 11.00 28.000
BIBD/22 65.6453020 -23.5411000 26.00 208.000
BIEG/03 65.2758441 -14.4098096 76.00 25.000
BIEG/21 65.2895549 -14.3941911 76.00 205.000
BIGR/17 66.5503920 -18.0213090 81.00 160.000
BIGR/35 66.5417250 -18.0133230 75.00 340.000
BIHN/18 64.3022000 -15.2308000 24.00 168.000
BIHN/36 64.2891010 -15.2239000 7.00 348.000
BIHU/02 65.9452970 -17.4295010 48.00 12.000
BIHU/20 65.9592970 -17.4224000 45.00 192.000
BIIS/07 66.0550990 -23.1486000 8.00 62.000
BIIS/25 66.0609970 -23.1215990 8.00 242.000
BIKF/01 63.9644870 -22.6054280 135.00 14.000
BIKF/19 63.9918600 -22.6054070 161.00 194.000
BIKF/10 63.9850260 -22.6549770 109.00 104.000
BIKF/28 63.9850310 -22.5923650 168.00 284.000
BIKR/01 65.7232666 -19.5696106 8.00 351.000
BIKR/19 65.7399826 -19.5760803 8.00 171.000
BIPA/14 65.5591965 -23.9790993 11.00 119.100
BIPA/32 65.5531006 -23.9526005 11.00 299.100
BIRK/01 64.1227202 -21.9363430 23.31 355.000
BIRK/19 64.1360020 -21.9389000 29.00 175.000
BIRK/13 64.1324997 -21.9554005 17.00 117.000
BIRK/31 64.1278667 -21.9338914 36.89 297.000
BISI/06 66.1315471 -18.9207723 10.00 43.000
BISI/24 66.1369020 -18.9085010 10.00 223.000
BITN/01 66.2130970 -15.3363000 51.00 3.000
BITN/19 66.2238010 -15.3350000 64.00 183.000
BIVM/03 63.4208340 -20.2824990 291.00 19.000
BIVM/21 63.4305570 -20.2750000 299.00 199.000
BIVM/12 63.4263880 -20.2875000 298.00 110.000
BIVM/30 63.4225010 -20.2649990 326.00 290.000
BKPR/17 42.5853348 21.0345993 1789.00 176.000
BKPR/35 42.5580368 21.0373745 1786.00 356.000
BR-0039/16 -18.7845803 -50.9389718 1737.83 138.000
BR-0039/34 -18.7891637 -50.9346659 1710.54 318.000
BR-0569/15 -14.9022999 -40.9225998 2933.00 126.000
BR-0569/33 -14.9134998 -40.9070015 2917.00 306.000
BR-0741/14 -16.8195810 -49.0495780 2366.00 122.000
BR-0741/32 -16.8262590 -49.0385370 2449.00 302.000
BR-0856/18 -7.8395350 -34.8936370 5.00 159.000
BR-0856/36 -7.8492092 -34.8899642 19.75 339.000
BR-1400/16 -7.0430297 -34.9157489 238.10 139.000
BR-1400/34 -7.0495578 -34.9100235 198.27 319.000
BR-1526/11 -16.7341003 -55.7425995 501.00 94.000
BR-1526/29 -16.7348003 -55.7327995 474.00 274.000
BR-1655/10 -2.5044590 -43.4393740 49.00 76.000
BR-1655/28 -2.5035910 -43.4354730 23.00 256.000
BR-1699/03 -10.9294413 -69.5590494 950.00 22.000
BR-1699/21 -10.9194990 -69.5548990 950.00 202.000
BR-1941/08 -22.5289990 -52.9785000 1060.00 60.000
BR-1941/26 -22.5221000 -52.9659000 1052.00 240.000
BR-1962/11 -20.7766991 -51.5727997 1159.00 93.200
BR-1962/29 -20.7775002 -51.5567017 1169.00 273.200
BR-2152/08 -14.8128469 -39.2943128 198.87 56.000
BR-2152/26 -14.8086362 -39.2878215 195.28 236.000
BR-2489/14 -15.8206997 -58.5563011 680.00 124.000
BR-2489/32 -15.8268003 -58.5470009 654.00 304.000
BR-2776/16 -17.0629997 -45.4524002 1798.00 142.000
BR-2776/34 -17.0757008 -45.4425011 1785.00 322.000
BW-0022/17 -26.3220005 22.0921001 3179.00 151.000
BW-0022/35 -26.3299999 22.0970993 3173.00 331.000
BW-0030/13 -19.4660056 23.3746931 3100.00 130.000
BW-0030/31 -19.4683514 23.3821719 3100.00 310.000
BY-0022/07 53.6864014 27.3236694 690.00 77.000
BY-0022/25 53.6912498 27.3584003 672.00 257.000
BZ-0008/08 16.6824349 -88.3595108 43.24 76.000
BZ-0008/26 16.6875906 -88.3382770 48.79 256.000
C00/35 41.2453003 -90.7368011 719.00 305.000
C25/11 42.7430992 -92.5129013 992.00 107.000
C25/29 42.7407989 -92.5028992 983.00 287.000
C37/27 42.5971985 -89.3795013 793.00 315.000
C40/27 40.7136621 -85.2417781 844.77 206.000
C40/36 40.7131698 -85.2496717 844.53 322.700
C44/35 41.9536018 -72.0526962 756.00 287.000
C45/04 40.4865340 -89.7792363 495.38 25.000
C45/22 40.4918871 -89.7758823 500.03 205.000
C45/18 40.4900818 -89.7789001 495.68 180.000
C45/36 40.4862194 -89.7789993 495.04 0.000
C55/27 42.0373001 -89.3883972 920.00 0.000
C56/09 41.3773990 -87.6889040 790.00 89.000
C56/27 41.3774918 -87.6711525 772.54 269.000
C59/18 42.6393277 -88.6005068 978.13 185.000
C59/36 42.6289206 -88.6017016 967.81 5.000
C66/02 40.9261017 -90.6332016 753.00 23.000
C66/20 40.9333992 -90.6289978 748.00 203.000
C82/36 41.7602765 -89.1018175 769.00 359.100
C86/36 42.3749515 -89.5653087 948.45 229.000
C89/26R 42.7038994 -87.9546967 770.00 263.000
C89/26L 42.7038752 -87.9552688 772.05 297.000
C92/36 41.1431999 -86.0643997 859.00 0.000
C97/18 41.2327774 -87.5076981 667.98 180.000
C97/36 41.2260017 -87.5076981 650.00 0.000
C98/36 41.1450996 -87.4602966 644.00 270.500
CA-1043/12 59.0656129 -118.8942810 1241.12 143.000
CA-1043/30 59.0573882 -118.8817122 1225.88 323.000
CA-1108/03 43.8574982 -79.3708344 624.00 33.000
CA-1108/21 43.8644447 -79.3672256 649.00 213.000
CA-1108/15 43.8643990 -79.3732986 640.00 142.000
CA-1108/33 43.8555984 -79.3638992 638.00 322.000
CA-1110/12 53.5761660 -113.5255382 2197.55 138.200
CA-1110/30 53.5680187 -113.5136417 2185.63 318.200
CA62/10 35.7214012 -120.7730026 904.00 112.800
CA62/28 35.7168999 -120.7630005 876.00 292.800
CA73/16 39.0999985 -121.7160034 42.00 178.600
CA73/34 39.0914001 -121.7160034 41.00 315.000
CA92/17 39.7135285 -121.6160239 1337.94 181.000
CA92/35 39.7064018 -121.6169968 1283.00 1.000
CAJ3/15 49.0421982 -116.5000000 2070.00 168.300
CAJ3/33 49.0317001 -116.4970016 2070.00 348.300
CAJ4/13 52.4570007 -125.3079987 3615.00 146.900
CAJ4/31 52.4480019 -125.2979965 3635.00 326.900
CAT4/11 49.3394805 -124.3983172 188.05 126.800
CAT4/29 49.3347713 -124.3887617 171.33 306.800
CBBC/13 52.1893997 -128.1609955 141.00 151.000
CBBC/31 52.1805992 -128.1529999 103.00 331.000
CBQ8/02 55.0634003 -128.2389984 515.00 44.000
CBQ8/20 55.0679292 -128.2314885 530.10 224.000
CBS8/12 49.3259010 -124.9369965 247.00 135.300
CBS8/30 49.3181992 -124.9250031 229.00 315.300
CBX7/01 55.0208015 -120.9410019 3075.00 33.000
CBX7/19 55.0299988 -120.9309998 3075.00 213.000
CCC2/15 47.1397018 -55.3339005 151.00 127.800
CCC2/33 47.1347008 -55.3244019 143.00 307.800
CCE3/02 46.5572014 -67.1679993 836.00 357.000
CCE3/20 46.5681992 -67.1688004 837.00 177.000
CCN2/06 44.7103004 -66.8003006 238.00 42.000
CCN2/24 44.7164001 -66.7925034 221.00 222.000
CCP2/07 49.0519981 -55.4534988 365.00 41.000
CCP2/25 49.0601997 -55.4425011 350.00 221.000
CCQ3/05 45.4174004 -63.4669991 134.00 27.000
CCQ3/23 45.4247017 -63.4617004 134.00 207.000
CCQ3/09 45.4138680 -63.4705658 142.00 75.500
CCQ3/27 45.4178734 -63.4519997 142.00 255.500
CCQ3/16 45.4242666 -63.4690179 130.50 139.000
CCQ3/34 45.4150010 -63.4575000 135.00 319.000
CCR3/18 46.4331017 -67.6317978 505.00 159.000
CCR3/36 46.4192009 -67.6240997 454.00 339.000
CCS3/14 45.2094002 -67.2556000 100.00 119.900
CCS3/32 45.2052994 -67.2453003 100.00 299.900
CCS4/09 46.1469002 -65.9116974 58.00 72.000
CCS4/27 46.1502991 -65.8965988 64.00 252.000
CCW3/10 45.0511017 -64.6585999 119.00 77.000
CCW3/28 45.0532990 -64.6453018 106.00 257.000
CCZ3/08 48.2714996 -53.9304008 171.00 54.000
CCZ3/26 48.2779007 -53.9174004 199.00 234.000
CD-0042/05 -5.9263902 12.4384003 394.00 45.000
CD-0042/23 -5.9111099 12.4538002 394.00 225.000
CDA4/12 47.7174990 -64.8882980 68.00 105.000
CDA4/30 47.7153020 -64.8766020 68.00 285.000
CDA5/18 47.7775002 -59.3149986 65.00 160.200
CDA5/36 47.7696991 -59.3107986 23.00 340.200
CDJ4/14 46.7155991 -66.8355026 1300.00 116.000
CDJ4/32 46.7108994 -66.8211975 1300.00 296.000
CDT5/09 46.5074005 -64.7033005 57.00 73.100
CDT5/27 46.5113983 -64.6843033 25.00 253.100
CDU6/11 46.5528984 -66.1017990 315.00 95.000
CDU6/29 46.5519981 -66.0859985 325.00 275.000
CDV2/05 47.7489014 -67.4302979 857.00 31.900
CDV2/23 47.7582016 -67.4216995 883.00 211.900
CDY3/10 49.6567990 -54.2438010 76.00 81.000
CDY3/28 49.6581000 -54.2312010 74.00 261.000
CEC4/02 53.3143997 -117.7590027 4025.00 39.000
CEC4/20 53.3232592 -117.7478681 4007.33 219.000
CEF4/12 51.2689018 -113.9420013 3653.00 137.500
CEF4/30 51.2608214 -113.9299613 3650.60 317.500
CEG4/17 51.5014000 -112.7490010 2597.00 180.000
CEG4/35 51.4919010 -112.7490010 2597.00 0.000
CEH6/12 52.3410427 -110.2831729 2186.27 133.800
CEH6/30 52.3341293 -110.2702405 2196.00 313.800
CEM4/04 52.0792007 -114.0360031 3015.00 62.000
CEM4/22 52.0830994 -114.0240021 2992.00 242.000
CEM4/10 52.0780983 -114.0360031 3015.00 118.000
CEM4/28 52.0741997 -114.0240021 3007.00 298.000
CEM4/16 52.0828018 -114.0230026 3005.00 180.000
CEM4/34 52.0744019 -114.0230026 2992.00 0.000
CEM5/10 54.6741982 -115.4229965 3473.00 124.000
CEM5/28 54.6671982 -115.4059982 3473.00 304.000
CEN4/07 50.5337260 -113.8473360 3425.00 80.000
CEN4/25 50.5351070 -113.8346410 3429.00 260.000
CEN4/15 50.5360980 -113.8379970 3412.00 159.000
CEN4/33 50.5285990 -113.8340000 3447.00 339.000
CEQ3/14 53.0420073 -112.8166013 2419.09 154.000
CEQ3/32 53.0313990 -112.8079990 2421.00 334.000
CEX3/12 52.9692001 -113.4189987 2508.00 134.000
CEX3/30 52.9625805 -113.4071702 2498.02 314.000
CFF7/11 52.8358476 -110.9054925 2159.19 128.000
CFF7/29 52.8292007 -110.8909988 2160.00 308.000
CFH4/15 45.8739014 -63.4688988 52.00 126.000
CFH4/33 45.8661003 -63.4533997 62.00 306.000
CFN7/15 51.7803001 -114.6814651 3663.00 157.000
CFN7/33 51.7690010 -114.6760025 3656.00 337.000
CFS5/06 55.7832985 -118.8470001 2044.00 88.000
CFS5/24 55.7835999 -118.8320007 2044.00 268.000
CFT8/07 56.1609001 -113.4830017 2021.00 90.600
CFT8/25 56.1608009 -113.4639969 2059.00 270.600
CFX4/07 56.9508018 -117.6579971 1612.00 90.000
CFX4/25 56.9508018 -117.6299973 1577.00 270.000
CJC5/12 49.6608009 -108.4110031 3020.00 134.000
CJC5/30 49.6549988 -108.4020004 3028.00 314.000
CJE3/06 49.6988983 -103.8059998 1922.00 72.300
CJE3/24 49.7014008 -103.7939987 1934.00 252.300
CJE3/12 49.7010002 -103.8079987 1925.00 132.400
CJE3/30 49.6935997 -103.7949982 1926.00 312.400
CJJ/15 43.3689003 -92.1354980 1279.00 154.000
CJJ/33 43.3616982 -92.1306992 1265.00 334.000
CJJ4/08 49.1507988 -100.5070038 1672.00 90.000
CJJ4/26 49.1507988 -100.4899979 1684.00 270.000
CJQ3/10 49.6455994 -102.2919998 2074.00 112.000
CJQ3/28 49.6423988 -102.2799988 2070.00 292.000
CJQ4/06 49.8944020 -109.4810030 2519.00 73.000
CJQ4/24 49.8969000 -109.4690020 2517.00 253.000
CJS4/13 50.4375610 -105.3921510 1904.00 135.000
CJS4/31 50.4298060 -105.3800280 1902.00 315.000
CJY3/14 52.8396988 -104.0709991 1516.00 143.000
CJY3/32 52.8333015 -104.0619965 1514.00 323.000
CJZ3/08 52.8644714 -104.7077866 1495.00 90.000
CJZ3/26 52.8644600 -104.6940842 1488.00 270.000
CKD5/10 50.0999980 -102.6129990 2154.00 104.000
CKD5/28 50.0978010 -102.5999980 2152.00 284.000
CKK7/07 49.4969670 -96.7026670 879.00 75.000
CKK7/25 49.4982340 -96.6951980 876.00 255.000
CKK7/18 49.4982410 -96.6978760 881.00 179.000
CKK7/36 49.4897160 -96.6976390 888.00 359.000
CLM2/01 42.0230256 -82.5254757 576.00 3.000
CLM2/19 42.0276032 -82.5244829 576.00 183.000
CMT/10 -2.2472617 -49.5644513 64.80 86.000
CMT/28 -2.2465383 -49.5557460 79.20 266.000
CN-0036/04 23.4183006 116.7539978 19.00 39.000
CN-0036/22 23.4358006 116.7699966 10.00 219.000
CN-0157/18 48.3958015 124.4300003 690.00 171.000
CN-0157/36 48.3820992 124.4329987 704.00 351.000
CN-0164/17 36.2809982 120.3700027 33.00 166.000
CN-0164/35 36.2512016 120.3789978 33.00 346.000
CN-0443/04 37.3909988 121.3610001 52.00 38.000
CN-0443/22 37.4095993 121.3789978 52.00 218.000
CN13/27 38.4424019 -121.5049973 14.00 0.000
CNA3/07 44.4084437 -79.7302730 960.52 58.000
CNA3/25 44.4111093 -79.7242531 951.95 238.000
CNC3/08 43.7582682 -79.8787204 925.16 71.000
CNC3/26 43.7602997 -79.8705978 915.00 251.000
CNC3/15 43.7641980 -79.8778000 936.00 141.000
CNC3/33 43.7566990 -79.8694000 909.00 321.000
CNE4/07 48.7388992 -80.7964020 994.00 59.200
CNE4/25 48.7425003 -80.7872009 1006.00 239.200
CNE4/14 48.7428017 -80.8003006 995.00 129.000
CNE4/32 48.7358017 -80.7872009 1002.00 309.000
CNE4/18 48.7463989 -80.7957993 1002.00 168.000
CNE4/36 48.7386017 -80.7932968 996.00 348.000
CNF4/03 44.3606737 -78.7803861 882.00 9.000
CNF4/21 44.3669010 -78.7789000 882.00 189.000
CNF4/13 44.3666000 -78.7898026 882.00 119.000
CNF4/31 44.3624306 -78.7778854 882.00 299.000
CNK4/17 45.2619020 -79.8321990 818.00 158.000
CNK4/35 45.2517010 -79.8264010 831.00 338.000
CNL3/04 44.6341019 -75.7545013 393.00 30.000
CNL3/22 44.6447983 -75.7457962 393.00 210.000
CNL3/16 44.6425018 -75.7510986 398.00 146.000
CNL3/34 44.6375008 -75.7463989 396.00 326.000
CNP3/10 45.4089012 -76.3728027 353.00 85.600
CNP3/28 45.4096985 -76.3574982 345.00 265.600
CNP3/16 45.4152985 -76.3681030 348.00 146.300
CNP3/34 45.4094009 -76.3628006 349.00 326.300
CNQ3/05 42.9753000 -79.3283000 582.00 40.000
CNQ3/23 42.9828000 -79.3197020 585.00 220.000
CNQ3/16 42.9796980 -79.3238980 584.00 140.000
CNQ3/34 42.9744000 -79.3178020 579.00 320.000
CNQ4/08 42.9221992 -80.7566986 894.00 66.000
CNQ4/26 42.9275017 -80.7435989 878.00 246.000
CNV8/13 44.4405210 -79.9723130 711.00 118.000
CNV8/31 44.4355320 -79.9589540 711.00 298.000
CNY3/01 44.4446983 -80.1647034 727.00 8.000
CNY3/19 44.4516983 -80.1632996 713.00 188.000
CNY3/13 44.4517059 -80.1675873 718.00 120.000
CNY3/31 44.4452553 -80.1508789 730.00 300.000
CNZ8/04 43.1567000 -79.6018980 640.00 46.000
CNZ8/22 43.1633000 -79.5963970 630.00 226.000
CO-0054/07 11.4932003 -72.9992981 25.00 61.000
CO-0054/25 11.5043001 -72.9791031 21.00 241.000
CO00/14 39.2860985 -103.0729980 4945.00 155.000
CO12/12 39.9864006 -104.7099991 5055.00 131.700
CO15/35 39.2195015 -104.6399994 7040.00 359.000
CO55/34 40.5918007 -105.1419983 5160.00 359.200
CO80/04 38.0694008 -104.0490036 4424.00 47.200
CO80/22 38.0755997 -104.0410004 4404.00 0.000
CO80/12 38.0750008 -104.0490036 4394.00 129.100
CO80/30 38.0699997 -104.0410004 4428.00 196.600
CPF2/11 46.4275017 -84.0960999 591.00 102.000
CPF2/29 46.4263132 -84.0885000 591.00 282.000
CPF2/18 46.4275017 -84.0960999 585.00 172.700
CPF2/36 46.4155998 -84.0939026 585.00 352.700
CPR7/13 43.8708000 -81.3047028 1056.00 121.000
CPR7/31 43.8652992 -81.2919006 1062.00 301.000
CPZ3/06R 44.0647011 -77.3450012 360.00 48.000
CPZ3/24L 44.0738983 -77.3308029 360.00 228.000
CSC3/06 45.8415830 -72.4001310 365.00 44.000
CSC3/24 45.8498270 -72.3900530 353.00 224.000
CSD4/08 46.5673305 -75.5683755 814.70 65.200
CSD4/26 46.5717010 -75.5546036 809.00 245.200
CSE4/10 45.6387738 -74.3747206 218.53 98.700
CSE4/28 45.6400559 -74.3635076 210.58 278.700
CSH4/15 49.0339012 -77.0223999 960.00 136.500
CSH4/33 49.0265007 -77.0118027 946.00 316.500
CSL3/16 46.6231003 -72.6339035 427.00 143.900
CSL3/34 46.6185989 -72.6292038 427.00 323.900
CSM3/06 46.0471992 -71.2632980 1407.00 43.700
CSM3/24 46.0560989 -71.2510986 1384.00 223.700
CSR3/06 46.1054690 -71.9392470 470.00 45.000
CSR3/24 46.1163670 -71.9240800 486.00 225.000
CSR8/18 48.9233017 -79.1813965 1048.00 163.300
CSR8/36 48.9110985 -79.1757965 1045.00 343.300
CSU3/02 45.6011465 -73.0145872 116.89 4.000
CSU3/20 45.6102980 -73.0136030 116.00 184.000
CTA4/10 47.4492989 -79.4271011 772.00 90.000
CTA4/28 47.4492989 -79.4088974 820.00 270.000
CTG3/08 48.3810010 -64.5718990 63.00 65.000
CTG3/26 48.3856010 -64.5569990 82.00 245.000
CTT5/11 50.2598990 -60.6824000 90.00 93.000
CTT5/29 50.2593000 -60.6656000 90.00 273.000
CYAB/13 73.0096893 -85.0618286 70.00 128.000
CYAB/31 73.0030899 -85.0328140 70.00 308.000
CYAG/03 48.6528015 -93.4452972 1120.00 34.800
CYAG/21 48.6585999 -93.4392014 1125.00 214.800
CYAG/12 48.6580009 -93.4480972 1123.00 126.000
CYAG/30 48.6507988 -93.4329987 1119.00 306.000
CYAM/04 46.4777985 -84.5152969 612.00 33.500
CYAM/22 46.4916992 -84.5018997 630.00 213.500
CYAM/12 46.4860077 -84.5208817 612.00 107.800
CYAM/30 46.4809685 -84.4982224 612.00 287.800
CYAU/07 44.2271004 -64.8621979 317.00 53.900
CYAU/25 44.2335014 -64.8499985 314.00 233.900
CYAV/04 50.0508003 -97.0355988 758.00 46.000
CYAV/22 50.0560989 -97.0269012 760.00 226.000
CYAV/13 50.0614014 -97.0355988 757.00 132.000
CYAV/31 50.0558014 -97.0261002 760.00 312.000
CYAV/18 50.0614014 -97.0367966 755.00 190.000
CYAV/36 50.0535011 -97.0389023 758.00 10.000
CYAY/10 51.3908997 -56.0918007 108.00 80.000
CYAY/28 51.3928986 -56.0745010 88.00 260.000
CYAZ/07 49.0759010 -125.7779853 75.58 90.000
CYAZ/25 49.0759010 -125.7614667 78.72 270.000
CYAZ/11 49.0816948 -125.7813042 78.70 126.000
CYAZ/29 49.0744019 -125.7659988 76.00 306.000
CYAZ/16 49.0888551 -125.7809253 79.96 175.000
CYAZ/34 49.0781776 -125.7793166 79.17 355.000
CYBB/05 68.5299988 -89.8221970 56.00 49.000
CYBB/23 68.5389023 -89.7938995 25.00 229.000
CYBC/10 49.1309013 -68.2195969 70.00 80.500
CYBC/28 49.1335983 -68.1948013 66.00 260.500
CYBE/06 59.5600010 -108.4919970 1024.00 75.000
CYBE/24 59.5628010 -108.4710010 1021.00 255.000
CYBF/08 54.3041990 -110.7539980 1838.00 90.000
CYBF/26 54.3039020 -110.7354073 1838.88 270.000
CYBG/11 48.3328018 -71.0158005 519.00 90.600
CYBG/29 48.3325005 -70.9749985 511.00 270.600
CYBG/18 48.3375015 -70.9963989 520.00 163.400
CYBG/36 48.3218994 -70.9894028 522.00 343.400
CYBL/12 49.9583397 -125.2828140 346.00 137.000
CYBL/30 49.9457436 -125.2632980 297.00 317.000
CYBR/08 49.9071007 -99.9658966 1343.00 90.000
CYBR/26 49.9075012 -99.9383011 1332.00 270.000
CYBR/14 49.9135017 -99.9488983 1337.00 150.000
CYBR/32 49.9065018 -99.9421997 1331.00 330.000
CYBW/08 51.1048050 -114.3785324 3935.00 90.000
CYBW/26 51.1048012 -114.3640594 3934.00 270.000
CYBW/17 51.1121674 -114.3787537 3930.00 181.000
CYBW/35 51.0984726 -114.3787308 3940.00 1.000
CYBX/05 51.4365997 -57.1908989 79.00 27.500
CYBX/23 51.4476013 -57.1818008 121.00 207.500
CYCC/10 45.0922012 -74.5699997 171.00 83.300
CYCC/28 45.0932999 -74.5567017 168.00 263.300
CYCD/16 49.0586604 -123.8700171 75.51 181.000
CYCD/34 49.0482479 -123.8699296 89.42 1.000
CYCE/10 43.2831001 -81.5180969 819.00 91.000
CYCE/28 43.2827988 -81.4991989 824.00 271.000
CYCE/16 43.2907982 -81.5093994 822.00 151.000
CYCE/34 43.2803001 -81.5014038 824.00 331.000
CYCG/15 49.3033981 -117.6350021 1615.00 169.000
CYCG/33 49.2891006 -117.6299973 1621.00 349.000
CYCH/09 47.0052986 -65.4604034 108.00 72.000
CYCH/27 47.0102997 -65.4378967 85.00 252.000
CYCK/06 42.3013992 -82.0883026 650.00 44.000
CYCK/24 42.3114014 -82.0755997 650.00 224.000
CYCL/12 47.9925003 -66.3432999 132.00 105.000
CYCL/30 47.9883003 -66.3193970 114.00 285.000
CYCN/13 49.1086006 -81.0218964 840.00 119.200
CYCN/31 49.1025009 -81.0053024 861.00 299.200
CYCQ/05 55.6852989 -121.6370010 2000.00 72.000
CYCQ/23 55.6890984 -121.6159973 2000.00 252.000
CYCW/07 49.1519012 -121.9469986 31.00 81.300
CYCW/25 49.1535988 -121.9309998 28.00 261.300
CYCZ/16 50.3400000 -115.8759990 2637.00 171.000
CYCZ/34 50.3261181 -115.8715528 2655.13 351.000
CYDA/03 64.0385971 -139.1390076 1204.00 49.000
CYDA/21 64.0475006 -139.1159973 1215.00 229.000
CYDB/11 61.3753010 -139.0520020 2647.00 128.000
CYDB/29 61.3669010 -139.0290070 2604.00 308.000
CYDC/04 49.4640007 -120.5179977 2298.00 50.000
CYDC/22 49.4710007 -120.5059967 2288.00 230.000
CYDF/07 49.2052994 -57.4006996 50.00 47.800
CYDF/25 49.2164001 -57.3820992 72.00 227.800
CYDL/02 58.4166985 -130.0440063 2600.00 48.000
CYDL/20 58.4270655 -130.0225523 2600.00 228.000
CYDN/02 51.1013985 -100.0520020 989.00 29.000
CYDN/20 51.1062012 -100.0479965 982.00 209.000
CYDN/08 51.1067009 -100.0579987 988.00 90.000
CYDN/26 51.1067009 -100.0469971 982.00 270.000
CYDN/14 51.1072006 -100.0579987 989.00 150.000
CYDN/32 51.0956001 -100.0469971 998.00 330.000
CYDO/11 48.7789993 -72.3852005 367.00 93.800
CYDO/29 48.7780991 -72.3646011 372.00 273.800
CYDQ/07 55.7411000 -120.1940000 2146.00 85.000
CYDQ/25 55.7421990 -120.1689990 2145.00 265.000
CYEE/16 44.6894798 -79.9333801 770.00 150.000
CYEE/34 44.6801987 -79.9253998 770.00 330.000
CYEG/02 53.3088989 -113.5960007 2322.00 33.900
CYEG/20 53.3342018 -113.5680008 2337.00 213.900
CYEG/12 53.3064003 -113.5950012 2325.00 135.100
CYEG/30 53.2867012 -113.5619965 2372.00 315.100
CYEL/12 46.3535995 -82.5697021 1086.00 112.200
CYEL/30 46.3488998 -82.5531006 1086.00 292.200
CYEM/02 45.8381004 -81.8593979 851.00 11.600
CYEM/20 45.8474998 -81.8566971 869.00 191.600
CYEN/08 49.2079010 -102.9759979 1904.00 90.000
CYEN/26 49.2080002 -102.9550018 1902.00 270.000
CYET/07 53.5789701 -116.4762542 3038.92 91.000
CYET/25 53.5788233 -116.4532306 3021.69 271.000
CYEV/06 68.3031998 -133.5050049 197.00 85.800
CYEV/24 68.3043976 -133.4609985 224.00 265.800
CYEY/14 48.5681000 -78.2577972 1068.00 128.000
CYEY/32 48.5597000 -78.2416992 1048.00 308.000
CYFB/16 63.7649890 -68.5747180 110.00 137.000
CYFB/34 63.7481820 -68.5374710 71.00 317.000
CYFC/09 45.8629990 -66.5522995 64.00 70.700
CYFC/27 45.8703003 -66.5224991 57.00 250.700
CYFC/15 45.8744010 -66.5393980 53.00 131.000
CYFC/33 45.8636020 -66.5216980 57.00 311.000
CYFD/05 43.1274567 -80.3467560 807.00 44.000
CYFD/23 43.1375771 -80.3339157 809.00 224.000
CYFD/11 43.1343880 -80.3487778 808.00 99.000
CYFD/29 43.1333237 -80.3390503 813.00 279.000
CYFD/17 43.1341286 -80.3491211 808.00 165.000
CYFD/35 43.1271896 -80.3464661 807.00 345.000
CYFJ/02 46.4019010 -74.7817990 814.00 11.000
CYFJ/20 46.4170000 -74.7777020 827.00 191.000
CYFO/19 54.6847990 -101.6800000 997.00 192.000
CYFO/01 54.6712990 -101.6839980 972.00 12.000
CYFR/13 61.1850010 -113.6969990 524.00 143.000
CYFR/31 61.1781349 -113.6842403 524.84 323.000
CYFS/14 61.7677994 -121.2440033 544.00 156.000
CYFS/32 61.7528000 -121.2300034 550.00 336.000
CYGD/05 43.7639999 -81.7133026 702.00 30.000
CYGD/23 43.7686005 -81.7097015 699.00 210.000
CYGD/10 43.7641983 -81.7117004 702.00 91.900
CYGD/28 43.7639008 -81.7003021 712.00 271.900
CYGD/14 43.7710991 -81.7164001 686.00 122.000
CYGD/32 43.7639008 -81.7003021 709.00 302.000
CYGE/14 51.3041992 -116.9850006 2575.00 161.000
CYGE/32 51.2924995 -116.9779968 2575.00 341.000
CYGH/07 66.2407990 -128.6609950 251.00 92.000
CYGH/25 66.2407990 -128.6410060 265.00 272.000
CYGK/01 44.2191010 -76.6017990 301.00 356.000
CYGK/19 44.2326010 -76.6031040 302.00 176.000
CYGK/07 44.2195549 -76.6014328 301.00 54.000
CYGK/25 44.2255859 -76.5901489 297.00 234.000
CYGL/13 53.6287994 -77.7179031 595.00 113.000
CYGL/31 53.6218987 -77.6903992 639.00 293.000
CYGM/15 50.6361008 -97.0494003 753.00 150.300
CYGM/33 50.6197014 -97.0346985 743.00 330.300
CYGP/10 48.7742386 -64.4930420 108.00 84.000
CYGP/28 48.7757988 -64.4704132 88.00 264.000
CYGQ/08 49.7767070 -86.9486920 1140.00 72.000
CYGQ/26 49.7806740 -86.9284130 1139.00 252.000
CYGR/07 47.4206009 -61.7878990 22.00 53.000
CYGR/25 47.4281006 -61.7734985 12.00 233.000
CYGR/16 47.4294014 -61.7858009 9.00 138.700
CYGR/34 47.4219017 -61.7761002 35.00 318.700
CYGV/08 50.2792015 -63.6199989 109.00 63.000
CYGV/26 50.2846985 -63.6027985 124.00 243.000
CYHB/06 52.8139000 -102.3219990 1178.00 68.000
CYHB/24 52.8194010 -102.3010030 1174.00 248.000
CYHD/12 49.8351050 -92.7551510 1354.00 114.000
CYHD/30 49.8282840 -92.7330154 1352.07 294.000
CYHF/04 49.7089005 -83.6911011 825.00 32.900
CYHF/22 49.7192001 -83.6808014 819.00 212.900
CYHM/06 43.1666985 -79.9347000 771.00 49.000
CYHM/24 43.1776009 -79.9178009 755.00 229.000
CYHM/12 43.1793166 -79.9473504 770.88 107.000
CYHM/30 43.1721990 -79.9175030 765.00 287.000
CYHN/07 49.1906013 -84.7652969 1099.00 59.100
CYHN/25 49.1955986 -84.7525024 1087.00 239.100
CYHR/07 50.4654010 -59.6446000 31.00 76.000
CYHR/25 50.4725000 -59.6287990 39.00 256.000
CYHS/01 44.1528015 -81.0627975 909.00 0.000
CYHS/19 44.1638985 -81.0627975 935.00 180.000
CYHS/09 44.1579449 -81.0662530 919.34 80.700
CYHS/27 44.1588481 -81.0585503 915.24 260.700
CYHU/06L 45.5128100 -73.4259836 86.14 47.000
CYHU/24R 45.5253868 -73.4068604 87.00 227.000
CYHU/06R 45.5113983 -73.4147034 84.00 47.100
CYHU/24L 45.5186005 -73.4036026 88.00 227.200
CYHU/10 45.5107994 -73.4261017 87.00 83.700
CYHU/28 45.5116997 -73.4152985 84.00 263.800
CYHY/05 60.8394012 -115.7890015 536.00 66.000
CYHY/23 60.8438988 -115.7689972 531.00 246.000
CYHY/14 60.8471985 -115.7959976 532.00 154.300
CYHY/32 60.8319016 -115.7829971 542.00 334.300
CYHZ/05 44.8685989 -63.5250015 449.00 35.000
CYHZ/23 44.8874913 -63.5064011 443.21 215.000
CYHZ/14 44.8936005 -63.5182991 435.00 126.000
CYHZ/32 44.8810997 -63.4942017 476.00 306.000
CYIB/04 48.7703018 -91.6433029 1385.00 39.100
CYIB/22 48.7776985 -91.6341019 1408.00 219.100
CYID/06 44.5419006 -65.7909012 460.00 42.700
CYID/24 44.5499001 -65.7806015 499.00 222.700
CYIF/01 51.2053990 -58.6571010 19.00 353.000
CYIF/19 51.2178990 -58.6595990 13.00 173.000
CYIK/07 62.4141998 -77.9332962 103.00 51.000
CYIK/25 62.4202003 -77.9171982 123.00 231.000
CYIV/12 53.8600998 -94.6455994 770.00 123.000
CYIV/30 53.8539009 -94.6455994 770.00 303.000
CYJN/02 45.2907982 -73.2758026 129.00 0.000
CYJN/20 45.2975006 -73.2758026 126.00 180.000
CYJN/06 45.2924995 -73.2846985 133.00 45.100
CYJN/24 45.2977982 -73.2771988 127.00 225.100
CYJN/11 45.2924995 -73.2870603 134.80 90.000
CYJN/29 45.2924995 -73.2738037 128.00 270.000
CYJT/09 48.5402980 -58.5694010 15.00 72.000
CYJT/27 48.5489010 -58.5303000 84.00 252.000
CYKA/05 50.6992000 -120.4430010 1129.00 61.000
CYKA/23 50.7019000 -120.4349980 1129.00 241.000
CYKA/09 50.7038990 -120.4560010 1130.00 103.000
CYKA/27 50.7002980 -120.4310000 1133.00 283.000
CYKD/13 68.2268980 -135.0110020 19.00 156.000
CYKD/31 68.2197040 -135.0010070 20.00 336.000
CYKF/08 43.4579700 -80.3897320 1024.00 75.000
CYKF/26 43.4653020 -80.3667980 1054.00 255.000
CYKF/14 43.4625020 -80.3916020 1027.00 138.000
CYKF/32 43.4555020 -80.3795010 1025.00 318.000
CYKG/14 61.5909960 -71.9380190 517.00 121.000
CYKG/32 61.5859720 -71.9207840 478.00 301.000
CYKL/17 54.8106003 -66.8107986 1688.00 149.000
CYKL/35 54.7989006 -66.7985992 1698.00 329.000
CYKM/05 44.2005997 -81.6031036 766.00 42.300
CYKM/23 44.2047005 -81.5978012 772.00 222.300
CYKM/13 44.2043991 -81.6132965 768.00 121.000
CYKM/31 44.1986008 -81.5999985 768.00 301.000
CYKO/08 60.8163986 -78.1575012 41.00 62.900
CYKO/26 60.8208008 -78.1397018 75.00 242.900
CYKX/08 48.2081985 -79.9899979 1157.00 71.000
CYKX/26 48.2122993 -79.9725037 1136.00 251.000
CYKY/08 51.5182990 -109.1880040 2265.00 90.000
CYKY/26 51.5182990 -109.1729970 2276.00 270.000
CYLB/11 54.7752991 -112.0419998 1884.00 129.000
CYLB/29 54.7653008 -112.0210037 1884.00 309.000
CYLD/05 47.8168983 -83.3566971 1460.00 39.300
CYLD/23 47.8232994 -83.3488998 1447.00 219.300
CYLD/10 47.8218994 -83.3569031 1470.00 92.300
CYLD/28 47.8213997 -83.3367004 1421.00 272.300
CYLJ/09 54.1249008 -108.5339966 1576.00 100.000
CYLJ/27 54.1225014 -108.5110016 1576.00 280.000
CYLL/08 53.3092003 -110.0849991 2193.00 90.000
CYLL/26 53.3092003 -110.0599976 2158.00 270.000
CYLL/11 53.3112984 -110.0910034 2187.00 122.000
CYLS/10 44.4855230 -79.5671080 968.00 89.000
CYLS/28 44.4865345 -79.5453230 955.66 269.000
CYLW/16 49.9628219 -119.3785521 1414.12 175.000
CYLW/34 49.9472936 -119.3761480 1372.29 355.000
CYMA/07 63.6164017 -135.8829956 1653.00 90.000
CYMA/25 63.6164017 -135.8529968 1639.00 270.000
CYME/09 48.8539009 -67.4624023 89.00 71.300
CYME/27 48.8586998 -67.4408035 102.00 251.300
CYMG/05 49.0802994 -85.8656006 1171.00 42.000
CYMG/23 49.0875015 -85.8555984 1198.00 222.000
CYMJ/03 50.3260994 -105.5579987 1891.00 44.000
CYMJ/21 50.3328018 -105.5479965 1873.00 224.000
CYMJ/11L 50.3378983 -105.5749969 1882.00 118.500
CYMJ/29R 50.3269997 -105.5429993 1880.00 298.500
CYMJ/11R 50.3311005 -105.5739975 1891.00 118.000
CYMJ/29L 50.3217010 -105.5459976 1892.00 298.000
CYML/14 47.6011010 -70.2311020 977.00 127.000
CYML/32 47.5938990 -70.2166980 951.00 307.000
CYMM/08 56.6531982 -111.2419968 1205.00 90.000
CYMM/26 56.6531982 -111.2094940 1206.87 270.000
CYMO/06 51.2881012 -80.6089020 26.00 43.000
CYMO/24 51.2961006 -80.5969009 25.00 223.000
CYMO/14 51.2949982 -80.6196976 30.00 127.000
CYMO/32 51.2891998 -80.6074982 26.00 307.000
CYMT/04 49.7640000 -74.5345000 1262.00 28.000
CYMT/22 49.7797010 -74.5215000 1270.00 208.000
CYMW/03 46.2680016 -75.9927979 613.00 17.000
CYMW/21 46.2808990 -75.9871979 656.00 197.000
CYMX/06 45.6704025 -74.0217514 256.00 45.400
CYMX/24 45.6936913 -73.9885635 238.00 225.400
CYMX/11 45.6707993 -74.0899963 247.00 98.200
CYMX/29 45.6660995 -74.0436020 270.00 278.200
CYMY/10 50.7186010 -93.3918990 1269.00 100.000
CYMY/28 50.7167020 -93.3750000 1269.00 280.000
CYNA/14 50.1927986 -61.7977982 35.00 118.000
CYNA/32 50.1869011 -61.7806015 39.00 298.000
CYND/09 45.5195999 -75.5748978 209.00 75.000
CYND/27 45.5237999 -75.5522995 211.00 255.000
CYNM/15 49.7664986 -77.8100967 908.00 134.200
CYNM/33 49.7569008 -77.7948990 918.00 314.200
CYOC/04 67.5664985 -139.8531092 813.49 61.100
CYOC/22 67.5725347 -139.8252632 820.67 241.100
CYOD/04 54.3967018 -110.2850037 1772.00 52.000
CYOD/22 54.4105988 -110.2549973 1767.00 232.000
CYOD/13L 54.4188995 -110.3050003 1772.00 143.000
CYOD/31R 54.3911018 -110.2699966 1775.00 323.000
CYOD/13R 54.4166985 -110.3109970 1771.00 143.000
CYOD/31L 54.3944016 -110.2819977 1773.00 323.000
CYOJ/13 58.6274986 -117.1709976 1109.00 154.000
CYOJ/31 58.6152992 -117.1589966 1098.00 334.000
CYOO/05 43.9197006 -78.8974991 442.00 35.000
CYOO/23 43.9261017 -78.8925018 458.00 215.000
CYOO/12 43.9244000 -78.9039000 459.00 109.000
CYOO/30 43.9207990 -78.8893970 447.00 289.000
CYOP/09 58.4934998 -119.4189987 1759.00 110.000
CYOP/27 58.4892006 -119.3970032 1759.00 290.000
CYOS/18 44.5956001 -80.8388977 1007.00 170.100
CYOS/36 44.5853004 -80.8364029 1004.00 350.100
CYOW/04 45.3272913 -75.6885910 347.02 26.000
CYOW/22 45.3343010 -75.6835022 335.00 206.000
CYOW/07 45.3133011 -75.6709976 373.00 57.200
CYOW/25 45.3251991 -75.6447983 362.00 237.200
CYOW/14 45.3270340 -75.6862411 349.00 126.300
CYOW/32 45.3107910 -75.6549225 371.00 306.300
CYPA/08 53.2179985 -105.6848068 1405.00 91.000
CYPA/26 53.2179985 -105.6614456 1401.00 271.000
CYPA/16 53.2177162 -105.6737289 1402.00 169.900
CYPA/34 53.2107773 -105.6716995 1396.00 349.900
CYPD/11 45.6565018 -61.3781013 334.00 90.000
CYPD/29 45.6565018 -61.3586006 375.00 270.000
CYPE/04 56.2233009 -117.4580002 1873.00 61.400
CYPE/22 56.2299995 -117.4359970 1861.00 241.400
CYPG/02 49.9039001 -98.2692032 869.00 19.000
CYPG/20 49.9117012 -98.2649994 861.00 199.000
CYPG/09 49.9117012 -98.2771988 866.00 89.000
CYPG/27 49.9118996 -98.2664032 861.00 269.000
CYPG/13L 49.9108009 -98.2791977 869.00 134.000
CYPG/31R 49.9049988 -98.2694016 869.00 314.000
CYPG/13R 49.9076996 -98.2845001 878.00 133.000
CYPG/31L 49.8944016 -98.2632980 885.00 313.000
CYPK/08L 49.2192001 -122.7149963 10.00 95.000
CYPK/26R 49.2186012 -122.7050018 9.00 275.000
CYPK/08R 49.2149437 -122.7211780 10.92 96.000
CYPK/26L 49.2136471 -122.7026879 9.07 276.000
CYPK/18 49.2192993 -122.7060013 9.00 202.000
CYPK/36 49.2131004 -122.7089996 9.00 22.000
CYPL/09 51.4464989 -90.2248993 1267.00 90.000
CYPL/27 51.4464989 -90.2033005 1227.00 270.000
CYPN/11 49.8363991 -64.2988968 158.00 90.000
CYPN/29 49.8363991 -64.2782974 158.00 270.000
CYPQ/09 44.2282100 -78.3761520 625.00 76.000
CYPQ/27 44.2328680 -78.3502430 628.00 256.000
CYPR/13 54.2933006 -130.4519958 94.00 151.500
CYPR/31 54.2789001 -130.4380035 116.00 331.500
CYPT/10 41.7805600 -82.6840600 571.00 90.000
CYPT/28 41.7806370 -82.6720000 572.00 270.000
CYPT/19 41.7813990 -82.6742020 571.00 179.000
CYPT/01 41.7753222 -82.6741392 570.16 359.000
CYPU/05 52.1096001 -124.1569977 2985.00 66.900
CYPU/23 52.1161003 -124.1320038 2985.00 246.900
CYPW/09 49.8347015 -124.5059967 366.00 119.000
CYPW/27 49.8323898 -124.4931793 425.00 299.000
CYPX/01 60.0437126 -77.2837448 53.00 343.000
CYPX/19 60.0605125 -77.2914658 74.00 163.000
CYPY/04 58.7627983 -111.1279984 705.00 51.000
CYPY/22 58.7714005 -111.1070023 758.00 231.000
CYPZ/11 54.3815002 -125.9599991 2339.00 136.800
CYPZ/29 54.3713989 -125.9430008 2343.00 316.800
CYQA/18 44.9825466 -79.3077046 910.20 169.000
CYQA/36 44.9686012 -79.3041992 918.00 349.000
CYQB/06 46.7822000 -71.4064030 244.00 44.000
CYQB/24 46.7999740 -71.3810720 217.00 224.000
CYQB/11 46.7887993 -71.4029007 239.00 97.600
CYQB/29 46.7868004 -71.3804016 231.00 277.600
CYQD/13 53.9768982 -101.1009979 887.00 133.000
CYQD/31 53.9658012 -101.0810013 876.00 313.000
CYQF/12 52.1818490 -113.8993166 2967.01 130.000
CYQF/30 52.1761017 -113.8880005 2951.00 310.000
CYQF/17 52.1912003 -113.8929977 2956.00 180.000
CYQF/35 52.1759987 -113.8929977 2959.00 0.000
CYQG/07 42.2744571 -82.9676432 618.69 62.100
CYQG/25 42.2834345 -82.9449429 600.92 242.100
CYQG/12 42.2726275 -82.9686905 621.67 115.500
CYQG/30 42.2675840 -82.9543871 619.19 295.500
CYQH/09 60.1199990 -128.8350070 2244.00 110.000
CYQH/27 60.1150020 -128.8060000 2255.00 290.000
CYQI/06 43.8175011 -66.0975037 135.00 42.100
CYQI/24 43.8297005 -66.0821991 110.00 222.100
CYQI/15 43.8372002 -66.0931015 120.00 133.200
CYQI/33 43.8278008 -66.0792007 103.00 313.200
CYQK/08 49.7865982 -94.3750992 1325.00 77.000
CYQK/26 49.7901001 -94.3513031 1332.00 257.000
CYQL/06 49.6239014 -112.8150024 3047.00 70.000
CYQL/24 49.6299019 -112.7900009 3014.00 250.000
CYQL/13 49.6363983 -112.7990036 3003.00 140.000
CYQL/31 49.6250000 -112.7839966 3016.00 320.000
CYQM/06 46.1059880 -64.6943050 223.00 44.000
CYQM/24 46.1262050 -64.6676640 199.00 224.000
CYQM/11 46.1068420 -64.6943590 222.00 89.000
CYQM/29 46.1078000 -64.6628490 219.00 269.000
CYQN/09 50.1822014 -86.7035980 1057.00 85.000
CYQN/27 50.1831017 -86.6889038 1057.00 265.000
CYQQ/12 49.7206993 -124.9020004 77.00 135.000
CYQQ/30 49.7011986 -124.8720016 84.00 315.000
CYQQ/18 49.7201004 -124.8929977 77.00 202.700
CYQQ/36 49.7075996 -124.9010010 60.00 22.700
CYQR/08 50.4281006 -104.6800003 1893.00 89.000
CYQR/26 50.4282990 -104.6539993 1894.00 269.000
CYQR/13 50.4392014 -104.6709976 1894.00 138.000
CYQR/31 50.4233017 -104.6480026 1894.00 318.000
CYQS/03 42.7661018 -81.1050034 770.00 25.000
CYQS/21 42.7728004 -81.1014023 771.00 205.000
CYQS/09 42.7719994 -81.1192017 778.00 85.000
CYQS/27 42.7736015 -81.1005020 773.00 265.000
CYQS/15 42.7719002 -81.1125031 771.00 145.000
CYQS/33 42.7663994 -81.1063995 774.00 325.000
CYQT/07 48.3700981 -89.3338013 653.00 70.000
CYQT/25 48.3768005 -89.3052979 635.00 250.000
CYQT/12 48.3748016 -89.3380966 652.00 120.000
CYQT/30 48.3671989 -89.3195038 642.00 300.000
CYQU/07 55.1843987 -118.9000015 2194.00 89.400
CYQU/25 55.1843987 -118.8700027 2192.00 269.400
CYQU/12 55.1893267 -118.9032289 2194.67 135.000
CYQU/30 55.1736790 -118.8757170 2188.00 315.000
CYQV/04 51.2606010 -102.4690018 1635.00 44.000
CYQV/22 51.2700005 -102.4550018 1597.00 224.000
CYQV/13 51.2649994 -102.4619980 1608.00 135.000
CYQV/31 51.2592010 -102.4520035 1611.00 315.000
CYQW/06 52.7663994 -108.2529984 1780.00 78.000
CYQW/24 52.7678986 -108.2419968 1791.00 258.000
CYQW/12 52.7743988 -108.2500000 1787.00 139.000
CYQW/30 52.7639008 -108.2350006 1799.00 319.000
CYQX/03 48.9207993 -54.5682983 424.00 11.000
CYQX/21 48.9483986 -54.5601997 454.00 191.000
CYQX/13 48.9533005 -54.5863991 470.00 107.300
CYQX/31 48.9460983 -54.5511017 441.00 287.300
CYQY/06 46.1538010 -60.0611992 194.00 46.000
CYQY/24 46.1671982 -60.0410995 194.00 226.000
CYQY/18 46.1688995 -60.0421982 191.00 164.900
CYQY/36 46.1525002 -60.0358009 188.00 344.900
CYQZ/13 53.0326004 -122.5169983 1789.00 150.000
CYQZ/31 53.0195999 -122.5039978 1783.00 330.000
CYRC/06 48.5194016 -71.0622025 532.00 40.400
CYRC/24 48.5271988 -71.0522003 541.00 220.400
CYRC/12 48.5189819 -71.0626068 531.00 105.500
CYRC/30 48.5147476 -71.0385208 543.00 285.500
CYRC/18 48.5271988 -71.0522003 541.00 161.200
CYRC/36 48.5175018 -71.0472031 538.00 341.200
CYRI/05 47.7574997 -69.5916977 420.00 33.000
CYRI/23 47.7714005 -69.5781021 425.00 213.000
CYRJ/16 48.5256004 -72.2718964 586.00 142.600
CYRJ/34 48.5144005 -72.2592010 560.00 322.600
CYRL/08 51.0657997 -93.8039017 1236.00 80.700
CYRL/26 51.0681000 -93.7822037 1265.00 260.700
CYRM/13 52.4360008 -114.9110031 3227.00 146.000
CYRM/31 52.4235001 -114.8970032 3234.00 326.000
CYRO/09 45.4600478 -75.6481064 184.00 76.000
CYRO/27 45.4613160 -75.6385376 184.00 256.000
CYRP/10 45.3185997 -76.0297012 381.00 84.000
CYRP/28 45.3196983 -76.0147018 381.00 264.000
CYRQ/05 46.3456993 -72.6856003 190.00 31.400
CYRQ/23 46.3597984 -72.6732025 199.00 211.400
CYRV/12 50.9715004 -118.1900024 1457.00 138.000
CYRV/30 50.9624107 -118.1768762 1458.88 318.000
CYSA/05 43.4105988 -80.9400024 1208.00 42.000
CYSA/23 43.4187011 -80.9300988 1208.00 222.000
CYSA/17 43.4192009 -80.9411011 1206.00 162.000
CYSA/35 43.4117012 -80.9377975 1211.00 342.000
CYSB/04 46.6175000 -80.8047030 1129.00 29.000
CYSB/22 46.6333010 -80.7921980 1141.00 209.000
CYSB/12 46.6292000 -80.8075027 1127.00 106.400
CYSB/30 46.6253014 -80.7882996 1141.00 286.400
CYSC/13 45.4425011 -71.7015991 753.00 118.800
CYSC/31 45.4345016 -71.6810989 792.00 298.800
CYSG/06 46.0922653 -70.7207532 860.89 46.100
CYSG/24 46.1012001 -70.7073975 883.00 226.100
CYSH/06 44.9421997 -75.9460983 418.00 50.600
CYSH/24 44.9492912 -75.9349976 415.00 230.600
CYSH/15 44.9466090 -75.9384310 410.00 137.000
CYSH/33 44.9434510 -75.9342880 407.00 317.000
CYSJ/05 45.3025017 -65.8942032 296.00 30.000
CYSJ/23 45.3191986 -65.8806000 304.00 210.000
CYSJ/14 45.3293991 -65.9000015 357.00 121.200
CYSJ/32 45.3222008 -65.8831024 314.00 301.200
CYSL/18 47.1623001 -67.8395004 775.00 156.200
CYSL/36 47.1523018 -67.8330994 788.00 336.200
CYSM/03 60.0217018 -111.9609985 671.00 41.000
CYSM/21 60.0253983 -111.9550018 667.00 221.000
CYSM/12 60.0275002 -111.9729996 666.00 131.000
CYSM/30 60.0167007 -111.9479980 671.00 311.000
CYSN/01 43.1857986 -79.1772003 321.00 358.300
CYSN/19 43.1927986 -79.1774979 321.00 178.300
CYSN/06 43.1879005 -79.1785965 321.00 52.700
CYSN/24 43.1962013 -79.1636963 319.00 232.700
CYSN/11 43.1927986 -79.1781006 321.00 95.800
CYSN/29 43.1921997 -79.1706009 320.00 275.800
CYSP/16 48.7599983 -86.3480988 1035.00 153.200
CYSP/34 48.7510882 -86.3411723 1035.00 333.200
CYSU/05 46.4314000 -63.8428000 48.00 36.000
CYSU/23 46.4492000 -63.8242000 33.00 216.000
CYSZ/14 49.1227989 -66.5363998 41.00 120.000
CYSZ/32 49.1176033 -66.5229663 68.77 300.000
CYTA/17 45.8708000 -77.2556000 528.00 157.000
CYTA/35 45.8581009 -77.2478027 525.00 337.000
CYTF/13 48.5111010 -71.6500020 429.00 114.000
CYTF/31 48.5064010 -71.6339040 445.00 294.000
CYTH/06 55.7964100 -97.8747330 716.00 61.000
CYTH/24 55.8041080 -97.8500820 716.00 241.000
CYTH/15 55.8128510 -97.8664630 729.00 151.000
CYTH/33 55.8006900 -97.8545000 702.00 331.000
CYTN/06 45.6071014 -62.6281013 312.00 46.000
CYTN/24 45.6166000 -62.6141014 251.00 226.000
CYTN/10 45.6100006 -62.6276016 315.00 81.800
CYTN/28 45.6109009 -62.6190987 306.00 261.800
CYTR/06 44.1106232 -77.5392312 275.70 51.000
CYTR/24 44.1242667 -77.5194090 281.30 231.000
CYTR/13 44.1175003 -77.5369034 276.00 120.000
CYTR/31 44.1133003 -77.5269012 268.00 300.000
CYTS/03 48.5630989 -81.3788986 955.00 21.100
CYTS/21 48.5783005 -81.3700027 956.00 201.100
CYTS/10 48.5696983 -81.3867035 959.00 90.000
CYTS/28 48.5694008 -81.3664017 962.00 270.000
CYTZ/06 43.6258583 -79.3975525 251.00 48.000
CYTZ/24 43.6301994 -79.3904419 250.00 228.000
CYTZ/08 43.6274681 -79.4033356 251.00 69.000
CYTZ/26 43.6309738 -79.3890686 250.00 249.000
CYUB/10 69.4369901 -133.0411275 9.22 127.000
CYUB/28 69.4292079 -133.0111651 13.78 307.000
CYUL/06L 45.4610634 -73.7650146 96.00 42.700
CYUL/24R 45.4832764 -73.7359238 106.00 222.700
CYUL/06R 45.4576607 -73.7413864 98.00 41.300
CYUL/24L 45.4770203 -73.7160110 117.00 221.300
CYUY/08 48.2010002 -78.8488998 974.00 62.000
CYUY/26 48.2106018 -78.8217010 988.00 242.000
CYVB/13 48.0745010 -65.4712982 123.00 115.000
CYVB/31 48.0676003 -65.4490967 98.00 295.000
CYVC/11 55.1509020 -105.2740020 1239.00 112.000
CYVC/29 55.1484990 -105.2630000 1220.00 292.000
CYVC/18 55.1581001 -105.2600021 1242.00 189.000
CYVC/36 55.1445999 -105.2639999 1222.00 9.100
CYVG/10 53.3581009 -110.8300018 2019.00 119.000
CYVG/28 53.3553626 -110.8214199 2019.67 299.000
CYVO/18 48.0667000 -77.7864990 1102.00 169.100
CYVO/36 48.0397987 -77.7788010 1102.00 349.100
CYVP/07 58.0844002 -68.4381027 73.00 43.000
CYVP/25 58.0964012 -68.4167023 106.00 223.000
CYVP/13 58.1049995 -68.4319000 129.00 103.000
CYVP/31 58.1018982 -68.4067001 61.00 283.000
CYVQ/10 65.2855990 -126.8150020 238.00 117.000
CYVQ/28 65.2777020 -126.7809980 235.00 297.000
CYVR/08L 49.2050018 -123.2009964 13.00 100.000
CYVR/26R 49.2005997 -123.1600037 9.00 280.000
CYVR/08R 49.1897600 -123.2051239 8.82 100.300
CYVR/26L 49.1843987 -123.1610031 6.00 280.300
CYVR/13 49.1999016 -123.2009964 8.00 142.000
CYVR/31 49.1842003 -123.1819992 7.00 322.000
CYVT/12 55.8431015 -108.4319992 1444.00 129.000
CYVT/30 55.8347015 -108.4130020 1444.00 309.000
CYVV/05 44.7392006 -81.1172028 717.00 43.500
CYVV/23 44.7491989 -81.1038971 721.00 223.500
CYVV/11 44.7428017 -81.1117020 729.00 99.500
CYVV/29 44.7414017 -81.0999985 729.00 279.500
CYWG/13 49.9128000 -97.2521970 783.00 137.000
CYWG/31 49.8953020 -97.2272030 773.00 317.000
CYWG/18 49.9253006 -97.2341995 781.00 189.300
CYWG/36 49.8955994 -97.2416992 777.00 9.300
CYWJ/08 65.2121120 -123.4491270 702.00 100.000
CYWJ/26 65.2102430 -123.4239040 683.00 280.000
CYWK/18 52.9304657 -66.8692474 1794.00 157.000
CYWK/36 52.9149857 -66.8600998 1808.00 337.000
CYWL/12 52.1892010 -122.0640030 3082.00 135.000
CYWL/30 52.1758000 -122.0429990 3074.00 315.000
CYWM/17 54.7486000 -113.2040020 1966.00 181.000
CYWM/35 54.7378010 -113.2040020 1971.00 1.000
CYWY/11 63.2117034 -123.4427414 476.12 131.400
CYWY/29 63.2062988 -123.4290009 489.00 311.400
CYXC/16 49.6197014 -115.7829971 3034.00 178.100
CYXC/34 49.6032982 -115.7819977 3082.00 358.100
CYXE/09 52.1785011 -106.7180023 1653.00 101.000
CYXE/27 52.1741982 -106.6819992 1642.00 281.000
CYXE/15 52.1791990 -106.7050020 1645.00 165.000
CYXE/33 52.1629400 -106.6967280 1646.00 345.000
CYXH/03 50.0139999 -110.7279968 2349.00 44.600
CYXH/21 50.0237999 -110.7129974 2349.00 224.600
CYXH/09 50.0168991 -110.7249985 2349.00 106.800
CYXH/27 50.0147018 -110.7129974 2350.00 286.800
CYXJ/03 56.2319980 -120.7500000 2211.00 45.000
CYXJ/21 56.2446288 -120.7276633 2277.06 225.000
CYXJ/12 56.2449990 -120.7529980 2250.00 135.000
CYXJ/30 56.2317010 -120.7300030 2244.00 315.000
CYXK/07 48.4738998 -68.5038986 75.00 48.500
CYXK/25 48.4822006 -68.4897003 71.00 228.500
CYXL/16 50.1201086 -91.9091886 1245.68 156.200
CYXL/34 50.1073074 -91.9016571 1257.00 336.200
CYXR/08 47.6939011 -79.8580017 793.00 63.300
CYXR/26 47.7013016 -79.8361969 796.00 243.300
CYXR/16 47.6958008 -79.8610992 797.00 149.300
CYXR/34 47.6896071 -79.8556271 774.48 329.300
CYXS/01 53.8882106 -122.6756443 2232.91 31.000
CYXS/19 53.8938227 -122.6698923 2227.79 211.000
CYXS/06 53.8857000 -122.6930010 2267.00 79.000
CYXS/24 53.8884861 -122.6698572 2222.47 259.000
CYXS/15 53.9002991 -122.6709976 2232.00 170.000
CYXS/33 53.8816484 -122.6644052 2200.44 350.000
CYXT/03 54.4589005 -128.5839996 674.00 51.000
CYXT/21 54.4681015 -128.5639954 713.00 231.000
CYXT/15 54.4786987 -128.5899963 693.00 171.900
CYXT/33 54.4584007 -128.5850067 677.00 351.900
CYXU/09 43.0381012 -81.1639023 907.00 77.900
CYXU/27 43.0416985 -81.1408005 901.00 257.900
CYXU/15 43.0420990 -81.1597977 912.00 139.000
CYXU/33 43.0239983 -81.1380997 905.00 319.000
CYXX/01 49.0186005 -122.3789978 168.00 25.400
CYXX/19 49.0313988 -122.3700027 181.00 205.400
CYXX/07 49.0189018 -122.3799973 167.00 86.700
CYXX/25 49.0203544 -122.3412274 193.17 266.700
CYXY/14L 60.7184830 -135.0703280 2277.00 159.000
CYXY/32R 60.7015990 -135.0573120 2281.00 339.000
CYXY/14R 60.7195384 -135.0752113 2277.69 158.000
CYXY/32L 60.7011594 -135.0599445 2300.58 338.000
CYXZ/03 47.9611015 -84.7902985 942.00 23.600
CYXZ/21 47.9704678 -84.7842257 942.00 203.600
CYYB/08 46.3574982 -79.4408035 1149.00 64.700
CYYB/26 46.3692017 -79.4049988 1215.00 244.700
CYYB/18 46.3697014 -79.4257965 1174.00 168.200
CYYB/36 46.3577995 -79.4222031 1173.00 348.200
CYYC/11 51.1264000 -114.0370026 3547.00 119.500
CYYC/29 51.1156006 -114.0059967 3542.00 299.500
CYYC/17L 51.1483000 -113.9899980 3606.00 180.000
CYYC/17R 51.1314011 -114.0210037 3556.00 180.000
CYYC/35L 51.0965996 -114.0210037 3543.00 0.000
CYYD/15 54.8316002 -127.1839981 1704.00 171.000
CYYD/33 54.8181000 -127.1809998 1712.00 351.000
CYYE/04 58.8307991 -122.6159973 1253.00 57.000
CYYE/22 58.8403015 -122.5879974 1247.00 237.000
CYYE/08 58.8382990 -122.5989990 1250.00 102.000
CYYE/26 58.8356020 -122.5780030 1226.00 282.000
CYYF/16 49.4693985 -119.6009979 1129.00 182.000
CYYF/34 49.4539201 -119.6019532 1114.75 2.000
CYYG/03 46.2797012 -63.1274986 155.00 9.300
CYYG/21 46.2985992 -63.1231003 160.00 189.300
CYYG/10 46.2938995 -63.1290016 158.00 78.900
CYYG/28 46.2965012 -63.1095009 159.00 258.900
CYYJ/03 48.6446741 -123.4299564 51.84 43.900
CYYJ/21 48.6501513 -123.4215477 53.47 223.900
CYYJ/09 48.6510010 -123.4400024 53.00 105.000
CYYJ/27 48.6459999 -123.4120026 56.00 285.000
CYYJ/14 48.6514677 -123.4321642 61.38 151.900
CYYJ/32 48.6405983 -123.4229965 44.00 331.900
CYYL/08 56.8610001 -101.0820007 1170.00 87.000
CYYL/26 56.8613014 -101.0699997 1162.00 267.000
CYYL/17 56.8706017 -101.0699997 1154.00 180.000
CYYL/35 56.8568993 -101.0699997 1161.00 0.000
CYYN/04 50.2888985 -107.6989975 2680.00 49.300
CYYN/22 50.2933006 -107.6910019 2661.00 229.300
CYYN/13 50.2967000 -107.6959990 2650.00 136.000
CYYN/31 50.2883000 -107.6829990 2667.00 316.000
CYYQ/07 58.7517014 -94.0710983 91.00 72.000
CYYQ/25 58.7551994 -94.0512009 85.00 252.000
CYYQ/15 58.7457008 -94.0776978 94.00 152.600
CYYQ/33 58.7233009 -94.0553970 63.00 332.600
CYYR/08 53.3039017 -60.4481010 160.00 54.800
CYYR/26 53.3213997 -60.4067001 153.00 234.800
CYYR/15 53.3339005 -60.4364014 154.00 133.000
CYYR/33 53.3161011 -60.4043999 149.00 313.000
CYYT/10 47.6232990 -52.7733000 458.00 86.000
CYYT/28 47.6250000 -52.7388990 437.00 266.000
CYYT/16 47.6258010 -52.7514000 444.00 142.000
CYYT/34 47.6106000 -52.7338980 431.00 322.000
CYYU/17 49.4207993 -82.4721985 735.00 156.100
CYYU/35 49.4068985 -82.4627991 730.00 336.100
CYYW/12 50.2990990 -88.9250031 1048.00 117.000
CYYW/30 50.2942009 -88.9096985 1056.00 297.000
CYYW/18 50.2942009 -88.9096985 1056.00 178.700
CYYW/36 50.2860985 -88.9094009 1058.00 358.700
CYYY/06 48.6046647 -68.2150958 140.58 39.000
CYYY/24 48.6164017 -68.2007980 125.00 219.000
CYYY/15 48.6082001 -68.2157974 131.00 133.000
CYYY/33 48.6012295 -68.2046004 169.60 313.000
CYYZ/05 43.6741530 -79.6635281 563.95 47.000
CYYZ/23 43.6937916 -79.6346455 560.17 227.000
CYYZ/06L 43.6610489 -79.6234283 529.00 47.000
CYYZ/24R 43.6786097 -79.5979124 545.65 227.000
CYYZ/06R 43.6582985 -79.6219254 525.00 47.000
CYYZ/24L 43.6752892 -79.5972366 547.00 227.000
CYYZ/15L 43.6918983 -79.6421967 557.00 137.000
CYYZ/33R 43.6699982 -79.6138992 544.00 317.000
CYYZ/15R 43.6846198 -79.6501828 550.55 137.000
CYYZ/33L 43.6686783 -79.6298232 544.45 317.000
CYZD/15 43.7496986 -79.4741974 649.00 139.200
CYZD/33 43.7352982 -79.4569016 636.00 319.200
CYZE/11 45.8861010 -82.5772020 603.00 97.000
CYZE/29 45.8843990 -82.5582960 613.00 277.000
CYZF/10 62.4712982 -114.4530029 672.00 116.000
CYZF/28 62.4653015 -114.4270020 675.00 294.000
CYZF/16 62.4732018 -114.4440002 674.00 176.000
CYZF/34 62.4528008 -114.4410019 658.00 356.000
CYZH/10 55.2965012 -114.7900009 1904.00 114.700
CYZH/28 55.2907381 -114.7684349 1911.20 294.700
CYZP/13 53.2599983 -131.8209991 17.00 144.000
CYZP/31 53.2486000 -131.8070068 21.00 324.000
CYZR/06 42.9967000 -82.3110960 591.00 49.000
CYZR/24 43.0019000 -82.3028030 590.00 229.000
CYZR/15 43.0043980 -82.3153000 590.00 137.000
CYZR/33 42.9942020 -82.3022000 594.00 317.000
CYZT/08 50.6805990 -127.3759990 71.00 92.000
CYZT/26 50.6800000 -127.3580020 33.00 272.000
CYZT/11 50.6861000 -127.3730011 43.00 129.300
CYZT/29 50.6772003 -127.3570023 35.00 309.300
CYZT/16 50.6857986 -127.3720016 42.00 178.400
CYZT/34 50.6790408 -127.3711804 60.31 358.400
CYZU/11 54.1483994 -115.7979965 2557.00 125.000
CYZU/29 54.1393013 -115.7760010 2556.00 305.000
CYZV/09 50.2172012 -66.2791977 164.00 69.500
CYZV/27 50.2235985 -66.2525024 174.00 249.500
CYZV/13 50.2296982 -66.2769012 170.00 109.500
CYZV/31 50.2242012 -66.2525024 174.00 289.500
CYZW/09 60.1747020 -132.7559970 2271.00 107.000
CYZW/27 60.1708980 -132.7299960 2299.00 287.000
CYZX/08 44.9810982 -64.9325027 85.00 64.000
CYZX/26 44.9906998 -64.9047012 86.00 244.000
CYZX/12 44.9836006 -64.9313965 81.00 107.000
CYZX/30 44.9771996 -64.9017029 92.00 287.000
CZAM/14 50.6882019 -119.2320023 1731.00 158.000
CZAM/32 50.6773987 -119.2249985 1751.00 338.000
CZBA/09 43.4410258 -79.8526346 590.19 80.000
CZBA/27 43.4418165 -79.8467393 590.93 260.000
CZBA/14 43.4448378 -79.8544417 600.79 131.000
CZBA/32 43.4389829 -79.8451232 592.77 311.000
CZBB/07 49.0780983 -123.0199966 5.00 90.000
CZBB/25 49.0778999 -122.9985130 5.00 270.000
CZBB/13 49.0782013 -123.0189972 5.00 144.000
CZBB/31 49.0699005 -123.0100021 5.00 324.000
CZBF/10 47.6287990 -65.7480010 193.00 82.000
CZBF/28 47.6305010 -65.7298970 178.00 262.000
CZBM/05 45.2854840 -72.7478790 345.00 37.000
CZBM/23 45.2963870 -72.7360690 375.00 217.000
CZFA/09 62.2097015 -133.3869934 2351.00 113.700
CZFA/27 62.2052994 -133.3650055 2334.00 293.700
CZFM/12 67.4112090 -134.8681180 111.00 140.000
CZFM/30 67.4025960 -134.8513950 110.00 320.000
CZFN/07 64.9091950 -125.5819850 320.00 84.000
CZFN/25 64.9102250 -125.5567700 329.00 265.000
CZGF/07 49.0153008 -118.4390030 1720.00 90.000
CZGF/25 49.0153008 -118.4209976 1720.00 270.000
CZHP/07 55.3935013 -116.4850006 1974.00 88.500
CZHP/25 55.3936996 -116.4660034 1972.00 268.500
CZML/15 51.7419012 -121.3365225 3122.57 165.000
CZML/33 51.7303009 -121.3300018 3094.00 345.000
CZMT/13 54.0303993 -132.1239929 7.00 148.300
CZMT/31 54.0197824 -132.1116054 24.10 328.300
CZPC/08 49.5205990 -114.0093130 3903.00 90.000
CZPC/26 49.5205989 -113.9880690 3903.00 270.000
CZUM/13 53.5644989 -64.1182022 1436.00 104.500
CZUM/31 53.5606995 -64.0936966 1429.00 284.500
D15/29 43.6422763 -84.9787299 886.00 214.200
D20/27 43.1124992 -82.7830963 814.00 270.000
D24/26 47.6596316 -99.6584977 1610.08 319.300
D29/35 48.6150017 -97.1770020 798.00 0.000
D32/15 45.6021996 -95.5381012 1141.00 173.000
D32/33 45.5952988 -95.5369034 1141.00 353.000
D38/13 42.9095993 -77.3265991 800.00 123.000
D38/31 42.9048004 -77.3158035 812.00 303.000
D41/35 48.4572983 -96.8658900 830.00 270.000
D49/25 48.8992513 -102.7870244 1926.23 181.500
D58/30 45.4118996 -101.0810013 2181.00 339.000
D61/34 48.3554001 -100.3939972 1475.00 217.900
D65/35 43.4289017 -98.3981018 1566.00 269.900
D81/33 47.8216019 -96.2559967 1060.00 268.000
D90/28 44.9234294 -85.0617146 1133.00 307.000
DA10/05 26.5706997 8.4793596 1778.00 53.000
DA10/23 26.5797005 8.4928303 1778.00 233.000
DA10/09 26.5746002 8.4715300 1778.00 95.000
DA10/27 26.5727005 8.4952898 1778.00 275.000
DAAD/04 35.3253820 4.1978720 1506.00 42.000
DAAD/22 35.3401720 4.2140330 1506.00 222.000
DAAE/08 36.7099991 5.0566702 20.00 80.000
DAAE/26 36.7136002 5.0830598 10.00 260.000
DAAF/08 27.0608997 1.1026000 1015.00 79.000
DAAF/26 27.0638008 1.1196001 1010.00 259.000
DAAG/05 36.6939011 3.2201700 72.00 53.000
DAAG/23 36.7128983 3.2514000 82.00 233.000
DAAG/09 36.6921005 3.1708300 56.00 92.000
DAAG/27 36.6912003 3.2099199 82.00 272.000
DAAJ/02 24.2738990 9.4439900 3140.00 22.000
DAAJ/20 24.2942010 9.4525900 3163.00 202.000
DAAJ/13 24.2931004 9.4519396 3163.00 125.000
DAAJ/31 24.2768993 9.4769402 3169.00 305.000
DAAK/04 36.5337980 2.8625600 335.00 44.000
DAAK/22 36.5578990 2.8900800 240.00 224.000
DAAN/08 26.7063999 0.2737500 928.00 71.300
DAAN/26 26.7136993 0.2975890 955.00 251.300
DAAP/09 26.7236004 8.6074600 1765.00 90.000
DAAP/27 26.7234001 8.6378403 1778.00 270.000
DAAQ/09L 35.5269012 2.8608000 2132.00 91.000
DAAQ/27R 35.5262985 2.8967099 2132.00 271.000
DAAQ/09R 35.5246010 2.8607800 2132.00 91.000
DAAQ/27L 35.5239983 2.8966899 2132.00 271.000
DAAT/02 22.7964001 5.4443898 4459.00 22.000
DAAT/20 22.8264999 5.4577498 4518.00 202.000
DAAT/08 22.8073010 5.4227700 4465.00 82.000
DAAT/26 22.8113000 5.4526900 4472.00 262.000
DAAV/17 36.8058014 5.8715000 20.00 171.000
DAAV/35 36.7844009 5.8757100 36.00 351.000
DAAZ/07 35.7499008 0.6196670 217.00 66.900
DAAZ/25 35.7545013 0.6328780 240.00 246.900
DABB/05 36.8205986 7.8067498 16.00 51.800
DABB/23 36.8333015 7.8267999 10.00 231.800
DABB/18 36.8451004 7.8127398 10.00 186.900
DABB/36 36.8192100 7.8088379 15.80 6.900
DABC/13 36.2844010 6.6147200 2306.00 136.000
DABC/31 36.2689020 6.6333300 2254.00 316.000
DABC/16 36.2881012 6.6105599 2313.00 159.000
DABC/34 36.2627983 6.6224999 2316.00 339.000
DABS/11 35.4384690 8.1085830 2648.00 113.000
DABS/29 35.4278980 8.1389940 2671.00 293.000
DABS/12 35.4356770 8.1098380 2654.00 122.000
DABS/30 35.4235760 8.1317500 2661.00 302.000
DABT/05 35.7443008 6.2950201 2664.00 54.900
DABT/23 35.7598991 6.3221598 2700.00 234.900
DAOB/08 35.3390999 1.4468600 3245.00 81.000
DAOB/26 35.3432007 1.4794300 3202.00 261.000
DAOI/07 36.2096520 1.3233030 463.00 66.000
DAOI/25 36.2154730 1.3397830 463.00 246.000
DAOL/08 35.5393982 -0.5469580 361.00 75.600
DAOL/26 35.5455017 -0.5175860 367.00 255.600
DAON/07 35.0093002 -1.4705900 807.00 70.000
DAON/25 35.0173988 -1.4438100 804.00 250.000
DAOO/07L 35.6166420 -0.6421390 297.00 67.000
DAOO/25R 35.6287345 -0.6066895 297.00 247.000
DAOR/18 31.6588993 -2.2612300 2661.00 180.000
DAOR/36 31.6317997 -2.2612100 2654.00 0.000
DAOS/10 35.1726990 -0.6013470 1575.00 97.700
DAOS/28 35.1708984 -0.5852060 1588.00 277.700
DAOV/08 35.2064018 0.1379580 1686.00 80.000
DAOV/26 35.2090988 0.1563280 1686.00 260.000
DAUA/04 27.8271999 -0.1961110 915.00 40.000
DAUA/22 27.8481007 -0.1766670 918.00 220.000
DAUB/13 34.8017006 5.7261500 285.00 130.000
DAUB/31 34.7850990 5.7504702 236.00 310.000
DAUE/10 30.5702991 2.8577800 1306.00 102.000
DAUE/28 30.5669003 2.8761101 1289.00 282.000
DAUE/18 30.5993996 2.8613901 1302.00 180.000
DAUE/36 30.5725002 2.8616700 1293.00 0.000
DAUG/12 32.3838997 3.7944701 1483.00 122.400
DAUG/30 32.3689995 3.8222201 1421.00 302.400
DAUG/18 32.4049988 3.7958300 1512.00 183.000
DAUG/36 32.3833008 3.7947199 1483.00 3.000
DAUH/18 31.6865005 6.1416302 459.00 184.000
DAUH/36 31.6592999 6.1392798 456.00 4.000
DAUI/05 27.2425003 2.5002799 896.00 51.000
DAUI/23 27.2595005 2.5237601 883.00 231.000
DAUK/01 33.0600014 6.0872202 279.00 9.000
DAUK/19 33.0867004 6.0919399 259.00 189.000
DAUL/16R 33.7798004 2.9192600 2510.00 156.900
DAUL/34L 33.7481995 2.9353399 2510.00 336.900
DAUO/02 33.4954987 6.7759099 203.00 18.000
DAUO/20 33.5126991 6.7825599 200.00 198.000
DAUO/13 33.5275002 6.7619400 194.00 130.000
DAUO/31 33.5099983 6.7866702 200.00 310.000
DAUT/06 29.2292004 0.2630560 1024.00 56.000
DAUT/24 29.2441998 0.2888890 1020.00 236.000
DAUU/01 31.9057010 5.4046500 492.00 16.000
DAUU/19 31.9318010 5.4134000 463.00 196.000
DAUZ/05 28.0450993 9.6351099 1837.00 47.000
DAUZ/23 28.0636005 9.6574001 1841.00 227.000
DAUZ/14 28.0690000 9.6292000 1841.00 145.000
DAUZ/32 28.0527000 9.6420100 1847.00 325.000
DBBB/06 6.3508682 2.3760283 15.95 53.000
DBBB/24 6.3637210 2.3931300 13.00 233.000
DE-0047/06 48.6139090 8.7519500 1953.00 64.000
DE-0047/24 48.6161520 8.7593850 1947.00 244.000
DE-0114/10 48.3862130 9.0713240 2690.00 100.000
DE-0114/28 48.3848190 9.0812260 2625.00 280.000
DE-0210/08 51.1007693 6.3898223 230.00 83.000
DE-0210/26 51.1013727 6.3973787 226.00 263.000
DE-0877/06 53.4212990 11.7629995 147.00 64.000
DE-0877/24 53.4327011 11.8038998 166.00 244.000
DE-0878/07 52.4365005 12.4476995 103.00 73.000
DE-0878/25 52.4404984 12.4687004 103.00 253.000
DE-0879/09 53.0288010 13.5087996 202.00 90.000
DE-0879/27 53.0288010 13.5236998 202.00 270.000
DE-0880/07 53.5024183 8.5701611 10.00 68.000
DE-0880/25 53.5043329 8.5781690 10.00 248.000
DE-0880/16 53.5121994 8.5703096 10.00 164.000
DE-0880/34 53.5026349 8.5751060 10.00 344.000
DE-0881/10 50.1698990 8.9552698 363.00 100.000
DE-0881/28 50.1684990 8.9679003 368.00 280.000
DE-0882/10 53.5358009 7.8703299 18.00 101.600
DE-0882/28 53.5312996 7.9070001 19.00 281.600
DE-0883/07 48.0676994 10.8928003 2035.00 72.200
DE-0883/25 48.0732994 10.9191999 2043.00 252.200
DE-0884/08 48.3202019 11.9320002 1512.00 79.000
DE-0885/09 48.2061996 11.2488003 1703.00 93.000
DE-0885/27 48.2050018 11.2854996 1703.00 273.000
DE-0886/09 51.9230003 8.2899704 211.00 91.200
DE-0886/27 51.9225998 8.3226900 235.00 271.200
DE-0931/02 48.5084310 9.2913650 1575.00 20.000
DE-0931/20 48.5107380 9.2930860 1575.00 200.000
DFFD/04 12.3416996 -1.5199701 1034.00 33.000
DFFD/22 12.3644400 -1.5047899 982.00 213.000
DFOO/06 11.1511002 -4.3429098 1417.00 53.000
DFOO/24 11.1689997 -4.3190298 1483.00 233.000
DGAA/03 5.5909600 -0.1726360 177.00 22.000
DGAA/21 5.6159815 -0.1623279 194.58 202.000
DGLE/05 9.5493097 -0.8710170 530.00 45.000
DGLE/23 9.5650702 -0.8554110 538.00 225.000
DGLW/03 10.0740995 -2.5107999 1060.00 20.000
DGLW/21 10.0911999 -2.5045900 1060.00 200.000
DGSI/02 6.7057800 -1.5926100 942.00 12.000
DGSI/20 6.7233400 -1.5890300 942.00 192.000
DGSN/07 7.3595908 -2.3332361 1008.96 63.000
DGSN/25 7.3640592 -2.3242936 995.07 243.000
DGTK/04 4.8891802 -1.7786700 17.00 30.000
DGTK/22 4.9013725 -1.7717424 21.43 210.000
DIAP/03 5.2488499 -3.9314499 21.00 23.000
DIAP/21 5.2739201 -3.9211400 11.00 203.000
DIBK/03 7.7252002 -5.0798001 1226.00 24.000
DIBK/21 7.7523999 -5.0675302 1199.00 204.000
DIDL/04 6.7848101 -6.4774299 810.00 28.000
DIDL/22 6.8008099 -6.4689398 823.00 208.000
DIKO/09 9.3855305 -5.5660801 1204.00 80.000
DIKO/27 9.3888302 -5.5472498 1204.00 260.000
DIMN/04 7.2636600 -7.5912099 1065.00 25.000
DIMN/22 7.2804799 -7.5835199 1081.00 205.000
DISP/03 4.7386398 -6.6637001 15.00 20.000
DISP/21 4.7539450 -6.6582385 26.37 200.000
DIYO/05 6.8930202 -5.3747501 651.00 42.000
DIYO/23 6.9133101 -5.3564100 696.00 222.000
DNAA/04 8.9934397 7.2537398 1087.00 35.000
DNAA/22 9.0201397 7.2726102 1123.00 215.000
DNAK/03 7.2352300 5.2957902 1100.00 24.000
DNAK/21 7.2583399 5.3062100 1100.00 204.000
DNBE/05 6.3090100 5.5912399 234.00 46.000
DNBE/23 6.3241501 5.6067700 258.00 226.000
DNCA/03 4.9661698 8.3422899 201.00 27.000
DNCA/21 4.9859300 8.3522997 211.00 207.000
DNEN/08 6.4721899 7.5509100 466.00 80.000
DNEN/26 6.4759102 7.5723000 415.00 260.000
DNIB/05 7.3541298 3.9713299 725.00 40.000
DNIB/23 7.3707099 3.9853599 725.00 220.000
DNIL/05 8.4309702 4.4833102 1119.00 49.000
DNIL/23 8.4492598 4.5046301 1097.00 229.000
DNIM/17 5.4390602 7.2033000 373.00 167.000
DNIM/35 5.4152298 7.2087402 373.00 347.000
DNJO/10 9.6410599 8.8554697 4226.00 95.000
DNJO/28 9.6385899 8.8827000 4241.00 275.000
DNKA/05 10.6871004 7.3096800 2035.00 50.000
DNKA/23 10.7046003 7.3306098 2069.00 230.000
DNKN/05 12.0398705 8.5228276 1531.04 44.000
DNKN/23 12.0545998 8.5376902 1501.00 224.000
DNKN/06 12.0416002 8.5066500 1561.00 61.000
DNKN/24 12.0559998 8.5332003 1506.00 241.000
DNMA/05 11.8458996 13.0712996 1097.00 47.000
DNMA/23 11.8645000 13.0913000 1086.00 227.000
DNMM/18L 6.5970101 3.3291399 135.00 180.000
DNMM/36R 6.5722098 3.3291399 86.00 0.000
DNMM/18R 6.5877800 3.3135600 64.00 180.000
DNMM/36L 6.5525198 3.3135600 50.00 0.000
DNMN/05 9.6415396 6.4513402 728.00 45.000
DNMN/23 9.6631403 6.4733601 834.00 225.000
DNPO/03 5.0035000 6.9431200 82.00 28.000
DNPO/21 5.0274100 6.9559300 87.00 208.000
DNSO/08 12.9127998 5.1934400 1002.00 77.000
DNSO/26 12.9189997 5.2203498 1010.00 257.000
DNYO/17 9.2710505 12.4281998 573.00 171.000
DNYO/35 9.2443104 12.4327002 599.00 351.000
DNZA/05 11.1253000 7.6799100 2150.00 50.000
DNZA/23 11.1351000 7.6915200 2170.00 230.000
DRRM/09 13.5016003 7.1182399 1214.00 83.900
DRRM/27 13.5033998 7.1352701 1240.00 263.900
DRRN/09L 13.4847640 2.1710510 728.00 87.000
DRRN/27R 13.4861310 2.2005810 715.00 267.000
DRRN/09R 13.4816110 2.1694140 728.00 87.000
DRRN/27L 13.4832310 2.2044980 705.00 267.000
DRRT/06 14.8708000 5.2567900 1253.00 60.000
DRRT/24 14.8806000 5.2739300 1266.00 240.000
DRZA/07 16.9608994 7.9870601 1657.00 68.000
DRZA/25 16.9710007 8.0132504 1660.00 248.000
DRZD/04 18.9633007 12.8635998 1273.00 41.400
DRZD/22 18.9741001 12.8737001 1263.00 221.400
DRZI/01 19.0623608 8.4140501 2172.00 11.000
DRZI/19 19.0743504 8.4164600 2171.00 191.000
DRZR/05 13.7740002 8.9769802 1473.00 53.000
DRZR/23 13.7839003 8.9905396 1510.00 233.000
DTG/09 41.1324997 -88.4429016 629.00 88.000
DTG/27 41.1326732 -88.4354936 623.76 268.000
DTG/36 41.1314011 -88.4431000 632.00 260.000
DTKA/09 36.9812012 8.8591900 196.00 93.000
DTKA/27 36.9798012 8.8914204 230.00 273.000
DTMB/07 35.7541008 10.7384005 8.00 74.000
DTMB/25 35.7616005 10.7695999 8.00 254.000
DTNH/09 36.0758018 10.4202995 19.00 90.000
DTNH/27 36.0755997 10.4568996 13.00 270.000
DTTA/01 36.8390999 10.2237997 13.00 12.300
DTTA/19 36.8671989 10.2313995 21.00 192.300
DTTA/11 36.8543015 10.2177000 19.00 112.500
DTTA/29 36.8450877 10.2451209 11.56 292.500
DTTB/08 37.2402992 9.7698498 20.00 83.000
DTTB/26 37.2440987 9.8033304 20.00 263.000
DTTB/11 37.2491989 9.7925501 20.00 111.000
DTTB/29 37.2453003 9.8053198 20.00 291.000
DTTF/05 34.4135017 8.8107595 1027.00 48.500
DTTF/23 34.4306984 8.8342695 1060.00 228.500
DTTI/13 36.7240982 9.9384604 110.00 126.000
DTTI/31 36.7186012 9.9478397 106.00 306.000
DTTJ/09 33.8750000 10.7603998 9.00 88.300
DTTJ/27 33.8759003 10.7938995 18.00 268.300
DTTR/11 31.7089005 9.2414503 827.00 115.100
DTTR/29 31.6986008 9.2672701 827.00 295.100
DTTX/15 34.7294998 10.6822996 83.00 148.100
DTTX/33 34.7064018 10.6997004 53.00 328.100
DTTZ/09 33.9396019 8.0836802 264.00 89.000
DTTZ/27 33.9396019 8.1184397 287.00 269.000
DXNG/03 9.7568302 1.0870000 1499.00 21.800
DXNG/21 9.7778301 1.0955000 1515.00 201.800
DXXX/04 6.1551299 1.2456900 61.00 39.000
DXXX/22 6.1763401 1.2625999 63.00 219.000
DZ-0016/17 26.4057570 5.3252140 1995.00 179.000
DZ-0016/35 26.3814240 5.3255960 2004.00 359.000
EBAW/11 51.1919636 4.4547126 36.29 109.800
EBAW/29 51.1878014 4.4730501 39.00 289.800
EBBE/04L 50.7516628 4.7588822 350.73 39.000
EBBE/22R 50.7640145 4.7750863 330.31 219.000
EBBE/04R 50.7473187 4.7603971 368.95 39.000
EBBE/22L 50.7633759 4.7805546 328.07 219.000
EBBL/05L 51.1614118 5.4566530 190.44 50.000
EBBL/23R 51.1754111 5.4831819 171.67 230.000
EBBR/01 50.8873036 4.4915787 181.92 14.000
EBBR/19 50.9113803 4.5014195 117.08 194.000
EBBR/07L 50.8998791 4.4589924 127.65 65.000
EBBR/25R 50.9114615 4.4987532 111.57 245.000
EBBR/07R 50.8893749 4.4820534 174.39 70.000
EBBR/25L 50.8988991 4.5233002 159.00 250.000
EBCI/06 50.4568166 4.4425164 606.87 66.000
EBCI/24 50.4665570 4.4759220 583.00 246.000
EBCV/08 50.5747986 3.8213601 178.00 80.000
EBCV/26 50.5787010 3.8561001 182.00 260.000
EBFN/11 51.0927090 2.6411341 15.04 108.000
EBFN/29 51.0867617 2.6697794 19.79 288.000
EBFS/08L 50.2412169 4.6301717 911.03 78.900
EBFS/26R 50.2459861 4.6685298 929.99 258.900
EBFS/08R 50.2365439 4.6348054 909.13 79.600
EBFS/26L 50.2396562 4.6616946 910.87 259.600
EBKT/06 50.8148000 3.1971400 55.00 62.000
EBKT/24 50.8220090 3.2187242 52.18 242.000
EBLG/04L 50.6313019 5.4301400 637.00 45.000
EBLG/22R 50.6460991 5.4536200 585.00 225.000
EBLG/04R 50.6286021 5.4302849 648.87 45.000
EBLG/22L 50.6481018 5.4608302 603.00 225.000
EBOS/08 51.1973007 2.8569319 14.81 75.000
EBOS/26 51.2024967 2.8914885 13.26 256.000
EBSL/06 50.9407005 5.5722599 312.00 60.000
EBSL/24 50.9542999 5.6088500 295.00 240.000
EBST/06 50.7890015 5.1945000 237.00 57.500
EBST/24 50.7947998 5.2088399 215.00 237.500
EBSU/07 50.0302010 5.4245400 1822.00 66.600
EBSU/25 50.0396996 5.4576898 1822.00 246.600
EBUL/07 51.1420468 3.4678519 86.77 70.000
EBUL/25 51.1477203 3.4863481 86.28 250.000
EBWE/07 51.3907046 4.9439042 94.99 68.000
EBWE/25 51.3987965 4.9764853 104.01 248.000
EBZR/05 51.2667200 4.7581030 53.00 48.000
EBZR/23 51.2714840 4.7666780 79.00 228.000
EBZW/03L 51.0120630 5.5226170 267.00 34.000
EBZW/21R 51.0178547 5.5284733 275.66 214.000
EC-0063/02 0.3305080 -78.1401978 7304.00 25.600
EC-0063/20 0.3463310 -78.1326981 7234.00 205.600
EDAB/07 51.1907010 14.5047000 568.00 69.000
EDAB/25 51.1964000 14.5348000 530.00 249.000
EDAC/04 50.9760076 12.4989083 635.37 41.000
EDAC/22 50.9890892 12.5157129 609.19 221.000
EDAD/09 51.8319020 12.1768000 187.00 87.000
EDAD/27 51.8316990 12.1913000 187.00 267.000
EDAE/11 52.1995010 14.5779000 149.00 110.000
EDAE/29 52.1953558 14.5928108 149.00 290.000
EDAH/10 53.8815990 14.1345000 77.00 100.000
EDAH/28 53.8760990 14.1683000 89.00 280.000
EDAI/10 52.8275840 12.5360630 142.00 103.000
EDAI/28 52.8257150 12.5494940 142.00 283.000
EDAK/11 51.3125990 13.5397000 417.00 111.000
EDAK/29 51.3043573 13.5670441 417.00 291.000
EDAM/08 51.3622020 11.9328000 340.00 77.000
EDAM/26 51.3638000 11.9489000 340.00 257.000
EDAQ/11 51.5540125 12.0457085 347.00 109.000
EDAQ/29 51.5499875 12.0595915 347.00 289.000
EDAU/12 51.2952000 13.3517000 322.00 116.000
EDAU/30 51.2904010 13.3639000 322.00 296.000
EDAV/10 52.8275542 13.6907429 112.31 95.000
EDAV/28 52.8251930 13.7125010 121.00 275.000
EDAW/09L 51.5782820 12.4873150 289.00 93.000
EDAW/27R 51.5766760 12.5045610 289.00 273.000
EDAX/07 53.3044334 12.7401929 220.00 72.000
EDAX/25 53.3083664 12.7661067 220.00 252.000
EDAY/05 52.5765000 13.9090000 263.00 45.000
EDAY/23 52.5835000 13.9224000 263.00 225.000
EDAZ/07 52.2034616 13.1567535 131.00 75.000
EDAZ/25 52.2044308 13.1636221 131.00 255.000
EDBF/10 52.7942625 12.7556255 126.19 101.000
EDBF/28 52.7926894 12.7649626 116.81 281.000
EDBH/09 54.3382000 12.7009000 7.00 88.000
EDBH/27 54.3381843 12.7185294 21.55 268.000
EDBJ/02 50.9100990 11.7115000 1228.00 18.000
EDBJ/20 50.9202000 11.7175000 1228.00 198.000
EDBK/14 52.9222900 12.4211910 130.00 138.000
EDBK/32 52.9150160 12.4300090 130.00 318.000
EDBM/09 52.0735804 11.6210240 264.75 86.000
EDBM/27 52.0737990 11.6338000 249.00 266.000
EDBN/09 53.6018910 13.2887620 201.00 85.000
EDBN/27 53.6025660 13.3233570 227.00 265.000
EDBO/08 51.8992730 13.0466000 287.00 79.000
EDBO/26 51.9001250 13.0589330 287.00 259.000
EDBO/08R 51.8991200 13.0523660 287.00 79.000
EDBO/26L 51.8997140 13.0602770 287.00 259.000
EDBP/01 53.6124150 11.5616400 144.00 11.000
EDBP/19 53.6194320 11.5639930 144.00 191.000
EDBP/11 53.6152100 11.5596980 144.00 111.000
EDBP/29 53.6128480 11.5661240 144.00 291.000
EDBQ/07 51.6704660 13.9540470 423.00 73.000
EDBQ/25 51.6722780 13.9664050 423.00 253.000
EDBQ/12 51.6750270 13.9549320 423.00 116.000
EDBQ/30 51.6709900 13.9662680 423.00 296.000
EDBR/17 51.3744010 14.9498000 515.00 173.000
EDBR/35 51.3518980 14.9502000 515.00 353.000
EDBR/17R 51.3702290 14.9494570 515.00 173.000
EDBR/35L 51.3594580 14.9499680 515.00 353.000
EDBS/07 51.1970590 11.1854390 451.00 70.000
EDBS/25 51.1997040 11.1980340 451.00 250.000
EDBT/07 51.3768010 11.4290000 932.00 67.000
EDBT/25 51.3805010 11.4452000 932.00 247.000
EDBU/08 53.1790000 12.1784000 289.00 77.000
EDBU/26 53.1807000 12.1906000 289.00 257.000
EDBV/05 54.3331770 13.0378900 49.00 45.000
EDBV/23 54.3383440 13.0486830 49.00 225.000
EDBW/08 52.6311680 13.7591810 263.00 79.000
EDBW/26 52.6319070 13.7709370 263.00 259.000
EDCA/09 53.8331985 13.6616001 18.00 96.000
EDCA/27 53.8321991 13.6766996 18.00 276.000
EDCG/09 54.3832264 13.3183906 69.00 82.000
EDCG/27 54.3837518 13.3322218 69.00 262.000
EDCM/03 51.2930984 14.1232004 495.00 34.100
EDCM/21 51.3012009 14.1321001 495.00 214.100
EDCO/11 51.2699013 10.6251001 909.00 110.000
EDCO/29 51.2654991 10.6445999 909.00 290.000
EDCP/13 54.1656990 13.7601995 7.00 137.000
EDCP/31 54.1498985 13.7852001 7.00 317.000
EDCY/03 51.5716019 14.1306000 375.00 32.000
EDCY/21 51.5861015 14.1476002 375.00 212.000
EDDB/06L 52.3676768 13.4849934 144.82 69.000
EDDB/24R 52.3774413 13.5260848 153.17 249.000
EDDB/06R 52.3454400 13.4684350 152.00 69.000
EDDB/24L 52.3584310 13.5231750 149.00 249.000
EDDC/04 51.1246640 13.7546790 755.00 41.000
EDDC/22 51.1419939 13.7785173 708.51 221.000
EDDE/09 50.9812770 10.9397340 1025.00 98.000
EDDE/27 50.9786068 10.9735005 1016.73 278.000
EDDF/07C 50.0326004 8.5346298 329.00 69.600
EDDF/25C 50.0451012 8.5869799 364.00 249.600
EDDF/07L 50.0371017 8.4970798 305.00 69.600
EDDF/25R 50.0457993 8.5337200 353.00 249.600
EDDF/07R 50.0275002 8.5341702 328.00 69.600
EDDF/25L 50.0401001 8.5865297 362.00 249.600
EDDF/18 50.0341540 8.5259440 326.00 180.000
EDDF/36 49.9984930 8.5262970 316.00 0.000
EDDG/07 52.1315002 7.6700602 156.00 71.000
EDDG/25 52.1373158 7.6972497 158.72 251.000
EDDH/05 53.6200138 9.9671873 33.01 50.300
EDDH/23 53.6362037 9.9999784 42.47 230.300
EDDH/15 53.6543999 9.9752102 53.00 152.800
EDDH/33 53.6286684 9.9974065 37.19 332.800
EDDK/06 50.8600998 7.1237798 231.00 64.000
EDDK/24 50.8697014 7.1552701 272.00 244.000
EDDK/13L 50.8805010 7.1290800 230.00 138.000
EDDK/31R 50.8552020 7.1656900 302.00 318.000
EDDK/13R 50.8708000 7.1208600 221.00 138.000
EDDK/31L 50.8585010 7.1387400 259.00 318.000
EDDL/05L 51.2853222 6.7521644 116.89 53.000
EDDL/23R 51.2967776 6.7762052 123.11 233.000
EDDL/05R 51.2812214 6.7554337 122.70 53.000
EDDL/23L 51.2942751 6.7827752 136.30 233.000
EDDM/08L 48.3628006 11.7676001 1467.00 83.400
EDDM/26R 48.3669014 11.8212004 1449.00 263.400
EDDM/08R 48.3406982 11.7510004 1486.00 83.400
EDDM/26L 48.3447990 11.8045998 1470.00 263.400
EDDN/10 49.5004997 11.0592003 1022.00 99.000
EDDN/28 49.4968987 11.0959997 1046.00 279.000
EDDP/08L 51.4311981 12.2158003 418.00 85.700
EDDP/26R 51.4336014 12.2673998 448.00 265.700
EDDR/08 49.2142113 7.0970404 1022.45 87.000
EDDR/26 49.2150000 7.1237200 1056.00 267.000
EDDS/07 48.6865329 9.2040162 1259.29 72.000
EDDS/25 48.6940002 9.2438002 1181.00 252.000
EDDV/09C 52.4648085 9.6847102 177.66 92.000
EDDV/27C 52.4645657 9.6927734 174.85 272.000
EDDV/09L 52.4682358 9.6526945 167.16 93.000
EDDV/27R 52.4669681 9.6997296 168.84 273.000
EDDV/09R 52.4550018 9.6767702 172.00 93.000
EDDV/27L 52.4539986 9.7111502 179.00 273.000
EDDW/23 53.0465012 8.7924004 13.00 232.000
EDDW/09 53.0465700 8.7744022 13.11 88.000
EDDW/27 53.0472757 8.8048524 13.89 268.000
EDFE/08 49.9602700 8.6296380 371.00 84.000
EDFE/26 49.9610619 8.6479565 382.66 264.000
EDFH/03 49.9336874 7.2491006 1640.50 32.000
EDFH/21 49.9579136 7.2730683 1592.50 212.000
EDFM/09 49.4729968 8.5061101 308.98 93.000
EDFM/27 49.4725248 8.5199675 306.15 273.000
EDFQ/11 51.0376010 8.6727500 1164.00 113.000
EDFQ/29 51.0331000 8.6889700 1123.00 293.000
EDFV/06 49.6049390 8.3633800 295.00 61.000
EDFV/24 49.6081660 8.3732690 295.00 241.000
EDFZ/07 49.9679540 8.1411260 760.00 74.000
EDFZ/25 49.9703170 8.1544380 760.00 254.000
EDGE/10 50.9942017 10.4644003 1101.00 105.000
EDGE/28 50.9907122 10.4850630 1101.00 285.000
EDGS/13 50.7127770 8.0726450 1961.00 128.000
EDGS/31 50.7037800 8.0907570 1928.00 308.000
EDHI/05 53.5285504 9.8212911 15.75 52.000
EDHI/23 53.5389871 9.8431946 15.25 232.000
EDHK/08 54.3789005 10.1380469 97.73 82.000
EDHK/26 54.3802437 10.1541293 89.35 262.000
EDHL/07 53.8027324 10.7059438 52.14 72.000
EDHL/25 53.8077736 10.7319393 47.00 252.000
EDJA/06 47.9846524 10.2289874 2077.00 59.000
EDJA/24 47.9940105 10.2526450 2077.00 239.000
EDKN/10 51.1255028 7.3688749 861.00 104.000
EDKN/28 51.1238504 7.3748362 861.00 284.000
EDKV/06 50.4046643 6.5249186 1896.00 58.600
EDKV/24 50.4082144 6.5340192 1896.00 238.600
EDKZ/07 51.0988007 7.5951700 1548.00 73.000
EDKZ/25 51.1009773 7.6059537 1548.00 253.000
EDLA/05 51.4810982 7.8950200 793.00 50.000
EDLA/23 51.4864006 7.9051900 762.00 230.000
EDLE/06 51.4001999 6.9294400 386.00 66.000
EDLE/24 51.4045087 6.9452216 415.36 246.000
EDLI/11 51.9655432 8.5415961 454.00 111.000
EDLI/29 51.9634955 8.5504449 454.00 291.000
EDLN/13 51.2336998 6.4977899 124.00 129.000
EDLN/31 51.2270012 6.5112100 125.00 309.000
EDLP/05 51.6087000 8.6031800 697.00 57.000
EDLP/23 51.6194000 8.6295900 673.00 237.000
EDLS/11 51.9972000 6.8335900 157.00 108.000
EDLS/29 51.9947404 6.8459833 157.00 288.000
EDLV/09 51.6027985 6.1245399 95.00 92.000
EDLV/27 51.6021004 6.1597300 105.00 272.000
EDLW/06 51.5160094 7.6056910 415.45 61.000
EDLW/24 51.5221908 7.6231984 403.55 241.000
EDMA/07 48.4234009 10.9235001 1510.00 71.000
EDMA/25 48.4269981 10.9399004 1515.00 251.000
EDMB/04 48.1098369 9.7605076 1903.00 41.000
EDMB/22 48.1150345 9.7675963 1903.00 221.000
EDME/08 48.3957173 12.7143405 1341.69 87.000
EDME/26 48.3962730 12.7285875 1333.47 267.000
EDMH/06 49.1120000 10.7818000 1591.00 55.000
EDMH/24 49.1134000 10.7941000 1568.00 235.000
EDMN/15 48.1117519 10.5222759 1857.00 154.000
EDMN/33 48.1058959 10.5264606 1857.00 334.000
EDMO/04 48.0740013 11.2730999 1947.00 42.000
EDMO/22 48.0891991 11.2938004 1890.00 222.000
EDMS/09 48.9014904 12.5088575 1052.41 97.000
EDMS/27 48.9001010 12.5258000 1045.00 277.000
EDMU/10 48.5696509 10.3555384 1442.59 100.000
EDMU/28 48.5692735 10.3598611 1440.87 280.000
EDMV/12 48.6369836 13.1914114 991.00 121.000
EDMV/30 48.6327778 13.2014995 991.00 301.000
EDNL/05 47.8575551 10.0113335 2099.00 56.000
EDNL/23 47.8612986 10.0195361 2099.00 236.000
EDNV/06 47.9452949 12.2025420 1524.60 59.000
EDNV/24 47.9477280 12.2084440 1522.00 239.000
EDNY/06 47.6672133 9.5010101 1337.78 60.000
EDNY/24 47.6756763 9.5227104 1364.12 240.000
EDON/08 52.6119280 14.2249560 35.00 80.000
EDON/26 52.6140340 14.2602210 35.00 260.000
EDOV/08 52.6278000 11.8053999 141.00 83.000
EDOV/26 52.6297989 11.8346996 183.00 263.000
EDPA/09L 48.7778384 10.2590870 1916.00 89.000
EDPA/27R 48.7781103 10.2700454 1916.00 269.000
EDPC/16 47.9302070 12.2854610 1683.00 162.000
EDPC/34 47.9247101 12.2883006 1690.13 342.000
EDPH/10 49.2679465 11.0066671 1181.00 97.000
EDPH/28 49.2670000 11.0150000 1181.00 277.000
EDPM/09 48.6782650 9.8419720 2272.00 86.000
EDPM/27 48.6782020 9.8500290 2272.00 266.000
EDQA/03 49.9179178 10.9111642 814.32 32.000
EDQA/21 49.9234645 10.9182176 825.64 212.000
EDQC/12 50.2644000 10.9906000 1486.00 118.000
EDQC/30 50.2605020 11.0010000 1453.00 298.000
EDQD/06 49.9827132 11.6344796 1587.46 60.000
EDQD/24 49.9874000 11.6470000 1597.00 240.000
EDQE/08 49.7934280 11.1269519 1674.00 88.000
EDQE/26 49.7937012 11.1392002 1674.00 268.000
EDQG/08 49.6464460 9.9542830 979.00 78.000
EDQG/26 49.6497120 9.9779400 979.00 258.000
EDQK/09 50.1347008 11.4542999 1650.00 85.000
EDQK/27 50.1352997 11.4639997 1653.00 265.000
EDQL/04 50.1455994 11.0429859 853.00 44.000
EDQL/22 50.1505280 11.0508299 853.00 224.000
EDQM/08 50.2884126 11.8470765 1947.94 87.000
EDQM/26 50.2889732 11.8635559 1898.52 267.000
EDQR/14 50.0415306 10.8203840 816.00 140.000
EDQR/32 50.0378799 10.8251371 816.00 320.000
EDQT/11 50.0199585 10.5229921 718.00 113.000
EDQT/29 50.0162086 10.5363016 718.00 293.000
EDQY/07 50.2293968 10.9903841 1184.00 69.000
EDQY/25 50.2318268 11.0003681 1184.00 249.000
EDRB/05 49.9386465 6.5502031 1223.00 55.000
EDRB/23 49.9516107 6.5787386 1223.00 235.000
EDRK/06 50.3232575 7.5229818 640.00 58.000
EDRK/24 50.3279000 7.5348900 640.00 238.000
EDRT/05 49.8596000 6.7829100 665.00 42.000
EDRT/23 49.8666315 6.7942155 665.00 222.000
EDRY/16 49.3069998 8.4508817 312.00 165.000
EDRY/34 49.2972444 8.4548030 312.00 345.000
EDRZ/03 49.2001812 7.3923920 1124.87 30.000
EDRZ/21 49.2166587 7.4069074 1116.13 210.000
EDSB/03 48.7698280 8.0715905 405.00 32.000
EDSB/21 48.7888687 8.0894205 405.00 212.000
EDSN/09 47.9766190 8.8948920 2648.00 91.000
EDSN/27 47.9766410 8.9131680 2601.00 271.000
EDSO/07 48.6205970 9.6519120 2314.00 74.000
EDSO/25 48.6217390 9.6595360 2285.00 254.000
EDSX/07 49.0090443 9.3517542 1301.00 77.000
EDSX/25 49.0098308 9.3577425 1301.00 257.000
EDTB/03 48.7898330 8.1835120 405.00 32.000
EDTB/21 48.7956670 8.1895740 405.00 212.000
EDTD/18 47.9790922 8.5220024 2229.23 178.000
EDTD/36 47.9682999 8.5224104 2219.00 358.000
EDTF/16 48.0257888 7.8308395 799.00 160.000
EDTF/34 48.0195962 7.8342744 799.00 340.000
EDTG/05 47.8987007 7.6090002 695.00 53.000
EDTG/23 47.9076004 7.6266699 695.00 233.000
EDTL/03 48.3573990 7.8181300 511.00 28.000
EDTL/21 48.3810997 7.8373199 500.00 208.000
EDTM/07 48.0526241 9.3657570 1818.08 79.000
EDTM/25 48.0553059 9.3817681 1810.22 259.000
EDTY/10 49.1191534 9.7755881 1309.52 99.000
EDTY/28 49.1174761 9.7923431 1299.07 279.000
EDUF/08 51.5470009 13.2205000 284.00 80.000
EDUF/26 51.5489006 13.2376003 284.00 260.000
EDUS/09 51.6073990 13.7292995 399.00 89.000
EDUS/27 51.6076012 13.7467003 399.00 269.000
EDUW/17 53.9319990 13.2161000 23.00 171.000
EDUW/35 53.9124980 13.2214000 23.00 351.000
EDVE/08 52.3186362 10.5465003 274.96 85.000
EDVE/26 52.3202970 10.5756810 288.00 265.000
EDVK/09 51.4217990 9.3742300 861.00 95.000
EDVK/27 51.4198000 9.4100800 803.00 275.000
EDVM/07 52.1787784 9.9402365 293.00 73.000
EDVM/25 52.1813416 9.9533376 293.00 253.000
EDWE/07 53.3904488 7.2230364 2.00 73.000
EDWE/25 53.3923191 7.2330672 2.00 253.000
EDWF/08 53.2705994 7.4335098 3.00 79.000
EDWF/26 53.2725983 7.4510899 3.00 259.000
EDWI/02 53.4995328 8.0499652 16.00 18.000
EDWI/20 53.5077430 8.0552521 16.00 198.000
EDWR/05 53.5927010 6.7037900 3.00 45.000
EDWR/23 53.5975000 6.7129600 3.00 225.000
EDWR/12 53.5945809 6.7044655 3.00 118.000
EDWR/30 53.5912020 6.7133800 3.00 298.000
EDWR/13 53.5951000 6.7099600 3.00 128.000
EDWR/31 53.5891000 6.7212600 3.00 308.000
EDWY/08 53.7065010 7.2227200 6.00 81.000
EDWY/26 53.7071990 7.2377700 6.00 261.000
EDXF/11 54.7728004 9.3679304 130.00 108.000
EDXF/29 54.7699021 9.3832592 130.00 288.000
EDXJ/03 54.5057495 9.1333254 62.00 34.400
EDXJ/21 54.5141518 9.1432552 62.00 214.400
EDXR/03 54.2173996 9.5966196 23.00 35.000
EDXR/21 54.2244987 9.6049604 23.00 215.000
EDXW/06 54.9094010 8.3291700 27.00 58.000
EDXW/24 54.9170990 8.3519900 51.00 238.000
EDXW/14 54.9193000 8.3328800 32.00 142.000
EDXW/32 54.9039000 8.3520900 31.00 322.000
EEKA/14 58.9964981 22.8237000 11.00 147.000
EEKA/32 58.9868121 22.8357161 13.53 327.000
EEKE/05 58.2291985 22.5072002 11.00 59.000
EEKE/23 58.2328987 22.5188007 5.00 239.000
EEKE/17 58.2410010 22.5092280 14.00 180.000
EEKE/35 58.2231100 22.5094890 8.00 0.000
EEPU/03 58.4135170 24.4656810 21.00 35.000
EEPU/21 58.4279520 24.4851610 47.00 215.000
EERD/08 58.0844421 25.8919449 289.00 87.000
EERD/26 58.0847206 25.9033337 289.00 267.000
EETN/08 59.4133379 24.8103253 129.14 90.000
EETN/26 59.4131740 24.8672080 131.00 270.000
EETU/08 58.3072052 26.6715794 210.00 88.000
EETU/26 58.3075981 26.7021999 193.00 268.000
EFAA/14 67.6065980 23.9657000 738.00 138.000
EFAA/32 67.6008990 23.9790990 738.00 318.000
EFAL/08 62.5541000 23.5634003 407.00 79.800
EFAL/26 62.5553017 23.5781994 407.00 259.800
EFET/03 68.3552017 23.4104996 999.00 34.700
EFET/21 68.3700027 23.4382000 1005.00 214.700
EFFO/04 60.8026894 23.6489003 325.00 42.800
EFFO/22 60.8061704 23.6555517 325.00 222.800
EFHA/08 61.8553009 24.7619991 478.00 86.000
EFHA/26 61.8568001 24.8113003 473.00 266.000
EFHK/04L 60.3129005 24.9039001 133.00 48.000
EFHK/22R 60.3311415 24.9438936 177.12 228.000
EFHK/04R 60.3109105 24.9355798 151.79 48.000
EFHK/22L 60.3306920 24.9790920 149.00 228.000
EFHK/15 60.3302994 24.9645004 162.00 154.100
EFHK/33 60.3070984 24.9883003 146.00 334.100
EFHN/03 59.8437947 23.0799904 20.00 33.800
EFHN/21 59.8528072 23.0919089 20.00 213.800
EFHV/04 60.6515700 24.8753500 430.00 47.000
EFHV/22 60.6594700 24.8917400 430.00 227.000
EFHV/12 60.6572500 24.8757800 394.00 127.000
EFHV/30 60.6507500 24.8879700 417.00 307.000
EFIK/18 60.4673996 23.6520004 364.00 182.000
EFIK/36 60.4589996 23.6513004 381.00 2.000
EFIV/04 68.5996017 27.3829002 480.00 47.000
EFIV/22 68.6148987 27.4277992 463.00 227.000
EFIV/08 68.6061020 27.4232998 475.00 92.000
EFIV/26 68.6057968 27.4428997 468.00 272.000
EFJM/09 61.7816010 22.7019005 505.00 94.100
EFJM/27 61.7811012 22.7183990 505.00 274.100
EFJM/15 61.7778015 22.7145996 505.00 153.600
EFJM/33 61.7710991 22.7215996 505.00 333.700
EFJO/10 62.6646004 29.5977001 398.00 110.000
EFJO/28 62.6567993 29.6434002 364.00 290.000
EFJO/17 62.6622009 29.6075993 391.00 181.000
EFJO/35 62.6514015 29.6072998 371.00 1.000
EFJY/12 62.4076004 25.6601009 452.00 134.000
EFJY/30 62.3913994 25.6963997 407.00 314.000
EFKA/17 63.1391983 23.0499992 151.00 177.000
EFKA/35 63.1150017 23.0529003 132.00 357.000
EFKE/18 65.7929993 24.5860004 48.00 188.000
EFKE/36 65.7707977 24.5788994 31.00 8.000
EFKI/07 64.2834015 27.6669998 430.00 80.000
EFKI/25 64.2874985 27.7178001 483.00 260.000
EFKK/01 63.7078018 23.1382008 78.00 11.000
EFKK/19 63.7299004 23.1474991 82.00 191.000
EFKS/12 65.9945565 29.2203558 865.98 132.000
EFKS/30 65.9800034 29.2598991 865.00 312.000
EFKT/16 67.7118988 24.8397999 632.00 166.000
EFKT/34 67.6901016 24.8539009 644.00 346.000
EFKU/15 63.0181007 27.7875996 306.00 157.100
EFKU/33 62.9948997 27.8090992 316.00 337.200
EFLA/18 61.1497000 25.6919000 502.00 185.000
EFLA/36 61.1447980 25.6909010 502.00 5.000
EFLP/06 61.0401001 28.1231003 348.00 67.000
EFLP/24 61.0489998 28.1657009 349.00 247.100
EFMA/03 60.1143990 19.8913994 4.00 23.000
EFMA/21 60.1300011 19.9048996 17.00 203.000
EFMI/11 61.6888260 27.1911467 321.98 113.000
EFMI/29 61.6841521 27.2147492 316.41 293.000
EFOU/12 64.9357986 25.3318996 47.00 121.000
EFOU/30 64.9243011 25.3771992 33.00 301.000
EFPI/12 61.2486992 22.1844006 140.00 126.000
EFPI/30 61.2433014 22.1996994 146.00 306.000
EFPI/17 61.2505989 22.1917992 148.00 172.000
EFPI/35 61.2410011 22.1947994 145.00 352.000
EFPO/12 61.4675988 21.7827481 43.64 126.000
EFPO/30 61.4576229 21.8118466 36.32 306.000
EFPO/17 61.4640007 21.7985001 36.00 174.000
EFPO/35 61.4567986 21.8001003 31.00 354.000
EFRO/03 66.5541000 25.8099995 633.00 37.000
EFRO/21 66.5755005 25.8509007 609.00 217.000
EFSA/12 61.9491005 28.9272995 311.00 126.000
EFSA/30 61.9370003 28.9629002 289.00 306.000
EFSE/04 61.0597000 26.7882004 406.00 42.600
EFSE/22 61.0672989 26.8029995 413.00 222.600
EFSE/12 61.0670013 26.7889004 415.00 132.900
EFSE/30 61.0589981 26.8069992 401.00 312.900
EFSI/14 62.6971130 22.8218937 292.00 136.000
EFSI/32 62.6841698 22.8489246 285.00 316.000
EFSO/16 67.4014969 26.6147003 598.00 165.000
EFSO/34 67.3884964 26.6236000 597.00 345.000
EFTP/06 61.4089012 23.5816002 390.00 64.300
EFTP/24 61.4193993 23.6271992 366.00 244.400
EFTU/08 60.5130997 22.2401009 132.00 85.000
EFTU/26 60.5150986 22.2854996 141.00 265.000
EFUT/07 60.8945007 26.9202995 328.00 78.000
EFUT/25 60.8983002 26.9563999 339.00 258.000
EFVA/16 63.0620995 21.7544994 19.00 163.000
EFVA/34 63.0405760 21.7689713 11.48 343.000
EFVR/14 62.1803017 27.8540993 286.00 142.000
EFVR/32 62.1663017 27.8778992 255.00 322.000
EFYL/15 64.0605011 24.7159996 246.00 155.100
EFYL/33 64.0483017 24.7289009 247.00 335.100
EG-0078/04 31.1746998 29.9381008 -8.00 45.100
EG-0078/22 31.1886997 29.9545002 -9.00 225.100
EG74/06 52.4816425 -1.1448299 461.89 58.400
EG74/24 52.4922571 -1.1165013 455.11 238.400
EGAA/07 54.6523018 -6.2352400 206.00 65.000
EGAA/25 54.6627998 -6.1961799 268.00 245.000
EGAA/17 54.6565331 -6.2278513 210.40 162.000
EGAA/35 54.6439097 -6.2207246 253.79 342.000
EGAB/14 54.4018113 -7.6563512 154.00 140.000
EGAB/32 54.3964851 -7.6485160 154.00 320.000
EGAC/04 54.6120810 -5.8798975 12.95 35.000
EGAC/22 54.6249008 -5.8644300 12.00 215.000
EGAE/08 55.0406238 -7.1737782 11.00 73.000
EGAE/26 55.0452000 -7.1473300 11.00 253.000
EGAH/08 -75.5971985 -26.2787991 103.00 79.000
EGAH/26 -75.5953979 -26.2430000 103.00 259.000
EGAR/18 -67.5638350 -68.1233370 13.00 201.000
EGAR/36 -67.5711670 -68.1308360 13.00 21.000
EGBB/15 52.4633720 -1.7588260 307.20 148.000
EGBB/33 52.4463904 -1.7394069 324.61 328.000
EGBE/05 52.3643990 -1.4892800 267.00 47.400
EGBE/23 52.3747204 -1.4709582 265.14 227.400
EGBG/04 52.6035995 -1.0297199 463.00 37.800
EGBG/22 52.6072006 -1.0255600 467.00 217.800
EGBG/06 52.6053009 -1.0308300 463.00 54.800
EGBG/24 52.6068993 -1.0272200 469.00 234.800
EGBG/10 52.6081009 -1.0386100 450.00 96.000
EGBG/28 52.6072006 -1.0252800 467.00 276.000
EGBG/15 52.6077995 -1.0338900 464.00 148.800
EGBG/33 52.6039009 -1.0300000 463.00 328.800
EGBG/16 52.6074982 -1.0327801 464.00 150.800
EGBG/34 52.6043015 -1.0298600 463.00 330.800
EGBJ/03 51.8885990 -2.1681300 83.00 35.000
EGBJ/21 51.8952521 -2.1608163 85.73 215.000
EGBJ/08 51.8936924 -2.1755076 75.07 85.000
EGBJ/26 51.8944543 -2.1612212 84.16 265.000
EGBN/03 52.9166985 -1.0794400 114.00 27.800
EGBN/21 52.9230995 -1.0736099 95.00 207.800
EGBN/09 52.9210668 -1.0826540 119.49 88.000
EGBN/27 52.9209620 -1.0748038 94.26 268.000
EGBO/04 52.5163155 -2.2658424 260.52 37.300
EGBO/22 52.5204558 -2.2613654 269.44 217.300
EGBO/10 52.5171269 -2.2650440 260.36 97.000
EGBO/28 52.5164533 -2.2577321 271.03 277.000
EGBO/16 52.5205969 -2.2619108 277.19 156.000
EGBO/34 52.5141400 -2.2573368 277.84 336.000
EGBP/08 51.6668557 -2.0686353 431.21 80.400
EGBP/26 51.6692041 -2.0462169 414.77 260.400
EGBS/08 52.2411840 -2.8873080 317.00 86.000
EGBS/26 52.2421380 -2.8751640 301.00 266.000
EGBW/05 52.1871986 -1.6177800 159.00 46.000
EGBW/23 52.1910019 -1.6113900 156.00 226.000
EGBW/18 52.1963997 -1.6150000 152.00 176.000
EGBW/36 52.1880989 -1.6138901 157.00 356.000
EGCC/05L 53.3475171 -2.2877406 217.18 51.000
EGCC/23R 53.3613650 -2.2592817 246.78 231.000
EGCC/05R 53.3320010 -2.3106600 186.00 51.000
EGCC/23L 53.3480561 -2.2771454 224.53 231.000
EGCK/02 53.1001739 -4.3421163 12.07 13.200
EGCK/20 53.1087990 -4.3387299 13.00 193.200
EGCK/07 53.1007654 -4.3425356 11.94 71.000
EGCK/25 53.1030376 -4.3313205 11.10 251.000
EGCW/04 52.6255068 -3.1569158 233.00 36.000
EGCW/22 52.6313911 -3.1499662 233.00 216.000
EGDC/10 51.0871010 -4.1635098 20.00 90.200
EGDC/28 51.0872002 -4.1373501 24.00 270.200
EGDM/05 51.1441002 -1.7686100 401.00 50.000
EGDM/23 51.1619987 -1.7345200 378.00 230.000
EGDM/17 51.1615982 -1.7336900 378.00 167.000
EGDM/35 51.1447983 -1.7273300 356.00 347.000
EGDO/05 49.9906998 -5.2370000 283.00 39.000
EGDO/23 50.0042992 -5.2196698 289.00 219.000
EGDR/06 50.0852013 -5.2634702 251.00 63.000
EGDR/24 50.0895004 -5.2504902 264.00 243.000
EGDR/11 50.0886002 -5.2659101 258.00 113.000
EGDR/29 50.0821991 -5.2423501 267.00 293.000
EGDR/18 50.0900002 -5.2518702 261.00 178.500
EGDR/36 50.0805016 -5.2514701 253.00 358.500
EGDX/07 51.4028015 -3.4460101 160.00 73.000
EGDX/25 51.4076004 -3.4209199 133.00 253.000
EGDY/04 51.0037003 -2.6441901 75.00 37.000
EGDY/22 51.0141983 -2.6316199 69.00 217.000
EGDY/08 51.0070000 -2.6617200 53.00 83.100
EGDY/26 51.0094736 -2.6293687 68.84 263.100
EGEC/11 55.4375996 -5.6879772 38.00 106.000
EGEC/29 55.4355976 -5.6758352 38.00 286.000
EGEO/01 56.4591894 -5.4006616 23.00 6.000
EGEO/19 56.4675685 -5.3992045 23.00 186.000
EGFA/08 52.1141043 -4.5628296 419.71 72.000
EGFA/26 52.1164857 -4.5511031 413.31 252.000
EGFD/17 52.8144612 -4.1300278 20.37 169.700
EGFD/35 52.7949982 -4.1242599 29.00 349.700
EGFE/03 51.8288674 -4.9649878 141.89 30.000
EGFE/21 51.8370137 -4.9575364 146.00 210.000
EGFE/09 51.8339644 -4.9667907 145.69 88.300
EGFE/27 51.8341457 -4.9583348 140.02 268.300
EGFF/12 51.4005091 -3.3555599 205.83 117.000
EGFF/30 51.3924857 -3.3301467 212.43 297.000
EGFH/04 51.6003428 -4.0736914 262.54 36.000
EGFH/22 51.6094456 -4.0629154 292.74 216.000
EGFH/10 51.6011640 -4.0757870 255.96 97.000
EGFH/28 51.6004318 -4.0643993 255.03 277.000
EGGD/09 51.3820990 -2.7335000 613.00 87.000
EGGD/27 51.3831384 -2.7066130 601.81 267.000
EGGP/09 53.3328862 -2.8659652 59.48 86.000
EGGP/27 53.3344240 -2.8326490 77.00 266.000
EGGW/07 51.8720020 -0.3835500 515.00 74.000
EGGW/25 51.8769902 -0.3545238 508.28 254.000
EGHC/07 50.1014670 -5.6786220 373.00 68.000
EGHC/25 50.1038820 -5.6706580 373.00 248.000
EGHC/16 50.1051330 -5.6720890 384.00 162.000
EGHC/34 50.0994260 -5.6685470 387.00 342.000
EGHE/09 49.9133000 -6.2954200 103.00 87.000
EGHE/27 49.9135020 -6.2884400 105.00 267.000
EGHE/14 49.9152980 -6.2945300 104.00 139.000
EGHE/32 49.9112010 -6.2890700 82.00 319.000
EGHH/08 50.7784810 -1.8521389 36.70 75.000
EGHH/26 50.7827000 -1.8267900 31.00 255.000
EGHI/02 50.9436230 -1.3605401 31.50 19.000
EGHI/20 50.9558246 -1.3537105 42.56 199.000
EGHL/09 51.1870003 -1.0464300 603.00 86.000
EGHL/27 51.1882019 -1.0207900 570.00 266.000
EGHQ/12 50.4469990 -5.0120300 306.00 122.000
EGHQ/30 50.4345020 -4.9787600 390.00 302.000
EGJA/03 49.7040000 -2.2150000 277.00 27.000
EGJA/21 49.7080000 -2.2120000 285.00 207.000
EGJA/08 49.7060010 -2.2208500 284.00 80.000
EGJA/26 49.7074010 -2.2088400 290.00 260.000
EGJA/13 49.7089000 -2.2213400 268.00 133.000
EGJA/31 49.7043990 -2.2139400 277.00 313.000
EGJB/09 49.4347032 -2.6119010 302.22 88.000
EGJB/27 49.4351966 -2.5920391 335.78 268.000
EGJJ/08 49.2070678 -2.2060971 270.04 83.000
EGJJ/26 49.2088001 -2.1849252 270.95 263.000
EGKA/02 50.8331676 -0.2987847 7.00 22.000
EGKA/20 50.8391055 -0.2951040 7.00 202.000
EGKA/06 50.8326000 -0.3002920 6.00 64.000
EGKA/24 50.8362010 -0.2889330 6.00 244.000
EGKA/13 50.8382990 -0.2945220 7.00 125.000
EGKA/31 50.8362010 -0.2897420 6.00 305.000
EGKB/03 51.3255636 0.0285215 569.00 25.000
EGKB/21 51.3382990 0.0380500 517.00 205.000
EGKK/08L 51.1474930 -0.2080984 195.00 78.000
EGKK/26R 51.1510464 -0.1826339 195.00 258.000
EGKK/08R 51.1458369 -0.2068401 196.00 78.000
EGKK/26L 51.1506950 -0.1719762 196.00 258.000
EGLC/09 51.5055760 0.0443330 16.00 93.000
EGLC/27 51.5048940 0.0660260 19.00 273.000
EGLF/06 51.2728795 -0.7851887 223.67 62.000
EGLF/24 51.2781100 -0.7692484 220.57 242.000
EGLJ/18 51.6833000 -1.0770900 222.00 178.000
EGLJ/36 51.6723154 -1.0764633 237.42 358.000
EGLK/07 51.3227690 -0.8533348 322.36 72.000
EGLK/25 51.3249847 -0.8418948 323.62 252.000
EGLL/09L 51.4774899 -0.4850070 78.92 90.000
EGLL/27R 51.4776810 -0.4332270 78.00 270.000
EGLL/09R 51.4647799 -0.4823509 75.17 90.000
EGLL/27L 51.4649570 -0.4340480 77.00 270.000
EGLM/07R 51.4983530 -0.7814360 125.00 65.000
EGLM/25L 51.5014140 -0.7711010 132.00 245.000
EGMA/07 52.0758710 0.0559940 124.00 65.000
EGMA/25 52.0785450 0.0653000 124.00 245.000
EGMC/05 51.5681197 0.6883051 47.87 54.000
EGMC/23 51.5748279 0.7032868 37.94 234.000
EGMD/03 50.9505000 0.9333640 10.00 33.000
EGMD/21 50.9613366 0.9443964 11.95 213.000
EGNC/01 54.9354630 -2.8113334 151.00 1.120
EGNC/19 54.9410977 -2.8111423 157.83 181.120
EGNC/06 54.9351205 -2.8159534 148.35 59.000
EGNC/24 54.9394109 -2.8031595 178.87 239.000
EGNE/02 53.2753061 -0.9554773 83.20 25.000
EGNE/20 53.2861498 -0.9470590 77.80 205.000
EGNH/10 53.7722020 -3.0426900 32.00 95.000
EGNH/28 53.7709010 -3.0144400 28.00 275.000
EGNH/13 53.7737135 -3.0419593 31.71 127.000
EGNH/31 53.7686000 -3.0307400 30.00 307.000
EGNJ/02 53.5653000 -0.3570580 121.00 22.000
EGNJ/20 53.5815505 -0.3458381 79.25 202.000
EGNJ/08 53.5758020 -0.3534690 87.00 82.000
EGNJ/26 53.5768521 -0.3406499 85.40 262.000
EGNL/05 54.1239014 -3.2661099 38.00 56.000
EGNL/23 54.1297267 -3.2548642 24.73 236.000
EGNL/17 54.1330986 -3.2692900 33.00 166.000
EGNL/35 54.1242981 -3.2655699 44.00 346.000
EGNM/14 53.8714501 -1.6690898 671.57 138.000
EGNM/32 53.8603581 -1.6520619 663.43 318.000
EGNO/07 53.7415891 -2.9003597 30.66 71.000
EGNO/25 53.7484016 -2.8665099 55.00 251.000
EGNR/04 53.1732356 -2.9846878 28.99 41.000
EGNR/22 53.1829653 -2.9705829 19.01 221.000
EGNS/03 54.0785371 -4.6310266 25.30 28.000
EGNS/21 54.0872960 -4.6231160 52.00 208.000
EGNS/08 54.0819289 -4.6346004 29.41 78.000
EGNS/26 54.0850884 -4.6094781 31.80 258.000
EGNT/07 55.0339574 -1.7046320 261.76 65.000
EGNT/25 55.0417843 -1.6752038 240.40 245.000
EGNV/05 54.5022011 -1.4424300 115.00 48.000
EGNV/23 54.5162010 -1.4163800 116.00 228.000
EGNX/09 52.8306574 -1.3468948 304.51 88.000
EGNX/27 52.8313612 -1.3086016 283.08 268.000
EGOE/05 52.8707008 -2.5360301 265.00 43.000
EGOE/23 52.8756568 -2.5284805 270.65 223.000
EGOE/10 52.8735008 -2.5401700 264.00 99.000
EGOE/28 52.8725693 -2.5296458 267.19 279.000
EGOQ/04 53.2545247 -4.3801714 187.55 37.000
EGOQ/22 53.2650986 -4.3666201 197.00 217.000
EGOS/04 52.7927020 -2.6766800 248.00 45.000
EGOS/22 52.8014980 -2.6623100 238.00 225.000
EGOS/18 52.8017998 -2.6679800 242.00 180.000
EGOS/36 52.7854004 -2.6679299 237.00 0.000
EGOV/01 53.2435989 -4.5405598 18.00 6.300
EGOV/19 53.2574965 -4.5380011 34.30 186.300
EGOV/13 53.2537994 -4.5461998 30.00 131.000
EGOV/31 53.2405014 -4.5202498 22.00 311.000
EGOW/03 53.5752983 -3.0638299 32.00 33.000
EGOW/21 53.5881996 -3.0513301 35.00 213.000
EGOW/08 53.5778918 -3.0627757 32.66 83.000
EGOW/26 53.5790474 -3.0530023 30.18 263.000
EGPA/09 58.9577817 -2.9098571 38.12 87.000
EGPA/27 58.9582832 -2.8885254 38.97 267.000
EGPA/14 58.9604990 -2.9092200 38.00 140.000
EGPB/09 59.8808046 -1.3051350 19.98 84.000
EGPB/27 59.8819699 -1.2849005 15.11 264.000
EGPB/15 59.8805394 -1.2985186 7.13 144.000
EGPB/33 59.8729626 -1.2872710 7.87 324.000
EGPC/13 58.4623462 -3.1020380 114.00 127.000
EGPC/31 58.4554776 -3.0846856 114.00 307.000
EGPD/16 57.2094994 -2.2034099 203.00 158.000
EGPD/34 57.1943016 -2.1921599 215.00 338.000
EGPE/05 57.5373892 -4.0586736 29.68 49.000
EGPE/23 57.5480000 -4.0355700 21.00 229.000
EGPE/11 57.5446010 -4.0598700 31.00 110.000
EGPE/29 57.5425000 -4.0488100 25.00 290.000
EGPF/05 55.8634990 -4.4490600 26.00 46.000
EGPF/23 55.8780359 -4.4217548 21.56 226.000
EGPG/07 55.9735530 -3.9816920 348.00 76.000
EGPG/25 55.9757610 -3.9691720 329.00 256.000
EGPH/06 55.9449882 -3.3872029 109.17 59.000
EGPH/24 55.9549097 -3.3579978 100.83 239.000
EGPI/07 55.6824460 -6.2587510 33.00 73.000
EGPI/25 55.6840031 -6.2511020 52.01 253.000
EGPI/12 55.6858258 -6.2660559 24.54 112.000
EGPI/30 55.6810152 -6.2532999 37.46 292.000
EGPK/02 55.4884000 -4.5874100 48.00 24.000
EGPK/20 55.5033990 -4.5757600 60.00 204.000
EGPK/12 55.5152681 -4.6114359 40.21 121.000
EGPK/30 55.5023990 -4.5744800 65.00 301.000
EGPL/06 57.4770175 -7.3736345 15.80 55.000
EGPL/24 57.4858020 -7.3500700 13.00 235.000
EGPL/17 57.4869000 -7.3657500 18.00 167.000
EGPL/35 57.4762000 -7.3611800 13.00 347.000
EGPN/09 56.4524994 -3.0371799 17.00 91.000
EGPN/27 56.4524002 -3.0144801 13.00 271.000
EGPO/06 58.2121010 -6.3358102 26.00 60.000
EGPO/24 58.2164993 -6.3210502 21.00 240.000
EGPO/18 58.2243244 -6.3327364 15.95 174.300
EGPO/36 58.2057991 -6.3291998 15.00 354.300
EGPU/05 56.4949989 -6.8771901 30.00 47.000
EGPU/23 56.5032814 -6.8611410 20.37 227.000
EGPU/11 56.5028000 -6.8794398 38.00 109.500
EGPU/29 56.5003014 -6.8666701 24.00 289.500
EGPU/17 56.5074997 -6.8775001 33.00 168.000
EGPU/35 56.5022011 -6.8755598 36.00 348.000
EGQL/08 56.3733390 -2.8773672 29.06 82.000
EGQL/26 56.3764000 -2.8402500 21.00 262.000
EGQS/05 57.6980019 -3.3534200 20.00 43.700
EGQS/23 57.7153952 -3.3223915 23.87 223.700
EGQS/10 57.7071987 -3.3422035 38.89 96.500
EGQS/28 57.7053986 -3.3130100 37.00 276.500
EGSC/05 52.2006293 0.1666447 36.41 50.000
EGSC/23 52.2098623 0.1843829 46.11 230.000
EGSF/10 52.4686012 -0.2583330 26.00 94.000
EGSF/28 52.4678697 -0.2455228 26.00 274.000
EGSG/03L 51.6487180 0.1511230 185.00 37.000
EGSG/21R 51.6554322 0.1586603 121.40 217.000
EGSG/03R 51.6485210 0.1515530 185.00 37.000
EGSG/21L 51.6550431 0.1588581 126.70 217.000
EGSG/10 51.6561360 0.1511700 90.00 100.000
EGSG/28 51.6555309 0.1583036 106.75 280.000
EGSH/09 52.6758000 1.2690500 117.00 90.000
EGSH/27 52.6759990 1.2962700 106.00 270.000
EGSS/04 51.8769897 0.2229187 326.32 44.000
EGSS/22 51.8951660 0.2500500 348.00 224.000
EGSU/06 52.0868990 0.1236110 124.00 60.000
EGSU/24 52.0929815 0.1404755 107.71 240.000
EGSU/06L 52.0894012 0.1252780 116.00 59.000
EGSU/24R 52.0936012 0.1363890 104.00 239.000
EGSX/02 51.7167133 0.1523227 321.00 18.000
EGSX/20 51.7287284 0.1574575 321.00 198.000
EGTB/06 51.6102310 -0.8128780 513.00 62.000
EGTB/24 51.6132700 -0.8035330 513.00 242.000
EGTC/03 52.0667655 -0.6220078 358.00 32.000
EGTC/21 52.0789990 -0.6097970 358.00 212.000
EGTE/08 50.7320680 -3.4280220 99.00 76.000
EGTE/26 50.7364660 -3.3999390 102.00 256.000
EGTF/06 51.3463376 -0.5629925 77.87 59.000
EGTF/24 51.3498993 -0.5539618 76.03 239.000
EGTK/01 51.8300510 -1.3220590 248.00 11.000
EGTK/19 51.8433570 -1.3180080 258.00 191.000
EGTP/05 50.3274994 -5.1843700 330.00 44.000
EGTP/23 50.3335991 -5.1751800 325.00 224.000
EGTP/09 50.3288994 -5.1859102 330.00 87.000
EGTP/27 50.3292999 -5.1753998 332.00 267.000
EGTR/08 51.6553150 -0.3304380 326.00 80.000
EGTR/26 51.6563460 -0.3212230 297.00 260.000
EGTU/04 50.8562010 -3.2380000 839.00 44.000
EGTU/22 50.8608923 -3.2319202 829.96 224.000
EGTU/17 50.8643990 -3.2350000 816.00 170.000
EGTU/35 50.8586010 -3.2333300 833.00 350.000
EGUB/01 51.6068993 -1.0976501 178.00 8.000
EGUB/19 51.6231003 -1.0940700 203.00 188.000
EGUL/05 52.4025000 0.5443830 27.00 56.000
EGUL/23 52.4164010 0.5776470 28.00 236.000
EGUN/10 52.3643000 0.4680000 27.00 103.000
EGUN/28 52.3587000 0.5081670 33.00 283.000
EGUW/05 52.1214435 0.9453228 281.77 48.000
EGUW/23 52.1343002 0.9685310 278.00 228.000
EGVA/09 51.6829987 -1.8120000 286.00 88.000
EGVA/27 51.6839981 -1.7680000 255.00 268.000
EGVN/07 51.7461014 -1.6041300 284.00 74.000
EGVN/25 51.7538986 -1.5617900 249.00 254.000
EGVO/09 51.2345006 -0.9558773 395.00 93.000
EGVO/27 51.2337990 -0.9296280 391.00 273.000
EGWC/06 52.6379141 -2.3121431 258.53 58.000
EGWC/24 52.6431833 -2.2984071 271.47 238.000
EGWU/07 51.5503856 -0.4297704 114.54 69.700
EGWU/25 51.5553017 -0.4081670 124.00 249.700
EGXC/07 53.0892980 -0.1855640 19.00 72.000
EGXC/25 53.0970000 -0.1466920 25.00 252.000
EGXE/16 54.3018990 -1.5426100 111.00 156.000
EGXE/34 54.2831990 -1.5281800 132.00 336.000
EGXG/06 53.8304614 -1.2051817 29.00 54.700
EGXG/24 53.8392982 -1.1839700 29.00 234.700
EGXG/16 53.8442001 -1.2028000 29.00 155.700
EGXG/34 53.8322371 -1.1937620 27.24 335.700
EGXH/09 52.3409996 0.7531110 165.00 81.000
EGXH/27 52.3446999 0.7929060 159.00 261.000
EGXT/07 52.6095009 -0.4955000 273.00 74.000
EGXT/25 52.6166992 -0.4566670 244.00 254.000
EGXW/02 53.1538470 -0.5320050 227.00 22.000
EGXW/20 53.1783870 -0.5157630 220.00 202.000
EGXY/06 53.0172000 -0.9282890 224.00 63.000
EGXY/24 53.0246010 -0.9040250 186.00 243.000
EGXY/15 53.0273020 -0.9153470 223.00 151.000
EGXY/33 53.0168000 -0.9055360 182.00 331.000
EGXZ/02 54.2008698 -1.3848710 82.52 22.000
EGXZ/20 54.2131996 -1.3764700 92.00 202.000
EGXZ/13 54.2092018 -1.3888800 87.00 126.000
EGXZ/31 54.2042693 -1.3771517 84.01 306.000
EGYD/01 53.0210991 -0.4854140 177.00 8.000
EGYD/19 53.0340004 -0.4823310 181.00 188.000
EGYD/03 53.0392000 -0.4956220 199.00 30.000
EGYD/21 53.0477490 -0.4872750 182.00 210.000
EGYD/06 53.0402600 -0.5004000 210.00 64.000
EGYD/24 53.0449180 -0.4842920 181.00 209.000
EGYD/08 53.0287018 -0.5057030 218.00 83.000
EGYD/26 53.0307999 -0.4787420 181.00 263.000
EGYE/06 52.9589172 -0.5710159 364.35 58.000
EGYE/24 52.9673996 -0.5488750 323.00 238.000
EGYE/10 52.9603004 -0.5722610 367.00 103.000
EGYE/28 52.9580096 -0.5559066 344.13 283.000
EGYE/18 52.9650002 -0.5561670 367.00 178.000
EGYE/36 52.9581985 -0.5556670 367.00 358.000
EGYM/01 52.6391980 0.5557310 53.00 9.000
EGYM/19 52.6549000 0.5596780 74.00 189.000
EGYM/05 52.6412010 0.5335360 55.00 55.000
EGYM/23 52.6553000 0.5674030 57.00 235.000
EGYP/05 -51.8244019 -58.4510994 215.00 55.000
EGYP/23 -51.8166008 -58.4329987 202.00 235.000
EGYP/10 -51.8176994 -58.4762993 244.00 105.000
EGYP/28 -51.8238983 -58.4399986 208.00 285.000
EHAL/08 53.4534340 5.6719330 11.00 87.000
EHAL/26 53.4537700 5.6847860 11.00 267.000
EHAM/04 52.3003998 4.7834802 -13.00 41.000
EHAM/22 52.3139992 4.8030200 -14.00 221.000
EHAM/06 52.2890901 4.7371366 -11.07 58.000
EHAM/24 52.3045998 4.7775202 -12.00 238.000
EHAM/09 52.3166430 4.7476663 -12.03 87.000
EHAM/27 52.3184013 4.7968898 -13.00 267.000
EHAM/18C 52.3314018 4.7400298 -13.00 183.000
EHAM/36C 52.3058401 4.7378465 -12.14 3.000
EHAM/18L 52.3161351 4.7795173 -11.83 183.000
EHAM/36R 52.2907982 4.7773499 -11.00 3.000
EHAM/18R 52.3602761 4.7117217 -12.93 183.000
EHAM/36L 52.3286018 4.7088399 -12.00 3.000
EHBD/03 51.2518885 5.5980092 114.83 30.000
EHBD/21 51.2598470 5.6052796 111.45 210.000
EHBK/03 50.9037448 5.7618320 365.45 30.000
EHBK/21 50.9187621 5.7777233 369.55 205.000
EHDL/01 52.0658322 5.8750662 152.83 18.000
EHDL/19 52.0700063 5.8769042 156.17 198.000
EHDR/07 53.1180000 6.1229000 14.00 74.000
EHDR/25 53.1200208 6.1348017 14.00 255.000
EHEH/03 51.4410274 5.3639897 72.50 31.000
EHEH/21 51.4593133 5.3849228 67.50 213.000
EHGG/05 53.1110840 6.5608970 13.00 52.000
EHGG/23 53.1249540 6.5902670 13.00 232.000
EHGR/02 51.5559041 4.9334720 48.74 16.000
EHGR/20 51.5722964 4.9418425 40.26 197.000
EHGR/10 51.5693371 4.9138449 41.81 98.000
EHGR/28 51.5653427 4.9500082 38.15 279.000
EHHV/07 52.1909680 5.1415360 3.00 63.000
EHHV/25 52.1929890 5.1496890 3.00 244.000
EHHV/12 52.1915630 5.1411030 3.00 120.000
EHHV/30 52.1883350 5.1491970 3.00 301.000
EHHV/18 52.1947440 5.1481780 3.00 177.000
EHHV/36 52.1884540 5.1483580 3.00 358.000
EHKD/03 52.9206098 4.7771677 2.81 30.000
EHKD/21 52.9263308 4.7839829 2.19 212.000
EHLE/05 52.4448200 5.4995420 -12.00 46.000
EHLE/23 52.4612080 5.5288700 -12.00 225.000
EHLW/05 53.2205974 5.7409271 4.00 53.000
EHLW/23 53.2295632 5.7634793 4.00 233.000
EHLW/09 53.2287174 5.7405622 3.03 88.000
EHLW/27 53.2285004 5.7696700 4.00 268.000
EHMZ/09 51.3044000 3.4352000 6.00 87.000
EHOW/06 53.2073600 7.0278100 1.00 64.000
EHRD/06 51.9531044 4.4306587 -15.00 56.000
EHRD/24 51.9617677 4.4526895 -15.00 235.000
EHSE/06 51.5534970 4.5479430 30.00 63.000
EHSE/24 51.5564800 4.5588990 30.00 245.000
EHTE/08 52.2424540 6.0416310 17.00 84.000
EHTE/26 52.2432360 6.0591470 17.00 264.000
EHTW/05 52.2696331 6.8747023 100.43 56.000
EHTW/23 52.2820107 6.9034996 112.51 236.000
EHVK/06L 51.6506821 5.6908962 70.69 56.000
EHVK/24R 51.6637001 5.7247626 64.31 235.000
EHVK/06R 51.6491006 5.6925038 71.69 55.000
EHVK/24L 51.6621162 5.7263262 65.31 236.000
EHWO/07L 51.4477540 4.3281560 50.00 69.000
EHWO/25R 51.4546620 4.3575130 59.00 249.000
EHWO/07R 51.4452020 4.3256700 39.00 67.000
EHWO/25L 51.4528010 4.3585000 63.00 248.000
EICK/07 51.8415985 -8.4960003 471.00 63.000
EICK/25 51.8470001 -8.4791203 502.00 243.000
EICK/16 51.8502998 -8.4964399 477.00 160.000
EICK/34 51.8322983 -8.4857903 460.00 340.000
EICM/08 53.2988014 -8.9505301 65.00 75.000
EICM/26 53.3013218 -8.9340132 80.00 255.000
EIDL/02 55.0395887 -8.3440067 12.67 20.000
EIDL/20 55.0488093 -8.3380636 27.33 200.000
EIDW/10L 53.4371600 -6.2806200 235.00 97.000
EIDW/28R 53.4352000 -6.2449600 213.00 278.000
EIDW/10R 53.4224300 -6.2900700 242.00 95.000
EIDW/28L 53.4203000 -6.2505800 202.00 275.000
EIDW/16 53.4370000 -6.2619800 217.00 157.000
EIDW/34 53.4198990 -6.2495900 202.00 337.000
EIKN/08 53.9085610 -8.8333574 596.86 79.000
EIKN/26 53.9123001 -8.8013296 665.00 259.000
EIKY/08 52.1780014 -9.5376301 82.00 71.000
EIKY/26 52.1837997 -9.5099401 112.00 251.000
EIME/04 53.2935829 -6.4538140 319.00 41.000
EIME/22 53.3035088 -6.4394498 306.00 221.000
EIME/10 53.3046875 -6.4688201 283.00 108.000
EIME/28 53.3021334 -6.4472548 311.80 288.000
EINN/06 52.6931992 -8.9435196 46.00 52.000
EINN/24 52.7100255 -8.9077368 16.36 232.000
EISG/10 54.2811374 -8.6078179 11.00 100.000
EISG/28 54.2792996 -8.5905781 11.00 280.000
EIWF/03 52.1819530 -7.0902476 87.69 21.000
EIWF/21 52.1919964 -7.0839531 110.30 201.000
EIWT/07 53.3512532 -6.4918585 153.97 67.200
EIWT/25 53.3533481 -6.4848718 152.03 247.200
EKAH/10L 56.3073997 10.5978003 79.00 100.300
EKAH/28R 56.3030014 10.6419001 78.00 280.300
EKAH/10R 56.3055000 10.5976000 81.00 100.300
EKAH/28L 56.3012009 10.6405001 75.00 280.300
EKBI/09 55.7397709 9.1348320 216.40 87.000
EKBI/27 55.7411289 9.1793731 242.60 267.000
EKCH/04L 55.5922010 12.6035360 13.00 41.000
EKCH/22R 55.6124736 12.6349109 13.83 221.000
EKCH/04R 55.6030998 12.6330004 12.00 41.000
EKCH/22L 55.6254005 12.6675997 8.00 221.000
EKCH/12 55.6228395 12.6427483 11.74 123.000
EKCH/30 55.6138447 12.6669255 8.48 303.000
EKEB/08 55.5237999 8.5334902 78.00 79.000
EKEB/26 55.5280991 8.5739498 97.00 259.000
EKHV/10 55.3027992 9.5155602 81.00 97.000
EKHV/28 55.3013992 9.5333300 58.00 277.000
EKKA/03 56.2983322 9.1055555 164.00 34.100
EKKA/21 56.3047218 9.1133327 167.00 214.100
EKKA/09 56.2954636 9.1051321 171.00 90.000
EKKA/27 56.2956085 9.1189175 171.00 270.000
EKKA/09L 56.2990990 9.0776196 155.00 89.000
EKKA/27R 56.2994003 9.1259499 171.00 269.000
EKKA/09R 56.2971001 9.0773296 154.00 89.400
EKKA/27L 56.2975006 9.1246300 170.00 269.400
EKKA/14 56.3027992 9.1127796 163.00 134.000
EKKA/32 56.2983017 9.1208296 166.00 314.000
EKLS/07 57.2755013 10.9931002 25.00 65.000
EKLS/25 57.2789993 11.0071001 25.00 245.000
EKMB/09 54.7000999 11.4292002 16.00 97.000
EKMB/27 54.6987991 11.4476995 16.00 277.000
EKOD/06 55.4715004 10.3153000 44.00 59.800
EKOD/24 55.4798012 10.3404999 46.00 239.800
EKPB/04 54.8672514 9.2736705 88.00 46.000
EKPB/22 54.8736990 9.2850000 88.00 226.000
EKRK/03 55.5783997 12.1238003 127.00 30.900
EKRK/21 55.5900002 12.1360998 146.00 210.900
EKRK/11 55.5900002 12.1155996 145.00 116.300
EKRK/29 55.5833338 12.1395608 138.24 296.300
EKRN/11 55.0668983 14.7452002 46.00 113.700
EKRN/29 55.0596008 14.7739000 51.00 293.700
EKSB/14 54.9690018 9.7848902 12.00 139.400
EKSB/32 54.9566994 9.8031597 21.00 319.400
EKSN/08 57.5032005 10.2194004 91.00 86.000
EKSN/26 57.5038986 10.2393999 92.00 266.000
EKSP/10L 55.2246017 9.2439404 126.00 105.000
EKSP/28R 55.2173996 9.2894802 141.00 285.000
EKSP/10R 55.2226982 9.2433100 124.00 105.000
EKSP/28L 55.2155991 9.2883196 139.00 285.000
EKSV/14 56.5542984 9.1666498 69.00 139.000
EKSV/32 56.5461006 9.1793203 72.00 319.000
EKTS/10 57.0700989 8.6922398 21.00 100.100
EKTS/28 57.0675011 8.7182102 23.00 280.100
EKVD/01 55.4310989 9.3280497 128.00 18.000
EKVD/19 55.4394989 9.3327103 143.00 198.000
EKVD/07 55.4356003 9.3254900 142.00 77.000
EKVD/25 55.4370003 9.3363199 141.00 257.000
EKVG/12 62.0662000 -7.2876100 268.00 118.000
EKVG/30 62.0610010 -7.2664800 252.00 298.000
EKVH/11 56.8481027 9.4516169 110.89 107.100
EKVH/29 56.8456953 9.4656034 104.11 287.100
EKVJ/09 55.9903984 8.3423004 17.00 92.400
EKVJ/27 55.9897995 8.3655100 13.00 272.400
EKYT/08L 57.0937004 9.8333797 8.00 83.300
EKYT/26R 57.0965004 9.8768702 10.00 263.300
EKYT/08R 57.0918999 9.8354702 7.00 83.300
EKYT/26L 57.0946007 9.8772402 10.00 263.300
ELLX/06 49.6176990 6.1874600 1158.00 57.000
ELLX/24 49.6355020 6.2355600 1214.00 238.000
ENAL/06 62.5564906 6.0924813 34.90 65.000
ENAL/24 62.5639443 6.1264532 46.61 245.000
ENAN/03 69.2829971 16.1278000 43.00 32.000
ENAN/21 69.2957993 16.1499004 14.00 212.000
ENAN/14 69.3069992 16.1198006 23.00 150.000
ENAN/32 69.2879028 16.1513004 14.00 330.000
ENAT/11 69.9814474 23.3456257 7.91 121.000
ENAT/29 69.9728878 23.3870324 7.06 301.000
ENBL/07 61.3903010 5.7510000 1034.00 74.000
ENBL/25 61.3927990 5.7683300 1046.00 254.000
ENBN/03 65.4549026 12.2054005 14.00 35.000
ENBN/21 65.4633026 12.2215996 25.00 215.000
ENBO/07 67.2664186 14.3319613 21.73 78.000
ENBO/25 67.2716980 14.3952000 39.00 258.000
ENBR/17 60.3042033 5.2145090 163.28 170.500
ENBR/35 60.2825052 5.2217686 147.72 350.500
ENBS/03 70.5970001 29.6833000 480.00 44.000
ENBS/21 70.6035004 29.7019997 489.00 224.000
ENBV/06 70.8702011 29.0198002 42.00 62.000
ENBV/24 70.8722992 29.0440006 28.00 242.000
ENCN/03 58.1975857 8.0765855 41.65 35.000
ENCN/21 58.2103011 8.0934107 50.97 215.000
ENDU/10 69.0578233 18.5236326 244.26 109.000
ENDU/28 69.0523987 18.5678005 219.00 289.000
ENEV/17 68.5030715 16.6767952 80.97 177.600
ENEV/35 68.4792848 16.6795328 80.02 357.600
ENFG/15 61.0180739 9.2849660 2694.21 149.000
ENFG/33 61.0038853 9.3022269 2696.91 329.000
ENFL/07 61.5808983 5.0080299 37.00 71.000
ENFL/25 61.5844002 5.0293598 22.00 251.000
ENGM/01L 60.1850014 11.0737000 656.00 16.000
ENGM/19R 60.2160988 11.0916996 675.00 196.000
ENGM/01R 60.1758003 11.1077995 670.00 16.000
ENGM/19L 60.2011986 11.1225004 681.00 196.000
ENHD/13 59.3503253 5.1983018 61.71 134.000
ENHD/31 59.3377736 5.2234381 85.29 314.000
ENHF/04 70.6773760 23.6584950 259.00 46.000
ENHF/22 70.6816410 23.6775650 260.00 226.000
ENHK/11 70.4881405 22.1319320 18.44 118.800
ENHK/29 70.4846775 22.1505972 11.02 298.800
ENHV/08 71.0096970 25.9727990 23.00 80.000
ENHV/26 71.0096970 25.9948010 44.00 260.000
ENKB/07 63.1093669 7.8078855 179.43 72.000
ENKB/25 63.1143782 7.8407938 195.43 252.000
ENKJ/12 59.9722349 11.0271801 346.21 123.000
ENKJ/30 59.9657471 11.0473343 353.61 303.000
ENKR/05 69.7226625 29.8697113 280.97 69.000
ENKR/23 69.7261830 29.8962508 280.21 249.000
ENLI/14 58.1068919 6.6104242 15.91 131.000
ENLI/32 58.0925135 6.6416093 24.09 311.000
ENLK/03 68.1494980 13.6049995 71.00 24.000
ENLK/21 68.1557999 13.6140003 72.00 204.000
ENMH/17 71.0335007 27.8271999 30.00 170.000
ENMH/35 71.0257034 27.8262005 39.00 350.000
ENML/07 62.7426987 7.2493000 10.00 71.000
ENML/25 62.7485008 7.2859402 10.00 251.000
ENMS/16 65.7871878 13.2121400 222.98 160.500
ENMS/34 65.7808054 13.2176602 236.02 340.500
ENNA/16 70.0803744 24.9707908 15.33 175.500
ENNA/34 70.0572218 24.9762100 24.67 355.500
ENNM/07 64.4711990 11.5688000 7.00 72.000
ENNM/25 64.4731980 11.5867000 7.00 252.000
ENNO/12 59.5660816 9.2110144 59.92 127.000
ENNO/30 59.5619011 9.2217302 58.00 307.000
ENOL/15 63.7099000 9.5919900 18.00 154.000
ENOL/33 63.6880000 9.6160100 28.00 334.000
ENOP/07 62.6487999 9.8389301 1827.00 70.000
ENOP/25 62.6516991 9.8560801 1833.00 250.000
ENOV/06 62.1771011 6.0631199 241.00 61.000
ENOV/24 62.1813011 6.0789499 238.00 241.000
ENRA/13 66.3665010 14.2958000 226.00 136.000
ENRA/31 66.3610000 14.3075000 220.00 316.000
ENRM/04 64.8342970 11.1375000 9.00 40.000
ENRM/22 64.8396990 11.1487000 14.00 220.000
ENRO/13 62.5843131 11.3339150 2051.00 136.000
ENRO/31 62.5745058 11.3544028 2051.00 316.000
ENRS/02 67.5224610 12.0958560 6.00 26.000
ENRS/20 67.5305790 12.1074220 7.00 206.000
ENRY/12 59.3837013 10.7662001 169.00 117.000
ENRY/30 59.3739014 10.8045998 169.00 297.000
ENSB/09 78.2486608 15.4205871 63.26 105.000
ENSB/27 78.2435812 15.5111670 72.48 285.000
ENSD/08 61.8297997 6.1003299 181.00 85.000
ENSD/26 61.8305016 6.1163301 179.00 265.000
ENSG/06 61.1535000 7.1283300 1619.00 59.000
ENSG/24 61.1577000 7.1430000 1634.00 239.000
ENSH/36 68.2389980 14.6665000 27.00 9.000
ENSH/18 68.2462010 14.6707000 11.00 189.000
ENSK/08 68.5808030 15.0112000 8.00 86.000
ENSK/26 68.5807040 15.0315000 11.00 266.000
ENSN/01 59.1793104 9.5653981 426.56 9.000
ENSN/19 59.1906886 9.5687514 461.44 189.000
ENSO/14 59.7962990 5.3346901 153.00 144.800
ENSO/32 59.7874985 5.3470101 152.00 324.800
ENSR/14 69.7894269 20.9558706 11.65 154.000
ENSR/32 69.7842730 20.9630292 15.35 334.000
ENSS/15 70.3594834 31.0412618 41.04 163.300
ENSS/33 70.3506922 31.0490536 24.72 343.300
ENST/02 65.9530819 12.4647038 33.36 25.000
ENST/20 65.9630329 12.4759778 54.21 205.000
ENTC/18 69.6903442 18.9236184 14.92 193.000
ENTC/36 69.6723710 18.9116210 25.00 13.000
ENTO/17 59.1955782 10.2584460 278.39 179.000
ENTO/35 59.1770948 10.2587961 258.61 359.000
ENVA/09 63.4576908 10.8944909 20.58 90.200
ENVA/27 63.4576040 10.9436842 54.02 270.200
ENVD/07 70.0650020 29.8337000 127.00 87.000
ENVD/25 70.0654980 29.8577000 87.00 267.000
ENZV/10 58.8815534 5.6064674 7.82 106.000
ENZV/28 58.8759775 5.6430361 25.75 286.000
ENZV/18 58.8936520 5.6373310 10.05 179.100
ENZV/36 58.8707485 5.6380091 27.95 359.100
EOD/05 36.5630924 -87.4868229 592.20 44.000
EOD/23 36.5722066 -87.4759762 573.80 224.000
EPBC/10R 52.2705000 20.8979000 343.00 103.000
EPBC/28L 52.2678990 20.9165000 352.00 283.000
EPBY/08 53.0951996 17.9591999 236.00 82.000
EPBY/26 53.0984001 17.9962006 233.00 262.000
EPCE/07 54.4133987 17.7446003 489.00 76.000
EPCE/25 54.4187012 17.7819996 504.00 256.000
EPDE/12 51.5568660 21.8766060 391.00 121.000
EPDE/30 51.5454290 21.9074440 392.00 301.000
EPGD/11 54.3811000 18.4520000 450.00 113.000
EPGD/29 54.3713000 18.4916990 489.00 293.000
EPKK/07 50.0754013 19.7681007 792.00 78.000
EPKK/25 50.0797533 19.7996246 780.22 258.000
EPKM/05L 50.2349014 19.0282001 903.00 49.000
EPKM/23R 50.2414017 19.0401001 894.00 229.000
EPKN/11 50.5331993 18.0699997 658.00 112.000
EPKN/29 50.5251999 18.0998993 675.00 292.000
EPKS/12 52.3370018 16.9501991 272.00 117.900
EPKS/30 52.3264999 16.9827003 274.00 297.900
EPKT/08 50.4761010 19.0596010 970.00 90.000
EPKT/26 50.4760019 19.1000999 991.61 270.000
EPLB/07 51.2375984 22.6958008 632.00 72.000
EPLB/25 51.2426987 22.7311001 626.00 252.000
EPLK/10 51.5550190 19.1618670 617.00 108.000
EPLK/28 51.5469630 19.2031380 633.00 288.000
EPLL/07 51.7170858 19.3762435 593.77 71.000
EPLL/25 51.7227586 19.4020514 605.13 251.000
EPLU/13L 51.4258995 16.1907005 512.00 130.000
EPLU/31R 51.4201012 16.2015991 512.00 310.000
EPMB/07 54.0244330 19.1168990 16.00 79.000
EPMB/25 54.0286790 19.1543500 16.00 259.000
EPMI/12 53.4014130 16.0673980 492.00 125.000
EPMI/30 53.3886570 16.0981270 492.00 305.000
EPML/08R 50.3223000 21.4467480 543.08 90.000
EPML/26L 50.3222010 21.4790990 544.00 270.000
EPML/17 50.3266983 21.4531002 540.00 180.000
EPML/35 50.3208008 21.4529991 545.00 0.000
EPMM/09 52.1954994 21.6375999 561.00 90.300
EPMM/27 52.1954002 21.6742992 604.00 270.300
EPMO/08 52.4495010 20.6336002 338.00 82.000
EPMO/26 52.4527016 20.6700001 341.00 262.000
EPMY/15 52.9433196 15.0280875 229.23 153.000
EPMY/33 52.9384134 15.0322827 229.88 333.000
EPOK/13 54.5877991 18.5037994 141.00 136.000
EPOK/31 54.5716019 18.5305996 141.00 316.000
EPPO/10 52.4249000 16.8061010 309.00 108.000
EPPO/28 52.4182010 16.8410000 289.00 288.000
EPPW/10L 52.3860016 17.8285007 367.00 107.000
EPPW/28R 52.3786011 17.8666992 384.00 287.000
EPPW/10R 52.3838005 17.8274002 363.00 107.000
EPPW/28L 52.3744011 17.8768005 381.00 287.000
EPRA/07 51.3865090 21.1977230 622.00 75.000
EPRA/25 51.3923070 21.2324450 602.00 255.000
EPRJ/26L 50.1041980 22.0533010 643.00 269.000
EPRZ/09 50.1101990 22.0014992 688.00 91.000
EPRZ/27 50.1096001 22.0463009 679.00 271.000
EPSC/13 53.5920982 14.8879004 118.00 131.000
EPSC/31 53.5774002 14.9165001 154.00 311.000
EPSD/09 53.3910260 14.6245110 3.00 94.000
EPSD/27L 53.3903870 14.6402490 3.00 274.000
EPSN/11 53.7947006 15.8086004 384.00 111.100
EPSN/29 53.7865982 15.8438997 381.00 291.100
EPSY/01 53.4711990 20.9316998 438.00 19.000
EPSY/19 53.4883003 20.9412994 462.00 199.000
EPTO/10 53.0304985 18.5377998 164.00 104.000
EPTO/28 53.0278015 18.5548000 164.00 284.000
EPWA/11 52.1715010 20.9466990 362.00 115.000
EPWA/29 52.1628987 20.9772581 349.68 295.000
EPWA/15 52.1786000 20.9559000 353.00 152.000
EPWA/33 52.1546509 20.9768484 354.64 332.000
EPWR/11 51.1087990 16.8658010 405.00 116.000
EPWR/29 51.0989990 16.8980010 401.00 296.000
EPZG/06 52.1337013 15.7819996 194.00 65.000
EPZG/24 52.1432991 15.8150997 187.00 245.000
ESCF/01 58.3866997 15.5159998 250.00 18.300
ESCF/19 58.4056015 15.5278997 295.00 198.300
ESCF/08 58.4015999 15.5156002 308.00 83.200
ESCF/26 58.4035988 15.5474005 277.00 263.200
ESCM/03 59.8931007 17.5832996 60.00 33.200
ESCM/21 59.9073982 17.6019001 68.00 213.200
ESCM/08 59.8947983 17.5699997 41.00 75.000
ESCM/26 59.8993925 17.6037879 60.53 255.000
ESDF/01 56.2569008 15.2624998 181.00 8.700
ESDF/19 56.2775993 15.2681999 188.00 188.700
ESFR/18 58.5070000 13.0545998 240.00 184.600
ESFR/36 58.4892006 13.0518999 245.00 4.600
ESGG/03 57.6495018 12.2677002 478.00 26.000
ESGG/21 57.6761017 12.2918997 506.00 206.000
ESGJ/01 57.7481995 14.0629997 733.00 18.100
ESGJ/19 57.7669983 14.0745001 739.00 198.100
ESGJ/11 57.7536011 14.0689001 727.00 114.000
ESGJ/29 57.7514000 14.0781002 738.00 294.000
ESGK/04 58.1647987 13.5818996 781.00 32.300
ESGK/22 58.1748009 13.5937996 773.00 212.400
ESGL/06 58.4612999 13.1592999 200.00 62.200
ESGL/24 58.4696999 13.1894999 190.00 242.200
ESGP/01 57.7663912 11.8688808 56.54 5.000
ESGP/19 57.7835862 11.8717162 48.48 185.000
ESGR/01 58.4488983 13.9686003 324.00 15.700
ESGR/19 58.4639015 13.9766998 295.00 195.700
ESGT/15 58.3241997 12.3366003 135.00 146.000
ESGT/33 58.3130663 12.3508890 134.12 326.000
ESIA/06 58.5092010 14.4897003 307.00 62.800
ESIA/24 58.5185013 14.5244999 308.00 242.800
ESIB/01 58.4182014 12.7096996 169.00 5.000
ESIB/19 58.4384003 12.7128000 175.00 185.000
ESIB/11 58.4331017 12.6947002 165.00 112.000
ESIB/29 58.4266014 12.7254000 181.00 292.000
ESKC/03 59.9177200 17.5329500 62.00 30.000
ESKC/21 59.9226200 17.5386200 62.00 210.000
ESKC/08 59.9229600 17.5306600 62.00 75.000
ESKC/26 59.9241200 17.5393200 62.00 255.000
ESKC/14 59.9232200 17.5303500 62.00 144.000
ESKC/32 59.9200400 17.5348900 62.00 324.000
ESKK/03 59.3401007 14.4913967 396.88 22.000
ESKK/21 59.3521000 14.5008000 394.00 202.000
ESKM/16 60.9655991 14.5059996 631.00 161.200
ESKM/34 60.9501991 14.5167999 617.00 341.200
ESKN/08 58.7868392 16.8825999 113.62 83.100
ESKN/26 58.7897987 16.9298000 127.00 263.100
ESKN/16 58.8013992 16.9041004 133.00 161.800
ESKN/34 58.7840004 16.9151001 131.00 341.800
ESKV/01 59.6707001 12.6386995 215.00 4.000
ESKV/19 59.6789872 12.6398208 221.44 184.000
ESMG/01 56.9453011 13.9188004 531.00 16.900
ESMG/19 56.9552002 13.9243002 538.00 196.900
ESMK/01 55.9118004 14.0832996 76.00 7.000
ESMK/19 55.9315987 14.0876999 73.00 187.000
ESMO/01 57.3420980 16.4965990 76.00 6.000
ESMO/19 57.3555980 16.4988000 96.00 186.000
ESMP/04 57.2603989 13.5951004 499.00 32.300
ESMP/22 57.2678986 13.6037998 507.00 212.300
ESMQ/05 56.6805992 16.2775993 9.00 48.000
ESMQ/23 56.6846008 16.2856998 11.00 228.000
ESMQ/16 56.6968002 16.2766991 17.00 152.200
ESMQ/34 56.6805000 16.2922993 15.00 332.300
ESMS/11 55.5231020 13.3598000 232.00 105.000
ESMS/29 55.5213010 13.3720000 228.00 285.000
ESMS/17 55.5480995 13.3738003 209.00 173.400
ESMS/35 55.5231018 13.3788996 236.00 353.400
ESMT/01 56.6809998 12.8182001 64.00 6.000
ESMT/19 56.7011986 12.8221998 83.00 186.000
ESMV/04 57.2854996 14.1255999 556.00 43.100
ESMV/22 57.2989006 14.1487999 555.00 223.100
ESMX/01 56.9198990 14.7241001 610.00 13.100
ESMX/19 56.9383011 14.7319002 563.00 193.100
ESND/09 62.0472984 14.4048004 1172.00 87.000
ESND/27 62.0480995 14.4372997 1176.00 267.000
ESNG/12 67.1360016 20.7971992 1027.00 117.900
ESNG/30 67.1287994 20.8320999 970.00 298.000
ESNJ/14 66.5035019 20.1341000 891.00 144.200
ESNJ/32 66.4889984 20.1602993 901.00 324.200
ESNK/17 63.0574989 17.7658997 34.00 171.500
ESNK/35 63.0396996 17.7717991 23.00 351.500
ESNL/14 64.5556238 18.7033973 702.80 142.900
ESNL/32 64.5423965 18.7266006 688.00 322.900
ESNN/16 62.5353309 17.4382999 15.71 160.000
ESNN/34 62.5200841 17.4501668 12.27 340.000
ESNO/12 63.4140015 18.9710999 353.00 122.000
ESNO/30 63.4044991 19.0053997 331.00 302.000
ESNQ/03 67.8126984 20.3202991 1508.00 33.700
ESNQ/21 67.8312988 20.3532009 1432.00 213.700
ESNS/10 64.6274033 21.0557995 157.00 106.000
ESNS/28 64.6221008 21.0979996 125.00 286.000
ESNU/14 63.7985001 20.2693005 24.00 138.000
ESNU/32 63.7834994 20.2994868 17.18 318.000
ESNV/10 64.5805969 16.8183002 1138.00 103.200
ESNV/28 64.5779957 16.8438708 1138.00 283.200
ESNX/12 65.5986023 19.2562008 1241.00 128.200
ESNX/30 65.5847015 19.2987995 1240.00 308.200
ESNY/12 61.2686996 17.0809002 87.00 129.600
ESNY/30 61.2546975 17.1161995 60.74 309.600
ESNZ/12 63.1987990 14.4794000 1194.00 115.000
ESNZ/30 63.1894000 14.5246000 1233.00 295.000
ESOE/01 59.2109985 15.0327997 161.00 12.000
ESOE/19 59.2338982 15.0419998 188.00 192.000
ESOH/18 60.0267982 13.5781002 474.00 176.700
ESOH/36 60.0133018 13.5797005 469.00 356.700
ESOK/03 59.4345016 13.3277998 332.00 25.600
ESOK/21 59.4548988 13.3470001 352.00 205.600
ESOW/01 59.5820432 16.6302627 7.48 8.200
ESOW/19 59.6011734 16.6384754 21.00 188.200
ESPA/14 65.5548019 22.0974007 65.00 137.300
ESPA/32 65.5326996 22.1466007 21.00 317.300
ESPE/11 65.8797989 20.1280994 597.00 116.600
ESPE/29 65.8707962 20.1716995 591.00 296.600
ESQO/15 59.3941002 15.9145002 33.00 147.100
ESQO/33 59.3790016 15.9336004 33.00 327.100
ESSA/01L 59.6372986 17.9132004 98.00 10.000
ESSA/19R 59.6664009 17.9237995 118.00 190.000
ESSA/01R 59.6264000 17.9507008 137.00 10.400
ESSA/19L 59.6484985 17.9587002 98.00 190.400
ESSA/08 59.6584015 17.9361000 108.00 75.900
ESSA/26 59.6638985 17.9792004 124.00 255.900
ESSB/12 59.3586998 17.9295998 46.00 125.000
ESSB/30 59.3501015 17.9536991 42.00 305.000
ESSD/14 60.4291000 15.4998999 503.00 133.000
ESSD/32 60.4151001 15.5307999 493.00 313.000
ESSF/12 57.5295982 15.8093996 366.00 116.000
ESSF/30 57.5219002 15.8385000 358.00 296.000
ESSK/18 60.6021004 16.9514999 210.00 181.000
ESSK/36 60.5842018 16.9508991 223.00 1.000
ESSL/11 58.4099010 15.6634000 142.00 112.000
ESSL/29 58.4026990 15.6971000 172.00 292.000
ESSP/09 58.5861015 16.2317009 13.00 90.800
ESSP/27 58.5858002 16.2695999 32.00 270.800
ESSP/11 58.5901985 16.2360001 7.00 115.000
ESSP/29 58.5878983 16.2451992 8.00 295.000
ESST/16 60.1630707 12.9867673 352.09 157.700
ESST/34 60.1507988 12.9968996 393.00 337.700
ESSU/18 59.3595010 16.7078000 129.00 178.000
ESSU/36 59.3426020 16.7090000 130.00 358.000
ESSV/03 57.6543999 18.3402004 140.00 21.000
ESSV/21 57.6711998 18.3521996 136.00 201.000
ESSV/10 57.6510010 18.3297005 142.00 101.000
ESSV/28 57.6489983 18.3477001 164.00 281.000
ESTA/14 56.2977982 12.8442001 60.00 136.400
ESTA/32 56.2851982 12.8659000 52.00 316.500
ESTL/11L 56.0885010 13.1924000 126.00 113.000
ESTL/29R 56.0815010 13.2221003 139.00 293.000
ESTL/11R 56.0865089 13.1812378 123.39 113.000
ESTL/29L 56.0792999 13.2114000 136.00 293.000
ESUB/18 61.5164980 16.3716710 380.00 173.000
ESUB/36 61.5102340 16.3733560 374.00 353.000
ESUD/15 64.9699020 17.6851006 894.00 151.000
ESUD/33 64.9518967 17.7082996 904.00 331.000
ESUG/17 65.3072905 17.9749488 974.00 179.000
ESUG/35 65.3013713 17.9754261 974.00 359.000
ESUP/11 67.2495270 23.0512409 540.00 118.000
ESUP/29 67.2397766 23.0981808 540.00 298.000
ESUR/14 63.4933800 16.4789670 597.00 147.000
ESUR/32 63.4877870 16.4871870 577.00 327.000
ESUT/15 65.8115175 15.0758086 1502.96 152.500
ESUT/33 65.8004731 15.0898117 1502.09 332.500
ESUV/04 65.6439163 21.0567273 250.23 54.000
ESUV/22 65.6469279 21.0663260 257.91 234.000
ESUY/11 61.3868902 15.8318107 512.69 107.000
ESUY/29 61.3857850 15.8390850 515.00 287.000
ETAD/05 49.9668007 6.6835599 1128.00 44.700
ETAD/23 49.9863014 6.7134600 1197.00 224.700
ETAR/08 49.4325981 7.5788298 761.00 82.800
ETAR/26 49.4364014 7.6225400 776.00 262.800
ETAR/09 49.4361000 7.5809200 769.00 87.000
ETAR/27 49.4376980 7.6197000 782.00 267.000
ETHB/08 52.2769148 9.0714308 223.93 77.600
ETHB/26 52.2802010 9.0953302 213.00 257.600
ETHC/08 52.5899010 10.0087996 127.00 81.000
ETHC/26 52.5924988 10.0354996 129.00 261.000
ETHE/08 52.2907980 7.3833300 128.00 84.000
ETHE/26 52.2913020 7.3906700 125.00 264.000
ETHF/11 51.1167980 9.2794200 566.00 119.000
ETHF/29 51.1122020 9.2925000 558.00 299.000
ETHL/09 48.2204850 9.8991430 1761.00 93.000
ETHL/27 48.2197400 9.9212710 1765.00 273.000
ETHM/08 50.3642006 7.3043299 592.00 76.000
ETHM/26 50.3678017 7.3263898 537.00 256.000
ETHN/07 49.3907013 9.9514999 1536.00 75.000
ETHN/25 49.3930016 9.9648304 1535.00 255.000
ETHR/09 49.2172012 11.0963001 1271.00 84.000
ETHR/27 49.2177010 11.1037998 1266.00 264.000
ETHS/09 52.9191904 10.1946326 242.54 91.000
ETHS/27 52.9192009 10.2019997 245.00 271.000
ETIC/14 49.7023010 11.9359999 1350.00 143.000
ETIC/32 49.6950989 11.9442997 1363.00 323.000
ETIN/06 49.7415009 10.1955004 645.00 65.000
ETIN/24 49.7445984 10.2055998 689.00 245.000
ETMN/08 53.7653999 8.6403904 69.00 78.000
ETMN/26 53.7699013 8.6766100 39.00 258.000
ETND/08 52.5849991 8.3318701 127.00 85.000
ETND/26 52.5859985 8.3501596 124.00 265.000
ETNG/09 50.9609750 6.0221766 263.32 91.000
ETNG/27 50.9607245 6.0613234 287.68 271.000
ETNH/08 54.3101997 9.5197401 26.00 79.400
ETNH/26 54.3142014 9.5565901 38.00 259.400
ETNL/09 53.9196129 12.2602682 138.00 98.000
ETNL/27 53.9165001 12.2982998 110.00 278.000
ETNN/06 50.8268010 6.6422200 383.00 67.000
ETNN/24 50.8354990 6.6740000 330.00 247.000
ETNS/05 54.4519997 9.5024996 64.00 47.700
ETNS/23 54.4667015 9.5303297 65.00 227.700
ETNS/07 54.4552990 9.5025000 59.00 74.000
ETNS/25 54.4604990 9.5320000 70.00 254.000
ETNT/07 53.5457000 7.6493300 23.00 78.000
ETNT/25 53.5502010 7.6853300 19.00 258.000
ETNW/02 52.4450000 9.4270000 179.00 26.000
ETNW/20 52.4586980 9.4383300 170.00 206.000
ETNW/08 52.4563408 9.4162302 172.00 81.000
ETNW/26 52.4589996 9.4456997 171.00 261.000
ETNW/08R 52.4547997 9.4163303 169.00 81.400
ETNW/26L 52.4562988 9.4321699 167.00 261.400
ETOI/10 49.6343994 11.7602997 1353.00 102.000
ETOI/28 49.6324997 11.7743998 1353.00 282.000
ETOR/05 49.5609016 8.4585896 308.00 49.000
ETOR/23 49.5662003 8.4681997 308.00 229.000
ETOU/07 50.0471001 8.3110304 454.00 73.300
ETOU/25 50.0525055 8.3393452 458.91 253.300
ETSB/03 50.1640015 7.0547099 1550.00 29.300
ETSB/21 50.1836014 7.0719299 1564.00 209.300
ETSH/09 51.7685013 13.1501999 254.00 93.300
ETSH/27 51.7672005 13.1851997 263.00 273.300
ETSI/06L 48.7167020 11.5155000 1196.00 68.000
ETSI/24R 48.7242808 11.5438807 1191.38 248.000
ETSI/06R 48.7044980 11.5187000 1201.00 68.000
ETSI/24L 48.7142980 11.5558000 1194.00 248.000
ETSL/03 48.1758995 10.8532000 1819.00 29.000
ETSL/21 48.1950989 10.8690996 1787.00 209.000
ETSN/09 48.7112007 11.1949997 1249.00 91.000
ETSN/27 48.7108002 11.2282000 1246.00 271.000
EVLA/06 56.5144997 21.0818005 5.00 70.000
EVLA/24 56.5205994 21.1124001 16.00 250.000
EVRA/18 56.9351006 23.9731007 31.00 185.000
EVRA/36 56.9064369 23.9683456 37.00 5.000
EVVA/03 57.3530998 21.5379009 19.00 35.500
EVVA/21 57.3624992 21.5503998 12.00 215.500
EYKA/08 54.9629665 24.0648082 238.09 85.000
EYKA/26 54.9649647 24.1063077 254.52 265.000
EYPA/01 55.9644241 21.0903091 33.00 13.000
EYPA/19 55.9817657 21.0972977 33.00 193.000
EYPP/13 55.7360992 24.4505997 190.00 137.000
EYPP/31 55.7228012 24.4722004 190.00 317.000
EYSA/14L 55.9068985 23.3794003 443.00 146.100
EYSA/32R 55.8807983 23.4106007 437.00 326.100
EYSA/14R 55.9042015 23.3780003 439.00 146.100
EYSA/32L 55.8796997 23.4073009 433.00 326.100
EYSB/10 56.0716019 23.5503006 270.00 104.000
EYSB/28 56.0695000 23.5657997 270.00 284.000
EYVI/01 54.6236992 25.2784996 594.00 22.000
EYVI/19 54.6445999 25.2931004 646.00 202.000
F09/17 34.5200005 -99.4337997 1346.00 180.000
F09/35 34.5144997 -99.4337997 1346.00 0.000
F95/18 30.4895966 -85.1141237 117.54 177.000
F95/36 30.4829010 -85.1138000 115.00 357.000
FAAB/01 -28.5828991 16.5363007 98.00 346.600
FAAB/19 -28.5671005 16.5303001 82.00 166.600
FAAB/07 -28.5783005 16.5247002 69.00 44.000
FAAB/25 -28.5669994 16.5366001 80.00 224.000
FAAB/11 -28.5683994 16.5219994 82.00 88.000
FAAB/29 -28.5676994 16.5370007 80.00 268.000
FABB/18 -26.2325993 28.2991009 5350.00 159.000
FABB/36 -26.2446995 28.3043995 5300.00 339.000
FABE/08 -32.9034004 27.2679996 1945.00 57.000
FABE/26 -32.8908997 27.2903004 1950.00 237.000
FABL/02 -29.1051006 26.3022995 4413.00 0.000
FABL/20 -29.0820007 26.3024998 4421.00 180.000
FABL/12 -29.0895996 26.2854004 4457.00 102.000
FABL/30 -29.0935993 26.3075008 4413.00 282.000
FABM/11 -28.2478008 28.3300991 5517.00 96.000
FABM/29 -28.2490005 28.3421993 5561.00 276.000
FABM/13 -28.2448006 28.3290997 5498.00 108.000
FABM/31 -28.2485008 28.3416004 5558.00 288.000
FACT/01 -33.9877014 18.6089001 144.00 346.000
FACT/19 -33.9598007 18.6000004 147.00 166.000
FACT/16 -33.9613991 18.5974998 143.00 136.000
FACT/34 -33.9723015 18.6103992 151.00 316.000
FADU/18 -25.3570004 30.1863995 6050.00 164.000
FADU/36 -25.3651009 30.1888008 5958.00 344.000
FAEL/06 -33.0419998 27.8202000 394.00 37.000
FAEL/24 -33.0306015 27.8302994 407.00 217.000
FAEL/11 -33.0373001 27.8115997 435.00 82.000
FAEL/29 -33.0348015 27.8323994 387.00 262.000
FAEO/13 -26.4933111 29.9737799 5792.68 113.000
FAEO/31 -26.4980306 29.9860888 5800.55 293.000
FAGC/17 -25.9794275 28.1361428 5249.27 153.000
FAGC/35 -25.9931734 28.1439571 5322.73 333.000
FAGG/11 -34.0059013 22.3677006 622.00 89.000
FAGG/29 -34.0051994 22.3892994 648.00 269.000
FAGM/11 -26.2427010 28.1404990 5438.00 89.000
FAGM/29 -26.2424208 28.1563097 5479.35 269.000
FAGM/17 -26.2368655 28.1483595 5428.24 158.000
FAGM/35 -26.2467393 28.1531682 5457.22 338.000
FAGR/02 -32.1974983 24.5403004 2582.00 15.000
FAGR/20 -32.1843987 24.5445004 2604.00 195.000
FAGR/15 -32.1912003 24.5354004 2588.00 127.000
FAGR/33 -32.1963005 24.5433998 2588.00 307.000
FAGY/06 -29.1263144 30.5823102 3525.12 41.800
FAGY/24 -29.1166000 30.5921993 3472.00 221.800
FAHA/08 -28.0810217 26.8567776 4385.76 59.000
FAHA/26 -28.0769703 26.8643357 4396.25 239.000
FAHR/15 -28.2313004 29.1018009 5525.00 135.000
FAHR/33 -28.2388000 29.1105995 5585.00 315.000
FAHS/09 -24.3827991 31.0354004 1710.00 76.000
FAHS/27 -24.3785000 31.0559006 1743.00 256.000
FAHS/18 -24.3393002 31.0463009 1659.00 164.000
FAHS/36 -24.3740005 31.0573997 1734.00 344.000
FAKM/02 -28.8202990 24.7652000 3900.00 359.000
FAKM/20 -28.7931000 24.7652000 3940.00 179.000
FAKM/10 -28.8050995 24.7509995 3950.00 80.000
FAKM/28 -28.8010998 24.7754002 3915.00 260.000
FAKN/05 -25.3915840 31.0992957 2825.32 34.200
FAKN/23 -25.3721008 31.1137009 2827.00 214.200
FAKR/08 -26.0820645 27.7228700 5466.25 63.000
FAKR/26 -26.0796421 27.7282523 5495.00 243.000
FAKU/02 -27.4643002 23.4108009 4382.00 4.000
FAKU/20 -27.4489994 23.4120007 4351.00 184.000
FAKZ/02 -29.6951008 17.0933990 259.00 4.000
FAKZ/20 -29.6816998 17.0946007 256.00 184.000
FALA/07 -25.9482994 27.9153996 4521.00 57.000
FALA/25 -25.9304303 27.9369873 4396.92 227.000
FALI/18 -26.1700993 26.1830997 4875.00 166.000
FALI/36 -26.1812000 26.1861000 4875.00 346.000
FALM/10 -23.1599998 29.6770000 3059.00 90.000
FALM/28 -23.1597996 29.7161007 3069.00 270.000
FALM/10L -23.1424999 29.6928997 3000.00 90.000
FALM/28R -23.1424999 29.6979008 3004.00 270.000
FALW/02L -32.9795990 18.1620007 104.00 1.000
FALW/20R -32.9611858 18.1624445 107.49 181.000
FALW/02R -32.9796982 18.1660004 108.00 1.000
FALW/20L -32.9589005 18.1665001 102.00 181.000
FALW/07 -32.9682999 18.1522007 102.00 46.000
FALW/25 -32.9589005 18.1637993 102.00 226.000
FALW/16 -32.9672610 18.1553651 102.63 136.000
FALW/34 -32.9789009 18.1685009 108.00 316.000
FALY/11 -28.5816994 29.7436008 3486.00 90.000
FALY/29 -28.5816994 29.7558994 3548.00 270.000
FAMB/02 -25.6872997 29.4419003 4849.00 359.000
FAMB/20 -25.6751003 29.4417992 4886.00 179.000
FAMB/14 -25.6798000 29.4330006 4878.00 128.000
FAMB/32 -25.6898003 29.4473991 4845.00 308.000
FAMD/16 -24.8136997 31.5405998 1124.00 141.000
FAMD/34 -24.8225002 31.5485992 1098.00 321.000
FAMJ/14 -27.0755997 29.7721996 5573.00 123.000
FAMJ/32 -27.0828991 29.7849007 5600.00 303.000
FAMM/04 -25.8171032 25.5392339 4171.69 23.000
FAMM/22 -25.7796967 25.5567649 4148.31 203.000
FAMO/10 -34.1605000 22.0498890 543.00 70.000
FAMO/28 -34.1569600 22.0615200 544.00 250.000
FANC/11 -27.7705002 29.9692001 4074.00 90.000
FANC/29 -27.7707005 29.9845009 4054.00 270.000
FANY/10 -24.6865005 28.4288998 3900.00 85.000
FANY/28 -24.6856003 28.4409008 3900.00 265.000
FAOB/10 -34.5595016 20.2290993 52.00 75.000
FAOB/28 -34.5546989 20.2513008 45.00 255.000
FAOB/17 -34.5544014 20.2502995 52.00 145.000
FAOB/35 -34.5774994 20.2695007 37.00 325.000
FAOH/04 -33.6143990 22.1870003 1040.00 13.000
FAOH/22 -33.6003801 22.1907557 1059.76 193.000
FAOR/03L -26.1462994 28.2343006 5558.00 14.000
FAOR/21R -26.1079998 28.2462997 5501.00 194.000
FAOR/03R -26.1646996 28.2481995 5510.00 14.000
FAOR/21L -26.1352005 28.2572994 5494.00 194.000
FAPE/08 -33.9930000 25.6016010 226.00 58.000
FAPE/26 -33.9835010 25.6199000 185.00 238.000
FAPE/17 -33.9837990 25.6163998 192.00 146.000
FAPE/35 -33.9962997 25.6266003 184.00 326.000
FAPG/12 -34.0892982 23.3213005 444.00 100.000
FAPG/30 -34.0912018 23.3342991 465.00 280.000
FAPH/01 -23.9424000 31.1567001 1396.00 354.000
FAPH/19 -23.9300995 31.1553001 1432.00 174.000
FAPI/08 -23.9311008 29.4747009 4228.00 61.000
FAPI/26 -23.9211006 29.4941006 4354.00 241.000
FAPM/16 -29.6439249 30.3940822 2353.81 142.000
FAPM/34 -29.6530520 30.4023889 2414.09 322.000
FAPN/05 -25.3437004 27.1653004 3408.00 37.000
FAPN/23 -25.3240166 27.1817799 3412.00 217.000
FAPP/01 -23.8603992 29.4589005 4076.00 359.000
FAPP/19 -23.8372993 29.4584999 4013.00 179.000
FAPP/05 -23.8588009 29.4473000 4014.00 38.000
FAPP/23 -23.8421993 29.4612999 4020.00 218.000
FAPY/06 -26.8938007 27.4988003 4643.00 43.000
FAPY/24 -26.8848991 27.5081005 4691.00 223.000
FAPY/11 -26.8864002 27.5002003 4707.00 96.000
FAPY/29 -26.8869991 27.5074005 4680.00 276.000
FARB/05 -28.7458992 32.0884018 73.00 34.000
FARB/23 -28.7362003 32.0957985 109.00 214.000
FASC/11 -26.5240002 29.1646996 5250.00 91.000
FASC/29 -26.5240993 29.1756001 5250.00 271.000
FATA/11 -26.3516135 27.9629636 5204.69 95.000
FATA/29 -26.3524672 27.9729704 5184.81 275.000
FATP/01 -29.0461006 26.1604004 4547.00 351.000
FATP/19 -29.0345001 26.1583004 4497.00 171.000
FATP/10 -29.0314007 26.1567993 4484.00 78.000
FATP/28 -29.0291004 26.1688995 4498.00 258.000
FATT/04 -26.7830009 29.3362999 5313.00 18.000
FATT/22 -26.7700996 29.3411999 5303.00 198.000
FATZ/06 -23.8285007 30.3237991 1914.00 49.000
FATZ/24 -23.8204002 30.3348007 1808.00 229.000
FAUL/05 -28.3255005 31.4127007 1679.00 34.000
FAUL/23 -28.3132000 31.4221992 1720.00 214.000
FAUP/08 -28.4049000 21.2581010 2748.00 59.000
FAUP/26 -28.4011990 21.2654000 2753.00 239.000
FAUP/17 -28.3799000 21.2520008 2782.00 153.000
FAUP/35 -28.4193993 21.2744007 2711.00 333.000
FAUT/14 -31.5416390 28.6627460 2397.00 113.000
FAUT/32 -31.5508540 28.6878830 2400.00 293.000
FAVG/05 -29.7742996 31.0562000 20.00 28.000
FAVG/23 -29.7668991 31.0606003 20.00 208.000
FAVM/08 -22.4503994 29.3306007 2300.00 71.000
FAVM/26 -22.4458008 29.3449001 2315.00 251.000
FAVR/08 -31.6441994 18.5391006 328.00 57.000
FAVR/26 -31.6376991 18.5505009 327.00 237.000
FAVV/03 -26.5772991 27.9587994 4854.00 9.000
FAVV/21 -26.5637036 27.9611752 4847.35 189.000
FAVV/15 -26.5632992 27.9559994 4862.00 125.000
FAVV/33 -26.5692997 27.9652996 4833.00 305.000
FAWB/06 -25.6623001 28.2155991 4070.00 44.000
FAWB/24 -25.6539993 28.2241993 4073.00 224.000
FAWB/11 -25.6530704 28.2127762 4038.00 93.000
FAWB/29 -25.6538219 28.2309875 4095.00 273.000
FAWI/04 -25.8376007 29.1898994 5078.00 19.000
FAWI/22 -25.8269997 29.1940994 5019.00 199.000
FAWK/01 -25.8441010 28.2245998 4872.00 352.000
FAWK/19 -25.8141003 28.2199993 4897.00 172.000
FAWK/06 -25.8335991 28.2187004 4919.00 44.000
FAWK/24 -25.8213005 28.2320995 4940.00 224.000
FAWM/07 -28.0039005 26.6618004 4399.00 50.000
FAWM/25 -27.9920998 26.6772995 4373.00 230.000
FAWV/24 -25.3156891 30.9751663 2923.00 265.000
FAYP/02 -33.9073982 18.4988995 42.00 356.000
FAYP/20 -33.8931007 18.4976997 52.00 176.000
FBFT/11 -21.1583330 27.4638880 3281.00 97.000
FBFT/29 -21.1611120 27.4847220 3278.00 277.000
FBFT/13 -21.1504800 27.4532830 3323.00 121.000
FBFT/31 -21.1645150 27.4779830 3278.00 301.000
FBKE/08 -17.8358002 25.1534996 3298.00 71.000
FBKE/26 -17.8299007 25.1713009 3263.00 251.000
FBMN/08 -19.9762001 23.4223995 3092.00 66.000
FBMN/26 -19.9689007 23.4398003 3093.00 246.000
FBSK/08 -24.5617008 25.9051991 3292.00 61.600
FBSK/26 -24.5487995 25.9312000 3291.00 241.600
FBSP/12 -22.0566998 27.8202991 2938.00 102.000
FBSP/30 -22.0599995 27.8372002 2936.00 282.000
FCBB/05 -4.2588210 15.2416782 1030.00 50.000
FCBB/23 -4.2396412 15.2644634 1047.00 230.000
FCOU/01 1.6070600 16.0356007 1158.00 14.000
FCOU/19 1.6250401 16.0401993 1155.00 194.000
FCPP/17 -4.8046198 11.8837996 54.00 166.000
FCPP/35 -4.8274298 11.8893995 52.00 346.000
FDMS/07 -26.5359993 31.2970009 2027.00 53.000
FDMS/25 -26.5219994 31.3180008 2075.00 233.000
FEFF/16 4.4098300 18.5159000 1208.00 165.000
FEFF/34 4.3871200 18.5217000 1182.00 345.000
FEFT/17 4.2290902 15.7847004 1929.00 167.000
FEFT/35 4.2140698 15.7881002 1860.00 347.000
FGMY/18 1.6903280 11.0241310 2159.00 177.000
FGMY/36 1.6632110 11.0256530 2142.00 357.000
FGSL/04 3.7454100 8.6999102 75.00 42.000
FGSL/22 3.7651300 8.7175303 41.00 222.000
FHAW/13 -7.9634099 -14.4060001 263.00 117.000
FHAW/31 -7.9757800 -14.3813000 214.00 297.000
FHSH/01 -15.9651450 -5.6457883 998.82 359.000
FHSH/19 -15.9512732 -5.6461366 1011.42 179.000
FI-0018/18 60.2587135 25.0437209 47.85 186.000
FI-0018/36 60.2502111 25.0418414 47.13 6.000
FI-0019/05 61.7700996 24.0179996 515.00 50.000
FI-0019/23 61.7765999 24.0359993 515.00 230.000
FIMP/14 -20.4246525 57.6720089 174.68 117.000
FIMP/32 -20.4371490 57.6979520 98.00 297.000
FIMR/12 -19.7564321 63.3563306 69.35 106.000
FIMR/30 -19.7590178 63.3662294 80.26 286.000
FJDG/13 -7.3045702 72.3970032 9.00 121.700
FJDG/31 -7.3219600 72.4252014 9.00 301.700
FKKC/05 4.0846801 9.3562698 151.00 43.000
FKKC/23 4.0936999 9.3647900 144.00 223.000
FKKD/12 4.0118699 9.7080402 34.00 117.000
FKKD/30 4.0002398 9.7309799 14.00 297.000
FKKL/13 10.4574003 14.2500000 1390.00 130.000
FKKL/31 10.4454002 14.2648001 1368.00 310.000
FKKM/04 5.6294098 10.7449999 3963.00 38.000
FKKM/22 5.6444302 10.7566004 3963.00 218.000
FKKN/02 7.3472406 13.5552093 3646.78 22.000
FKKN/20 7.3676971 13.5635641 3609.59 202.000
FKKR/09 9.3348999 13.3548002 692.00 86.000
FKKR/27 9.3368076 13.3843551 783.75 266.000
FKKU/15 5.5464101 10.3484001 4347.00 147.000
FKKU/33 5.5274301 10.3606997 4347.00 327.000
FKKY/03 3.8278401 11.5198002 2428.00 24.000
FKKY/21 3.8442299 11.5270996 2461.00 204.000
FKYS/01 3.7074101 11.5506001 2263.00 10.000
FKYS/19 3.7377000 11.5558996 2276.00 190.000
FL34/18 30.6404991 -86.7425995 119.00 181.000
FL34/36 30.6266995 -86.7428970 117.00 1.000
FLKE/11 -12.5712004 27.8878994 4636.00 104.000
FLKE/29 -12.5743999 27.9006996 4636.00 284.000
FLLI/10 -17.8209000 25.8097000 3248.00 94.000
FLLI/28 -17.8223000 25.8312000 3237.00 274.000
FLLI/15 -17.8120990 25.8139000 3249.00 140.000
FLLI/33 -17.8215010 25.8223990 3246.00 320.000
FLLS/10 -15.3291998 28.4342995 3781.00 95.200
FLLS/28 -15.3324003 28.4708996 3749.00 275.200
FLLS/15 -15.3233995 28.4594994 3782.00 140.600
FLLS/33 -15.3290997 28.4643993 3782.00 320.600
FLMF/09 -13.2602000 31.9265000 1841.00 83.000
FLMF/27 -13.2576000 31.9466000 1853.00 263.000
FLMG/09 -15.2551003 23.1553001 3465.00 85.000
FLMG/27 -15.2539997 23.1693001 3488.00 265.000
FLND/10L -12.9973001 28.6539993 4166.00 90.500
FLND/28R -12.9975996 28.6772995 4130.00 270.500
FLND/10R -12.9987001 28.6585999 4163.00 90.400
FLND/28L -12.9989004 28.6697998 4145.00 270.400
FLSO/11 -12.8979998 28.1408997 4145.00 105.700
FLSO/29 -12.9028997 28.1588001 4145.00 285.700
FM43/13 -12.2493000 49.2449989 184.00 127.000
FM43/31 -12.2629004 49.2634010 197.00 307.000
FMCH/02 -11.5466003 43.2695999 66.00 10.000
FMCH/20 -11.5207005 43.2741013 79.00 190.000
FMCI/13 -12.2948999 43.7613983 49.00 123.000
FMCI/31 -12.3013000 43.7714005 43.00 303.000
FMCV/10 -12.1309996 44.4241982 20.00 94.900
FMCV/28 -12.1320000 44.4365005 75.00 274.900
FMCZ/16 -12.8027938 45.2782521 10.51 150.000
FMCZ/34 -12.8167000 45.2864990 23.00 330.000
FMEE/12 -20.8862265 55.5057427 37.73 102.000
FMEE/30 -20.8920994 55.5346985 31.00 282.000
FMEE/14 -20.8845933 55.5050649 28.42 116.000
FMEE/32 -20.8936005 55.5241265 59.95 296.000
FMEP/15 -21.3166008 55.4193001 59.00 129.000
FMEP/33 -21.3251991 55.4305992 41.00 309.000
FMMA/12 -19.0256996 47.1604004 4734.00 106.000
FMMA/30 -19.0323009 47.1832008 4738.00 286.000
FMMI/11 -18.7947998 47.4642982 4197.00 99.000
FMMI/29 -18.7991009 47.4933014 4117.00 279.000
FMMT/01 -18.1194000 49.3936996 19.00 354.000
FMMT/19 -18.0995998 49.3913994 22.00 174.000
FMMV/10 -20.2849007 44.3148003 13.00 88.000
FMMV/28 -20.2842999 44.3291016 20.00 268.000
FMMV/14 -20.2810993 44.3116989 20.00 124.000
FMMV/32 -20.2877998 44.3223991 23.00 304.000
FMNA/13 -12.3456001 49.2860985 312.00 124.000
FMNA/31 -12.3532000 49.2974014 374.00 304.000
FMND/02 -14.6571999 49.6199989 1552.00 5.400
FMND/20 -14.6457996 49.6211014 1539.00 185.400
FMNE/11 -13.1869001 48.9813004 66.00 103.000
FMNE/29 -13.1899996 48.9947014 72.00 283.000
FMNH/18 -14.9942999 50.3185997 16.00 163.000
FMNH/36 -15.0045996 50.3218994 16.00 343.000
FMNL/11 -14.6287003 47.7583008 202.00 101.000
FMNL/29 -14.6307001 47.7692986 314.00 281.000
FMNM/14 -15.6604996 46.3442001 35.00 132.000
FMNM/32 -15.6738005 46.3594017 87.00 312.000
FMNN/05 -13.3192997 48.3078995 37.00 43.000
FMNN/23 -13.3048000 48.3217010 16.00 223.000
FMNR/14 -15.4342003 49.6836014 13.00 128.400
FMNR/32 -15.4413996 49.6931000 13.00 308.400
FMNS/16 -14.2739000 50.1716995 20.00 151.900
FMNS/34 -14.2849998 50.1777992 20.00 331.900
FMSD/08 -25.0433998 46.9505005 24.00 53.000
FMSD/26 -25.0351009 46.9622002 23.00 233.000
FMSG/13 -22.8038006 47.8157005 23.00 108.000
FMSG/31 -22.8066998 47.8255005 13.00 288.000
FMSK/05 -22.1242008 48.0186005 33.00 33.700
FMSK/23 -22.1152992 48.0250015 33.00 213.700
FMSM/04 -21.2080002 48.3555984 13.00 22.000
FMSM/22 -21.1954994 48.3610001 20.00 202.000
FMSR/04 -21.7590008 43.3725014 10.00 28.000
FMSR/22 -21.7486992 43.3785019 16.00 208.000
FMST/04 -23.3916000 43.7246020 16.00 23.000
FMST/22 -23.3750990 43.7323000 29.00 203.000
FMST/11 -23.3913994 43.7248993 16.00 88.000
FMST/29 -23.3911991 43.7327003 16.00 268.000
FNBC/16 -6.2624602 14.2435999 1860.00 155.000
FNBC/34 -6.2773299 14.2504997 1860.00 335.000
FNBG/14 -12.6043997 13.3980999 118.00 131.000
FNBG/32 -12.6136999 13.4094000 118.00 311.000
FNCA/36 -5.6082900 12.1885000 63.00 0.000
FNCA/18 -5.5856900 12.1882000 85.00 180.000
FNHU/11 -12.8066998 15.7484999 5587.00 100.000
FNHU/29 -12.8111000 15.7726002 5561.00 280.000
FNLU/05 -8.8768797 13.2138996 235.00 47.000
FNLU/23 -8.8549444 13.2373860 232.12 227.000
FNLU/07 -8.8556099 13.2257004 240.00 68.000
FNLU/25 -8.8470001 13.2466002 223.00 248.000
FNME/13 -14.6500998 17.7054996 4573.00 120.000
FNME/31 -14.6650000 17.7341003 4589.00 300.000
FNMO/08 -15.2658005 12.1360998 210.00 66.000
FNMO/26 -15.2566996 12.1574001 210.00 246.000
FNSA/13 -9.6843927 20.4262905 3584.97 130.000
FNSA/31 -9.6989403 20.4438000 3596.00 310.000
FNUB/10 -14.9251160 13.5619480 5851.00 87.000
FNUB/28 -14.9242220 13.5911780 5774.00 267.000
FNUE/11 -11.7653999 19.8869991 4487.00 104.000
FNUE/29 -11.7707005 19.9083996 4475.00 284.000
FNUG/01 -7.6120000 15.0270004 2723.00 6.000
FNUG/19 -7.5941300 15.0285997 2743.00 186.000
FOGO/03 1.5357200 11.5780001 2165.00 25.000
FOGO/21 1.5505000 11.5846996 2165.00 205.000
FOGR/04 -0.7120830 10.2388000 82.00 42.000
FOGR/22 -0.6966670 10.2526999 66.00 222.000
FOOB/13 2.0799201 11.4865999 1932.00 123.000
FOOB/31 2.0713601 11.4997997 1932.00 303.000
FOOG/02 -0.7140976 8.7533992 10.29 22.000
FOOG/20 -0.7037890 8.7576200 9.00 202.000
FOOL/16 0.4708140 9.4063501 29.00 154.000
FOOL/34 0.4464170 9.4181499 28.00 334.000
FOON/15 -1.6449500 13.4298000 1436.00 144.000
FOON/33 -1.6673599 13.4462004 1410.00 324.000
FPPR/18 1.6687200 7.4105000 581.00 168.000
FPPR/36 1.6571500 7.4129801 591.00 348.000
FPST/11 0.3804047 6.7029544 38.37 103.000
FPST/29 0.3759453 6.7213458 16.63 283.000
FQ49/17 -21.1618996 34.5625000 98.00 160.100
FQ49/35 -21.1706009 34.5657997 98.00 340.100
FQBR/12 -19.7936001 34.8964996 26.00 105.000
FQBR/30 -19.7992001 34.9185982 30.00 285.000
FQIN/16 -23.8705997 35.4048004 16.00 149.000
FQIN/34 -23.8822002 35.4123001 30.00 329.000
FQLC/08 -13.2777996 35.2552986 4491.00 71.000
FQLC/26 -13.2701998 35.2773018 4482.00 251.000
FQLU/01 -15.0398998 40.6716995 30.00 0.000
FQLU/19 -15.0263004 40.6717987 33.00 180.000
FQMA/05 -25.9249001 32.5700989 118.00 29.000
FQMA/23 -25.8959007 32.5877991 145.00 209.000
FQMA/10 -25.9212000 32.5663990 118.00 86.000
FQMA/28 -25.9202000 32.5833020 128.00 266.000
FQMP/03 -11.3699999 40.3510017 89.00 25.000
FQMP/21 -11.3535995 40.3586998 85.00 205.000
FQNC/01 -14.5003430 40.7112770 398.00 13.000
FQNC/19 -14.4724740 40.7135580 330.00 193.000
FQNP/05 -15.1118002 39.2751007 1444.00 45.800
FQNP/23 -15.0993996 39.2885017 1381.00 225.800
FQNP/13 -15.1035004 39.2863998 1377.00 119.000
FQNP/31 -15.1104002 39.2990990 1404.00 299.000
FQPB/17 -12.9856005 40.5220985 331.00 160.800
FQPB/35 -13.0010004 40.5275993 318.00 340.800
FQQL/18 -17.8474007 36.8683014 36.00 174.000
FQQL/36 -17.8635998 36.8699989 36.00 354.000
FQSG/16 -15.5988998 32.7717018 2904.00 159.000
FQSG/34 -15.6064997 32.7747002 2894.00 339.000
FQUG/16 -14.6970997 34.3493004 4288.00 158.000
FQUG/34 -14.7122002 34.3554993 4268.00 338.000
FQVL/10 -22.0184994 35.3106003 46.00 89.000
FQVL/28 -22.0184002 35.3179016 33.00 269.000
FQVL/17 -22.0111008 35.3097992 46.00 156.000
FQVL/35 -22.0231991 35.3156013 39.00 336.000
FR-0158/04 46.8788270 -0.2865800 427.00 43.000
FR-0158/22 46.8821210 -0.2824200 416.00 223.000
FR-0158/08 46.8794420 -0.2945060 424.00 83.000
FR-0158/26 46.8809960 -0.2803000 404.00 263.000
FR-0158/12 46.8808130 -0.2912380 448.00 123.000
FR-0158/30 46.8778160 -0.2838200 426.00 303.000
FR-0394/13 44.8437119 1.5851220 925.00 126.000
FR-0394/31 44.8400154 1.5923240 986.00 306.000
FR-1237/14 45.1541058 1.4639913 350.00 136.000
FR-1237/32 45.1473706 1.4733917 371.00 316.000
FR-1238/10 50.2225990 3.1366401 216.00 94.200
FR-1238/28 50.2210007 3.1718400 243.00 274.200
FR-1239/01 47.9113998 7.3956800 690.00 14.000
FR-1239/19 47.9325981 7.4036598 680.00 194.000
FR-1240/01 49.0616989 6.1299701 625.00 9.800
FR-1240/19 49.0829010 6.1355500 621.00 189.800
FR-1241/07 49.3056984 4.0343399 314.00 67.500
FR-1241/25 49.3143005 4.0659199 292.00 247.500
FR-1242/07 48.0821991 5.6490598 1240.00 68.000
FR-1242/25 48.0904007 5.6790600 1280.00 248.000
FSIA/13 -4.6682020 55.5130523 10.00 125.000
FSIA/31 -4.6805576 55.5306488 10.00 305.000
FSPP/15 -4.3154383 55.6891590 10.00 149.000
FSPP/33 -4.3241384 55.6943359 10.00 329.000
FTTC/09 13.8479996 20.8302994 1751.00 92.600
FTTC/27 13.8469000 20.8561993 1789.00 272.600
FTTD/04 8.6177101 16.0667992 1383.00 35.000
FTTD/22 8.6310997 16.0760994 1409.00 215.000
FTTJ/05 12.1248999 15.0247002 968.00 46.000
FTTJ/23 12.1424999 15.0431995 967.00 226.000
FTTY/06 17.9104000 19.0998000 741.00 58.000
FTTY/24 17.9237000 19.1222990 771.00 238.000
FVBU/02 -20.0151997 28.6182003 4350.00 8.000
FVBU/20 -20.0030994 28.6198997 4326.00 188.000
FVBU/13 -20.0161991 28.6152000 4351.00 115.000
FVBU/31 -20.0261993 28.6375999 4359.00 295.000
FVCP/06 -17.7551994 30.9195004 4812.00 53.800
FVCP/24 -17.7488995 30.9286003 4843.00 233.800
FVCP/14 -17.7488995 30.9214993 4838.00 132.000
FVCP/32 -17.7544003 30.9281006 4845.00 312.000
FVCZ/14 -21.0040521 31.5733433 1419.86 130.000
FVCZ/32 -21.0132008 31.5851002 1410.00 310.000
FVDA/09 -17.0055008 30.8917007 4750.00 82.000
FVDA/27 -17.0042992 30.9004993 4750.00 262.000
FVFA/12 -18.0908090 25.8180580 3490.00 110.000
FVFA/30 -18.1031950 25.8535560 3480.00 290.000
FVHA/05 -17.9400598 31.0845132 4814.57 46.000
FVHA/23 -17.9167020 31.1086120 4887.00 226.000
FVKB/09 -16.5208000 28.8773000 1664.00 82.000
FVKB/27 -16.5188010 28.8927000 1706.00 262.000
FVMV/17 -20.0548000 30.8589001 3595.00 162.000
FVMV/35 -20.0695992 30.8640003 3587.00 342.000
FVWN/08 -18.6375999 27.0007992 3543.00 68.000
FVWN/26 -18.6221008 27.0412998 3530.00 248.000
FWCL/10 -15.6773005 34.9586983 2472.00 97.000
FWCL/28 -15.6798000 34.9802017 2555.00 277.000
FWCL/15 -15.6711998 34.9673996 2468.00 141.000
FWCL/33 -15.6808004 34.9754982 2546.00 321.000
FWKA/14 -9.9493103 33.8890991 1760.00 138.000
FWKA/32 -9.9578304 33.8969994 1760.00 318.000
FWKI/14 -13.7791004 33.7683983 4028.00 130.900
FWKI/32 -13.7995996 33.7935982 4022.00 310.900
FWLE/09 -13.9670000 33.6957016 3721.00 80.100
FWLE/27 -13.9650002 33.7080002 3699.00 260.100
FWUU/17 -11.4392004 34.0098000 4115.00 161.100
FWUU/35 -11.4504004 34.0136986 4115.00 341.100
FXMM/04 -29.4677627 27.5507341 5324.69 15.000
FXMM/22 -29.4417000 27.5589008 5320.00 195.000
FXMM/11 -29.4626999 27.5466003 5309.00 85.000
FXMM/29 -29.4619999 27.5569000 5351.00 265.000
FYAR/10 -22.4636002 14.9708004 1827.00 81.000
FYAR/28 -22.4608994 14.9891996 1905.00 261.000
FYGF/08 -19.6047993 18.1158009 4602.00 68.000
FYGF/26 -19.5925999 18.1473007 4561.00 248.000
FYGF/17 -19.5969009 18.1203995 4610.00 158.000
FYGF/35 -19.6056995 18.1242008 4586.00 338.000
FYKM/09 -17.6362000 24.1660004 3144.00 80.000
FYKM/27 -17.6327000 24.1872997 3126.00 260.000
FYKT/04 -26.5498009 18.1082993 3439.00 16.000
FYKT/22 -26.5298996 18.1145992 3506.00 196.000
FYKT/18 -26.5319004 18.1091003 3502.00 155.000
FYKT/36 -26.5436001 18.1151009 3487.00 335.000
FYLZ/04 -26.6917000 15.2413998 420.00 17.000
FYLZ/22 -26.6758003 15.2468004 392.00 197.000
FYLZ/12 -26.6872997 15.2419996 421.00 99.000
FYLZ/30 -26.6889992 15.2539997 457.00 279.000
FYOA/08 -17.8838005 15.9398003 3599.00 65.000
FYOA/26 -17.8726006 15.9653997 3599.00 245.000
FYOA/16 -17.8700008 15.9406004 3599.00 149.000
FYOA/34 -17.8803997 15.9473000 3598.00 329.000
FYOG/02 -28.5918999 16.4466991 14.00 0.000
FYOG/20 -28.5774994 16.4466991 14.00 180.000
FYRU/08 -17.9612007 19.7043991 3627.00 72.000
FYRU/26 -17.9517994 19.7345009 3581.00 252.000
FYWB/09 -22.9842000 14.6312000 231.00 72.000
FYWB/27 -22.9746000 14.6631000 310.00 252.000
FYWE/01 -22.6152000 17.0806999 5575.00 351.000
FYWE/19 -22.5978637 17.0777562 5518.67 171.000
FYWE/09 -22.6135006 17.0748997 5572.00 76.000
FYWE/27 -22.6112995 17.0841999 5568.00 256.000
FYWH/08 -22.4897995 17.4494991 5640.00 64.000
FYWH/26 -22.4713993 17.4894009 5500.00 244.000
FYWH/16 -22.4776993 17.4689999 5574.00 141.000
FYWH/34 -22.4883995 17.4783001 5564.00 321.000
FZAA/06 -4.3969340 15.4270830 998.00 58.000
FZAA/24 -4.3773952 15.4574080 998.00 238.000
FZAR/08 -5.4226999 14.8121004 1321.00 71.000
FZAR/26 -5.4194002 14.8217001 1342.00 251.000
FZBO/11 -3.3095901 17.3757000 1060.00 106.000
FZBO/29 -3.3130500 17.3875999 1060.00 286.000
FZEA/18 0.0324690 18.2875996 1047.00 173.000
FZEA/36 0.0127330 18.2898998 1021.00 353.000
FZFD/07 4.2488999 20.9615002 1505.00 73.100
FZFD/25 4.2575202 20.9890995 1485.00 253.100
FZIA/10 0.5186780 25.1452007 1289.00 97.100
FZIA/28 0.5162500 25.1648998 1227.00 277.100
FZIC/13 0.4906670 25.3250999 1407.00 125.000
FZIC/31 0.4726250 25.3507996 1417.00 305.000
FZJH/13 2.8348801 27.5795994 2415.00 130.000
FZJH/31 2.8214752 27.5955344 2436.18 310.000
FZKA/09 1.5665559 30.2141964 4014.64 93.000
FZKA/27 1.5647900 30.2290000 4114.00 273.000
FZKJ/07 2.8155701 24.7847004 1380.00 73.000
FZKJ/25 2.8211300 24.8027000 1380.00 253.000
FZMA/17 -2.3003299 28.8064003 5655.00 164.300
FZMA/35 -2.3176301 28.8111992 5592.00 344.300
FZNA/17 -1.6528580 29.2366581 5045.00 174.000
FZNA/35 -1.6794471 29.2392521 4992.00 354.000
FZOA/18 -2.9092400 25.9146996 1624.00 176.000
FZOA/36 -2.9291201 25.9160995 1628.00 356.000
FZQA/07 -11.5971003 27.5172997 4290.00 66.000
FZQA/25 -11.5853996 27.5445004 4214.00 246.000
FZQM/11 -10.7643995 25.4979000 4918.00 101.000
FZQM/29 -10.7673998 25.5135994 4918.00 281.000
FZRF/06 -5.8797400 29.2425990 2553.00 58.000
FZRF/24 -5.8713500 29.2560010 2547.00 238.000
FZSA/13L -8.6334696 25.2563000 3543.00 121.300
FZSA/31R -8.6460600 25.2773991 3543.00 301.300
FZSA/13R -8.6379900 25.2283993 3543.00 121.000
FZSA/31L -8.6505804 25.2495003 3543.00 301.000
FZUA/11 -5.8970399 22.4596996 2101.00 107.700
FZUA/29 -5.9030399 22.4785995 2143.00 287.700
FZWA/16 -6.1127100 23.5660990 2221.00 161.000
FZWA/34 -6.1297600 23.5718990 2221.00 341.000
GA1A/07 14.4292002 -11.4446001 154.00 66.000
GA1A/25 14.4334002 -11.4348001 148.00 246.000
GA2/13 33.1834984 -84.3779984 926.00 128.000
GA2/31 33.1834984 -84.3779984 926.00 308.000
GABS/06 12.5268002 -7.9603500 1187.00 57.000
GABS/24 12.5403004 -7.9395399 1244.00 237.000
GAGO/07 16.2432003 -0.0158170 836.00 62.000
GAGO/25 16.2537003 0.0049030 863.00 242.000
GAKY/09 14.4801000 -11.4118000 161.00 81.000
GAKY/27 14.4824000 -11.3970000 161.00 261.000
GAMB/05 14.5050001 -4.0882301 905.00 47.000
GAMB/23 14.5205002 -4.0708799 901.00 227.000
GASK/08 11.3254200 -5.6973300 1366.00 76.000
GASK/26 11.3315400 -5.6847200 1303.00 256.000
GASO/08 11.5956001 -5.8066401 1297.00 70.600
GASO/26 11.6004000 -5.7927899 1289.00 250.600
GATB/07 16.7269001 -3.0167501 863.00 68.000
GATB/25 16.7339993 -2.9984100 860.00 248.000
GATS/05L 20.2350998 0.9687530 1585.00 46.000
GATS/23R 20.2509003 0.9858640 1611.00 226.000
GATS/15 20.2495995 0.9789500 1601.00 153.000
GATS/33 20.2399998 0.9841280 1611.00 333.000
GB-0002/08 54.6860100 -1.4641550 377.00 78.000
GB-0002/26 54.6874620 -1.4528420 324.00 258.000
GB-0425/09 52.9379997 0.7681430 100.00 90.000
GB-0425/27 52.9379997 0.7763400 142.00 270.000
GB-0615/04 51.8662440 -0.5508470 500.00 40.000
GB-0615/22 51.8713070 -0.5438320 500.00 220.000
GB-0762/09 51.1605000 2.0616000 650.00 85.000
GB-1211/07 53.3347123 -2.1617970 282.60 67.000
GB-1211/25 53.3397168 -2.1419427 286.37 247.000
GB-1212/02 53.4642599 -1.0101341 50.04 18.000
GB-1212/20 53.4863661 -0.9981390 26.77 198.000
GB-1213/06 51.5022011 -2.0110199 511.00 60.200
GB-1213/24 51.5119714 -1.9834999 451.96 240.200
GB-1213/18 51.5115013 -1.9899499 451.00 174.900
GB-1213/36 51.4950981 -1.9876300 439.00 354.900
GB-1214/06 50.4204755 -4.1160103 458.85 48.000
GB-1214/24 50.4246948 -4.1085806 472.06 228.000
GB-1214/13 50.4251705 -4.1117960 471.98 123.000
GB-1214/31 50.4202923 -4.0997208 440.81 303.000
GB-1215/10 51.3446007 1.3268300 171.00 101.200
GB-1215/28 51.3396988 1.3655601 172.00 281.200
GB-1216/06 53.7183893 -0.5670058 11.90 57.800
GB-1216/24 53.7207985 -0.5602780 11.00 237.800
GB-1216/12 53.7226127 -0.5705936 16.00 113.000
GB-1216/30 53.7196007 -0.5581720 16.00 293.000
GB-1217/06 60.4297875 -1.3045384 69.93 55.300
GB-1217/24 60.4356131 -1.2873750 19.20 235.300
GB-1218/07 57.6459999 -3.5788200 11.00 71.000
GB-1218/25 57.6529007 -3.5423801 22.00 251.000
GB-1219/10 53.3946991 -1.3975600 231.00 98.000
GB-1219/28 53.3937988 -1.3794100 230.00 278.000
GB-1220/09 51.5193466 -2.6054930 198.01 92.000
GB-1220/27 51.5195003 -2.5770178 186.79 272.000
GB-1221/01 51.4395954 -2.2855782 583.97 5.000
GB-1221/19 51.4475194 -2.2844716 557.28 185.000
GB-1221/07 51.4385448 -2.2879409 583.33 64.900
GB-1221/25 51.4427792 -2.2733417 549.62 244.900
GB-1223/15 54.1429830 -1.4258628 113.78 151.000
GB-1223/33 54.1301535 -1.4136144 99.83 331.000
GB-1224/04 52.7265015 -0.6621330 461.00 41.000
GB-1224/22 52.7449989 -0.6353060 393.00 221.000
GB-1225/04 53.2986984 -0.5643530 196.00 41.000
GB-1225/22 53.3171997 -0.5373080 168.00 221.000
GB-1226/03 54.0435603 -1.2591855 49.08 32.000
GB-1226/21 54.0564003 -1.2457600 50.00 212.000
GB-1226/10 54.0494995 -1.2626400 48.00 96.000
GB-1226/28 54.0481987 -1.2423100 46.00 276.000
GBYD/14 13.3486004 -16.6648006 88.00 131.000
GBYD/32 13.3274002 -16.6396008 74.00 311.000
GCFV/01 28.4418671 -13.8640406 48.13 2.000
GCFV/19 28.4594194 -13.8635583 69.89 182.000
GCGM/09 28.0286007 -17.2220993 716.00 81.200
GCGM/27 28.0307007 -17.2070999 712.00 261.200
GCHI/16 27.8197994 -17.8899994 71.00 152.600
GCHI/34 27.8097992 -17.8841000 103.00 332.600
GCLA/36 28.6166000 -17.7553997 103.00 359.000
GCLA/18 28.6364002 -17.7558002 65.00 179.000
GCLP/03L 27.9188995 -15.3922997 78.00 22.000
GCLP/21R 27.9449005 -15.3808002 33.00 202.000
GCLP/03R 27.9181995 -15.3903999 69.00 22.000
GCLP/21L 27.9442005 -15.3788004 27.00 202.000
GCRR/03 28.9364971 -13.6103947 19.05 27.000
GCRR/21 28.9550990 -13.5996000 47.00 207.000
GCTS/07 28.0391998 -16.5876007 188.00 68.600
GCTS/25 28.0496998 -16.5573006 209.00 248.600
GCXO/12 28.4877550 -16.3569090 2062.00 111.000
GCXO/30 28.4776970 -16.3265860 2007.00 291.000
GDY/04 37.2299004 -82.1274033 2304.00 37.000
GDY/22 37.2349014 -82.1225967 2304.00 217.000
GECE/07 35.8922080 -5.3074920 8.00 67.000
GECE/25 35.8931730 -5.3051030 8.00 247.000
GEML/15 35.2841843 -2.9597623 152.31 146.000
GEML/33 35.2748990 -2.9522400 133.00 326.000
GFLL/12 8.6206903 -13.2094002 78.00 107.000
GFLL/30 8.6121998 -13.1815996 82.00 287.000
GGOV/03 11.8811998 -15.6583996 129.00 19.000
GGOV/21 11.9084997 -15.6490002 86.00 199.000
GL-0012/11 60.7662240 -46.0885160 456.00 91.000
GL-0012/29 60.7658730 -46.0609930 505.00 271.000
GLMR/05 6.2829598 -10.7635453 24.50 40.000
GLMR/23 6.2947899 -10.7536542 10.50 220.000
GLRB/04 6.2208300 -10.3701000 29.00 31.000
GLRB/22 6.2439303 -10.3562041 25.44 211.000
GMAA/10 30.3831005 -9.5613699 75.00 97.500
GMAA/28 30.3796005 -9.5312204 85.00 277.500
GMAD/09 30.3230286 -9.4281607 197.00 91.000
GMAD/27 30.3222351 -9.3948936 253.00 271.000
GMAT/03 28.4402008 -11.1660995 653.00 27.800
GMAT/21 28.4561996 -11.1566000 653.00 207.800
GMFF/09 33.9273987 -4.9952102 1854.00 90.000
GMFF/27 33.9272995 -4.9633689 1887.19 270.000
GMFK/13 31.9566002 -4.4149299 3428.00 125.100
GMFK/31 31.9398994 -4.3869801 3363.00 305.100
GMFM/08 33.8823013 -5.5302601 1814.00 77.400
GMFM/26 33.8858986 -5.5093999 1814.00 257.400
GMFM/09 33.8723654 -5.5238082 1871.07 83.000
GMFM/27 33.8750000 -5.4949999 1890.00 263.000
GMFO/06 34.7798996 -1.9378400 1535.00 58.000
GMFO/24 34.7943993 -1.9101300 1493.00 238.000
GMFO/13 34.8097992 -1.9521700 1486.00 132.000
GMFO/31 34.7921982 -1.9275000 1493.00 312.000
GMMB/14 33.6661987 -7.2318001 526.00 141.000
GMMB/32 33.6445999 -7.2110901 618.00 321.000
GMME/03 34.0379982 -6.7613902 265.00 33.000
GMME/21 34.0648994 -6.7416501 238.00 213.000
GMMH/03 23.7057991 -15.9377003 36.00 22.700
GMMH/21 23.7308006 -15.9263000 27.00 202.700
GMMI/16 31.4101162 -9.6879559 351.00 159.000
GMMI/34 31.3882446 -9.6780252 421.00 339.000
GMML/02 27.1301994 -13.2354002 223.00 16.000
GMML/20 27.1536007 -13.2276001 217.00 196.000
GMML/04 27.1357994 -13.2258997 202.00 32.000
GMML/22 27.1550007 -13.2125998 202.00 212.000
GMMN/17L 33.3839989 -7.5935202 633.00 164.000
GMMN/35R 33.3517990 -7.5824900 656.00 344.000
GMMN/17R 33.3830986 -7.5974302 636.00 164.000
GMMN/35L 33.3508987 -7.5864201 656.00 344.000
GMMW/08 34.9860001 -3.0442801 594.00 78.000
GMMW/26 34.9916000 -3.0121300 570.00 258.000
GMMX/10 31.6081373 -8.0496013 1509.52 96.000
GMMX/28 31.6054993 -8.0199900 1545.00 276.000
GMMY/03 34.2887001 -6.5947599 13.00 19.000
GMMY/21 34.3042984 -6.5883098 13.00 199.000
GMMY/07 34.2963982 -6.6119599 16.00 63.000
GMMY/25 34.3064995 -6.5883899 12.00 243.000
GMMZ/12 30.9452000 -6.9234400 3782.00 116.800
GMMZ/30 30.9330006 -6.8955102 3710.00 296.800
GMSL/07 34.2249980 -6.0676400 174.00 72.000
GMSL/25 34.2363010 -6.0327700 162.00 252.000
GMTA/17 35.1884990 -3.8413200 21.00 173.000
GMTA/35 35.1661000 -3.8377900 96.00 353.000
GMTT/10 35.7332993 -5.9403100 20.00 96.000
GMTT/28 35.7304693 -5.9073277 56.00 276.000
GNU/05 59.1160011 -161.5839996 9.00 69.000
GNU/23 59.1186105 -161.5709746 10.86 249.000
GOBD/01 14.6562798 -17.0727200 271.28 359.000
GOBD/19 14.6857202 -17.0729500 251.72 179.000
GOGG/10 12.5553999 -16.2889004 66.00 88.000
GOGG/28 12.5558996 -16.2747002 75.00 268.000
GOGS/14 12.4017780 -16.7544990 52.00 136.000
GOGS/32 12.3889110 -16.7415350 30.00 316.000
GOOY/18 14.7556730 -17.4807081 64.50 172.600
GOOY/36 14.7257996 -17.4766998 75.00 352.600
GOSS/18 16.0587997 -16.4622993 10.00 172.600
GOSS/36 16.0417995 -16.4599991 7.00 352.600
GOTT/06 13.7308998 -13.6601000 157.00 49.000
GOTT/24 13.7426996 -13.6461000 161.00 229.000
GQNA/22 16.7173996 -9.6338701 935.00 212.400
GQND/25 18.5732994 -11.4167995 1316.00 244.000
GQNF/07 16.5865990 -11.4127000 400.00 61.000
GQNF/25 16.5933990 -11.3997000 423.00 241.000
GQNI/09 16.6210995 -7.3263898 728.00 84.000
GQNI/27 16.6229000 -7.3067398 758.00 264.000
GQNK/07 16.1537991 -13.5177002 52.00 60.000
GQNK/25 16.1653004 -13.4975004 66.00 240.000
GQNO/06 18.2947922 -15.9923944 9.00 50.000
GQNO/24 18.3088226 -15.9750795 9.00 230.000
GQNO/16 18.3163395 -15.9735804 9.00 150.000
GQNO/34 18.2898102 -15.9573498 9.00 330.000
GQPA/04 20.4950008 -13.0502996 745.00 30.000
GQPA/22 20.5186005 -13.0361004 758.00 210.000
GQPP/02 20.9223003 -17.0328007 4.00 14.000
GQPP/20 20.9435005 -17.0270004 7.00 194.000
GQPT/01 25.2262993 -11.5882998 1194.00 358.000
GQPT/19 25.2425892 -11.5889296 1181.43 178.000
GR-0095/13 38.8778000 22.4305992 38.00 133.000
GR-0095/31 38.8712997 22.4393997 38.00 313.000
GUCY/06 9.5672102 -13.6232996 69.00 49.000
GUCY/24 9.5865898 -13.6005001 52.00 229.000
GULB/06 11.3203001 -12.2938995 3396.00 51.000
GULB/24 11.3318005 -12.2798004 3396.00 231.000
GVAC/01 16.7215480 -22.9488460 176.00 358.000
GVAC/19 16.7486822 -22.9489639 170.49 178.000
GVBA/03 16.1281990 -22.8914180 69.00 16.000
GVBA/21 16.1464550 -22.8857590 69.00 196.000
GVNP/03 14.9340400 -23.4876402 313.13 22.000
GVNP/21 14.9498810 -23.4810660 324.00 202.000
GVSN/01 16.5819270 -24.2837020 669.00 356.000
GVSN/19 16.5945460 -24.2844260 669.00 176.000
GVSV/07 16.8292459 -25.0608914 70.00 54.000
GVSV/25 16.8390690 -25.0470540 70.00 234.000
GXUD/10 10.4487000 -9.2396900 1262.00 91.000
GXUD/28 10.4481000 -9.2123300 1228.00 271.000
H07/36 38.7756004 -89.6402969 537.00 256.000
HAAB/07L 8.9746147 38.7845957 7616.12 73.700
HAAB/25R 8.9824397 38.8114115 7605.32 253.700
HAAB/07R 8.9731776 38.7866554 7614.81 73.600
HAAB/25L 8.9810348 38.8135852 7596.16 253.600
HAAM/03 6.0286899 37.5836983 3895.00 32.000
HAAM/21 6.0500898 37.5971985 3883.00 212.000
HAAX/16 14.1569004 38.7692986 6926.00 160.000
HAAX/34 14.1365004 38.7764015 6959.00 340.000
HABD/04 11.5986004 37.3120003 6008.00 45.000
HABD/22 11.6176004 37.3312988 5917.00 225.000
HADD/15 8.5591430 34.8542060 5210.00 145.000
HADD/33 8.5451880 34.8639300 5120.00 325.000
HADR/15 9.6357603 41.8484993 3661.00 152.000
HADR/33 9.6143303 41.8597984 3829.00 332.000
HAGM/18 8.1400299 34.5632019 1637.00 179.700
HAGM/36 8.1172895 34.5634003 1632.00 359.700
HAGN/17 12.5322000 37.4318010 6516.00 170.000
HAGN/35 12.5076000 37.4362980 6366.00 350.000
HAGO/04 5.9265299 43.5717010 822.00 38.700
HAGO/22 5.9426699 43.5845985 834.00 218.700
HAJM/13 7.6687769 36.8091160 5501.94 125.000
HAJM/31 7.6537941 36.8307850 5500.06 305.000
HALL/10 11.9762001 38.9688988 6306.00 96.000
HALL/28 11.9737997 38.9911003 6421.00 276.000
HAMK/11 13.4723885 39.5205762 7393.25 112.000
HAMK/29 13.4623114 39.5463269 7365.75 292.000
HASO/11 10.0221996 34.5782013 5100.00 115.000
HASO/29 10.0149002 34.5942993 5100.00 295.000
HBBA/17 -3.3079901 29.3160000 2582.00 172.000
HBBA/35 -3.3400500 29.3209991 2559.00 352.000
HCMC/04 11.4907999 49.9054985 37.00 41.000
HCMC/22 11.4982004 49.9122009 20.00 221.000
HCME/06 8.1015997 49.8160019 867.00 57.000
HCME/24 8.1066999 49.8240013 880.00 237.000
HCMH/06 9.5054407 44.0711288 4471.00 55.000
HCMH/24 9.5243750 44.0988998 4468.00 235.000
HDAM/09 11.5474997 43.1450996 49.00 91.000
HDAM/27 11.5471349 43.1718641 22.04 271.000
HE12/04 30.3264999 31.4368992 115.00 47.000
HE12/22 30.3423996 31.4564991 115.00 227.000
HE35/09 30.5699997 32.0796013 49.00 90.100
HE35/27 30.5699005 32.1105003 49.00 270.100
HE46/07 30.0261993 32.9718018 1576.00 71.900
HE46/25 30.0284004 32.9796982 1616.00 251.900
HEAL/13 30.9347000 28.4475994 143.00 130.000
HEAL/31 30.9141006 28.4752998 140.00 310.000
HEAR/16L 31.0858000 33.8297000 101.00 157.000
HEAR/34R 31.0606990 33.8419990 121.00 337.000
HEAT/13 27.0552006 31.0002995 737.00 129.800
HEAT/31 27.0377998 31.0237007 772.00 309.800
HEAZ/05 30.0883007 31.3558006 267.00 46.900
HEAZ/23 30.0958004 31.3647003 262.00 226.900
HEAZ/18 30.1019001 31.3600006 224.00 181.000
HEAZ/36 30.0850731 31.3601315 288.03 1.000
HEBA/14L 30.9303670 29.6850850 177.00 143.000
HEBA/32R 30.9059200 29.7065660 133.00 323.000
HEBA/14R 30.9291060 29.6831700 148.00 143.000
HEBA/32L 30.9046630 29.7046510 149.00 323.000
HEBL/15 22.3876991 31.6044006 616.00 150.000
HEBL/33 22.3642006 31.6189995 616.00 330.000
HECA/05C 30.0997010 31.3981990 382.00 45.000
HECA/23C 30.1233010 31.4296000 375.00 225.000
HECA/05L 30.1196990 31.3801990 190.00 49.000
HECA/23R 30.1390990 31.4063000 199.00 229.000
HECA/05R 30.0971661 31.4190006 382.00 49.200
HECA/23L 30.1206665 31.4505005 375.00 229.200
HECP/01L 30.0564730 31.8282660 811.00 15.000
HECP/19R 30.0882450 31.8382050 733.00 195.000
HECP/01R 30.0356860 31.8336870 833.00 20.000
HECP/19L 30.0636220 31.8424220 771.00 200.000
HECW/10 30.1182000 30.9084000 495.00 107.000
HECW/28 30.1112000 30.9362000 557.00 287.000
HECW/16L 30.1296910 30.9117080 499.56 165.000
HECW/34R 30.1085080 30.9178912 525.44 345.000
HEDK/15 25.4211998 28.9967003 574.00 149.300
HEDK/33 25.4018993 29.0093002 613.00 329.300
HEGN/16L 27.1934763 33.7965897 48.87 165.000
HEGN/34R 27.1611004 33.8060989 35.00 345.000
HEGR/08 31.0704994 34.1371002 309.00 75.500
HEGR/26 31.0754489 34.1594664 322.75 255.500
HEKG/18 25.4894009 30.5907001 192.00 179.900
HEKG/36 25.4577999 30.5907001 166.00 359.900
HELX/02 25.6586000 32.7006990 294.00 23.000
HELX/20 25.6835990 32.7121010 272.00 203.000
HEMA/15 25.5680997 34.5766472 246.63 150.000
HEMA/33 25.5461013 34.5907539 233.37 330.000
HEMM/06 31.3222198 27.2153437 94.00 60.000
HEMM/24 31.3352814 27.2417562 94.00 240.000
HEMM/15 31.3370991 27.2136993 94.00 149.700
HEMM/33 31.3136997 27.2296009 94.00 329.700
HEOC/01 29.8031998 30.8216000 807.00 9.900
HEOC/19 29.8209991 30.8250999 755.00 189.900
HEOW/36R 22.5700000 28.7141000 859.00 9.000
HEOW/18L 22.6012990 28.7192000 856.00 189.000
HEPS/10 31.2823009 32.2281990 8.00 105.800
HEPS/28 31.2765007 32.2518997 5.00 285.800
HESC/17 28.6945992 34.0610008 4299.00 171.500
HESC/35 28.6756992 34.0642014 4368.00 351.500
HESH/04L 27.9685001 34.3825989 134.00 42.800
HESH/22R 27.9888992 34.4039001 119.00 222.800
HESH/04R 27.9657001 34.3860016 114.00 42.800
HESH/22L 27.9860992 34.4072990 117.00 222.800
HESN/17 23.9795000 32.8172990 610.00 171.000
HESN/35 23.9492000 32.8226010 654.00 351.000
HESX/16R 30.1241000 30.8911000 464.00 165.000
HESX/34L 30.0923000 30.9004000 500.00 345.000
HETB/04L 29.5753994 34.7631989 2460.00 41.800
HETB/22R 29.6023006 34.7906990 2399.00 221.800
HETR/10 28.2122993 33.6306992 19.00 104.200
HETR/28 28.2056999 33.6603012 115.00 284.200
HHAS/07 15.2840996 38.8941002 7661.00 74.300
HHAS/25 15.2914000 38.9210014 7654.00 254.300
HHMS/07 15.6660000 39.3545000 194.00 75.000
HHMS/25 15.6740000 39.3857990 135.00 255.000
HI01/05 22.2063999 -159.4490051 344.00 50.000
HI01/23 22.2124004 -159.4420013 288.00 271.000
HJJJ/13 4.8790200 31.5928990 1503.00 130.000
HJJJ/31 4.8650000 31.6094000 1505.00 310.000
HKEL/08 0.4009140 35.2212982 6838.00 79.000
HKEL/26 0.4071080 35.2521019 6838.00 259.000
HKJK/06 -1.3275900 36.9164009 5330.00 54.000
HKJK/24 -1.3057100 36.9463005 5281.00 234.000
HKKI/06 -0.0944517 34.7131817 3752.91 62.000
HKKI/24 -0.0822270 34.7357023 3790.03 242.000
HKLK/09 4.2043500 34.3396988 1510.00 92.000
HKLK/27 4.2038898 34.3567009 1510.00 272.000
HKLU/08 -2.2531099 40.9108009 20.00 74.000
HKLU/26 -2.2507601 40.9188004 20.00 254.000
HKLU/15 -2.2463400 40.9099998 20.00 152.000
HKLU/33 -2.2544401 40.9141006 20.00 332.000
HKMO/03 -4.0395198 39.5917015 190.00 29.000
HKMO/21 -4.0130901 39.6063995 199.00 209.000
HKMO/15 -4.0298300 39.5914001 177.00 150.000
HKMO/33 -4.0405402 39.5974998 184.00 330.000
HKNW/07 -1.3248500 36.8063011 5546.00 70.000
HKNW/25 -1.3203000 36.8186989 5479.00 250.000
HKNW/14 -1.3193484 36.8123863 5514.66 134.000
HKNW/32 -1.3285500 36.8218994 5469.00 314.000
HKRE/06 -1.2832000 36.8530998 5380.00 57.000
HKRE/24 -1.2713300 36.8716011 5380.00 237.000
HKWJ/15 1.7437400 40.0845985 770.00 146.400
HKWJ/33 1.7227300 40.0985985 770.00 326.400
HLGT/17 25.1515999 10.1416998 2296.00 171.500
HLGT/35 25.1194000 10.1470003 2249.00 351.500
HLKF/02R 24.1625996 23.3104000 1355.00 15.000
HLKF/20L 24.1944008 23.3197994 1367.00 195.000
HLLB/15L 32.1115990 20.2614994 372.00 150.500
HLLB/33R 32.0834999 20.2801991 433.00 330.500
HLLB/15R 32.1101990 20.2586994 372.00 150.500
HLLB/33L 32.0820999 20.2773991 429.00 330.500
HLLM/10 32.8957787 13.2703609 30.00 103.000
HLLM/28 32.8878326 13.3049440 26.00 283.000
HLLQ/03 32.7806015 21.9589005 2267.00 30.000
HLLQ/21 32.7953987 21.9687996 2208.00 210.000
HLLQ/10 32.7944984 21.9340992 2156.00 102.800
HLLQ/28 32.7873001 21.9715996 2157.00 282.800
HLLS/13 27.0044994 14.4513998 1405.00 133.000
HLLS/31 26.9825001 14.4779997 1427.00 313.000
HLMS/15 32.3380013 15.0508327 35.00 144.000
HLMS/33 32.3126678 15.0711670 25.00 324.000
HLON/13 29.1154003 15.9587002 880.00 132.000
HLON/31 29.1047993 15.9724998 885.00 312.000
HLTD/01 30.1359005 9.7123604 1173.00 8.400
HLTD/19 30.1507642 9.7149058 1157.05 188.400
HLTD/06 30.1385994 9.6873302 1110.00 62.300
HLTD/24 30.1536007 9.7204704 1120.00 242.300
HLTQ/09 31.8546009 23.8903999 480.00 89.000
HLTQ/27 31.8553009 23.9221001 490.00 269.000
HLTQ/15 31.8736000 23.9036007 520.00 149.000
HLTQ/33 31.8504009 23.9199009 480.00 329.000
HR-0034/13 44.5649986 15.7605000 2254.00 126.700
HR-0034/31 44.5502014 15.7882004 2461.00 306.700
HR-0047/02 45.9927050 17.2033830 366.00 18.000
HR-0047/20 45.9976670 17.2064330 364.00 198.000
HRYG/01 -1.6817300 29.2581005 5032.00 10.000
HRYG/19 -1.6726800 29.2595997 5081.00 190.000
HRYR/10 -1.9658999 30.1238995 4881.00 100.000
HRYR/28 -1.9710144 30.1530964 4877.25 280.000
HRZA/02 -2.4687500 28.9060001 5189.00 17.000
HRZA/20 -2.4557300 28.9099007 5189.00 197.000
HSDB/18 18.0203991 30.9596996 824.00 181.200
HSDB/36 18.0077991 30.9594002 831.00 1.200
HSDN/17 19.1674004 30.4288006 771.00 173.000
HSDN/35 19.1403999 30.4314003 773.00 353.000
HSDZ/17 11.7969999 34.3347015 1582.00 170.000
HSDZ/35 11.7748003 34.3386002 1580.00 350.000
HSFS/05 13.6066999 25.3139992 2386.00 52.000
HSFS/23 13.6233997 25.3355999 2404.00 232.000
HSKA/02 15.3753996 36.3237991 1671.00 22.000
HSKA/20 15.3964005 36.3325005 1667.00 202.000
HSLI/06 11.1327000 29.6907005 1848.00 62.600
HSLI/24 11.1433001 29.7115002 1829.00 242.600
HSNN/04 12.0431995 24.9470005 2106.00 41.400
HSNN/22 12.0636997 24.9652996 2100.00 221.400
HSOB/01 13.1398001 30.2306995 1927.00 8.000
HSOB/19 13.1665001 30.2348003 1899.00 188.000
HSPN/16 19.4445990 37.2314990 135.00 165.000
HSPN/34 19.4226000 37.2366980 136.00 345.000
HSSK/18 15.6029997 32.5530014 1265.00 177.000
HSSK/36 15.5760002 32.5532990 1260.00 357.000
HSSM/04 9.5525000 31.6459010 1288.00 44.000
HSSM/22 9.5654400 31.6586000 1291.00 224.000
HTAR/09 -3.3663199 36.6182556 4520.00 93.000
HTAR/27 -3.3667426 36.6284662 4520.00 273.000
HTDA/05 -6.8828602 39.1977997 173.00 45.000
HTDA/23 -6.8637199 39.2169991 161.00 225.000
HTDA/14 -6.8735900 39.1978989 182.00 135.000
HTDA/32 -6.8800101 39.2042999 169.00 315.000
HTDO/10 -6.1701999 35.7436981 3670.00 91.000
HTDO/28 -6.1706700 35.7613983 3684.00 271.000
HTKJ/09 -3.4301600 37.0583000 2932.00 87.000
HTKJ/27 -3.4287500 37.0906980 2902.00 267.000
HTMT/01 -10.3492002 40.1810989 355.00 4.000
HTMT/19 -10.3289003 40.1824989 355.00 184.000
HTMT/08 -10.3368998 40.1772995 355.00 80.000
HTMT/26 -10.3351002 40.1878014 355.00 260.000
HTMW/12 -2.4385905 32.9208409 3730.97 116.000
HTMW/30 -2.4507401 32.9452019 3763.00 296.000
HTPE/02 -5.2636499 39.8087997 74.00 22.000
HTPE/20 -5.2508798 39.8139992 80.00 202.000
HTTG/06 -5.0950699 39.0661011 128.00 62.000
HTTG/24 -5.0896401 39.0761986 102.00 242.000
HTZA/18 -6.2109799 39.2238007 54.00 174.000
HTZA/36 -6.2330699 39.2260017 51.00 354.000
HU-0036/13 48.3188019 21.5848999 313.00 129.000
HU-0036/31 48.3129997 21.5955009 311.00 309.000
HUEN/12 0.0512280 32.4390984 3778.00 121.000
HUEN/30 0.0398060 32.4579010 3752.00 301.000
HUEN/17 0.0555970 32.4359016 3780.00 171.000
HUEN/35 0.0229140 32.4411011 3745.00 351.000
HUGU/17 2.8189700 32.2671013 3510.00 160.000
HUGU/35 2.7921400 32.2765007 3510.00 340.000
HUMA/11 -0.5538856 30.5939454 4609.49 104.000
HUMA/29 -0.5563862 30.6035401 4601.15 284.000
HUSO/05 1.7224400 33.6162987 3679.00 51.000
HUSO/23 1.7329400 33.6292992 3662.00 231.000
I19/07 39.6882019 -83.9990997 914.00 63.000
I19/25 39.6938019 -83.9849014 946.00 243.000
I42/20 38.5894013 -86.4626007 802.00 270.000
I61/20 39.8941993 -85.1655202 990.00 270.000
I62/27 39.8627014 -84.4288025 1040.00 0.000
I91/27 38.0413986 -87.3136498 390.65 211.600
I99/09 40.2325918 -85.6414966 893.32 91.000
I99/27 40.2324122 -85.6338909 885.96 271.000
ID-0125/05 -1.2453001 136.1970062 65.00 54.800
ID-0125/23 -1.2368000 136.2209930 70.00 234.800
ID-0277/14 -7.7373610 111.9382020 346.00 145.000
ID-0277/32 -7.7617720 111.9554210 308.00 325.000
ID-0281/19 -4.3476290 139.2118900 7356.00 186.000
ID-0319/09 -8.5606699 116.0849991 52.00 90.200
ID-0319/27 -8.5607500 116.1039963 48.00 270.200
ID-0339/16 -3.3638737 135.4945873 20.00 160.900
ID-0339/34 -3.3712531 135.4969858 20.00 340.900
ID-0340/16 -0.8658470 100.3489990 9.00 160.100
ID-0340/34 -0.8841310 100.3550034 9.00 340.100
ID-0341/08 0.0627860 111.4680023 102.00 81.800
ID-0341/26 0.0644530 111.4789963 102.00 261.800
ID-AHI/13 -7.5377000 139.1069500 23.00 127.000
ID-AHI/31 -7.5435000 139.1145500 36.00 307.000
IL-0021/03 29.5559866 34.9568996 19.94 28.000
IL-0021/21 29.5688000 34.9646988 42.00 208.000
IL-0022/03 32.1085279 34.7785128 15.13 27.700
IL-0022/21 32.1210429 34.7861530 32.23 207.700
IL-0023/12 31.8703995 35.2083015 2485.00 116.000
IL-0023/30 31.8632861 35.2258293 2465.32 296.000
IN-0023/04 21.6168003 71.2216034 423.00 44.000
IN-0023/22 21.6259003 71.2309036 421.00 224.000
IN-0025/29 26.7443540 82.1725040 328.00 294.000
IN-0065/08 20.8122011 77.0133433 1127.18 75.000
IN-0065/26 20.8163200 77.7299200 1132.00 255.000
IN-0107/09 16.0016440 73.5179440 181.00 85.000
IN-0107/27 16.0034520 73.5412290 226.00 265.000
IN-0177/05 23.5987195 72.3711415 289.00 45.000
IN-0177/23 23.6033385 72.3765034 289.00 225.000
IN-0276/08 18.9824000 73.0479000 32.00 82.000
IN-0276/26 18.9868400 73.0827000 30.00 262.000
IN-0363/09 20.9270000 74.7311020 920.00 95.000
IN-0363/27 20.9260006 74.7431030 920.00 275.000
IN-0392/10 28.1834660 77.5924380 653.00 102.000
IN-0392/28 28.1763080 77.6313020 650.00 282.000
IN01/18 39.4894981 -86.1485977 815.00 180.000
IN01/36 39.4827003 -86.1486969 815.00 0.000
IN30/36 38.3986015 -87.5994034 410.00 193.700
IR-0174/12 27.4892006 52.5994987 10.00 118.500
IR-0174/30 27.4736996 52.6315002 10.00 298.500
IR-0175/09 35.6453018 51.3722000 3627.00 93.800
IR-0175/27 35.6441994 51.3922997 3617.00 273.800
IT-0177/13 40.4352354 16.5486797 155.34 128.000
IT-0177/31 40.4288281 16.5593169 145.32 308.000
IT-0216/11 42.3014600 13.5153710 570.00 110.000
IT-0216/29 42.2997860 13.5222580 564.00 290.000
IT-0361/04 44.5124016 11.5888996 56.00 35.000
IT-0361/22 44.5192986 11.5955000 56.00 215.000
IT-0382/14 39.8964996 18.1884003 327.00 137.000
IT-0382/32 39.8931007 18.1924000 324.00 317.000
IT-0385/06 41.1455994 14.3367996 95.00 74.000
IT-0385/24 41.1464996 14.3409004 97.00 254.000
IT-0802/18 45.5796795 11.5294129 127.85 179.000
IT-0802/36 45.5666008 11.5298996 124.00 359.000
JP-3590/04 24.3891411 124.2393417 77.00 42.000
JP-3590/22 24.4037743 124.2509003 93.00 222.000
K00C/01 37.1968002 -107.8720016 6627.00 21.000
K00C/19 37.2095985 -107.8659973 6684.00 201.000
K00M/16 31.9575005 -89.2369003 330.00 161.000
K00M/34 31.9498997 -89.2335968 358.00 341.000
K00R/12 30.6891995 -95.0223999 150.00 131.000
K00R/30 30.6826000 -95.0134964 150.00 311.000
K00V/15 38.9534988 -104.5749969 6874.00 160.000
K00V/33 38.9379997 -104.5680008 6787.00 340.000
K02A/08 32.8498663 -86.6151839 581.12 78.000
K02A/26 32.8516007 -86.6050034 566.00 258.000
K02C/03 43.0858944 -88.1793893 838.33 19.000
K02C/21 43.0937004 -88.1756973 830.00 233.000
K02C/09 43.0908012 -88.1798019 830.00 90.000
K02C/27 43.0908012 -88.1751022 830.00 310.000
K02G/07 40.6710014 -80.6468964 1142.00 61.000
K02G/25 40.6757011 -80.6359024 1160.00 241.000
K04G/02 41.1264000 -80.6211014 1015.00 16.000
K04G/20 41.1344986 -80.6181030 1044.00 196.000
K04M/15 33.9337997 -89.3455963 383.00 148.000
K04Y/16 46.8881989 -96.3524017 1208.00 161.000
K04Y/34 46.8793983 -96.3480988 1199.00 341.000
K05C/08 41.5186996 -87.4083023 634.00 80.000
K05C/26 41.5204667 -87.3947394 632.46 260.000
K05D/12 47.9697990 -102.4830020 1910.00 131.000
K05D/30 47.9646761 -102.4734563 1923.23 312.000
K06A/13 32.4648018 -85.6863022 264.00 129.000
K06A/31 32.4561997 -85.6736984 264.00 309.000
K06C/11 41.9906998 -88.1080017 801.00 105.200
K06C/29 41.9875984 -88.0944977 801.00 228.000
K06D/07 48.8833008 -99.6244965 1821.00 82.000
K06D/25 48.8843002 -99.6147003 1811.00 262.000
K06D/14 48.8899002 -99.6266022 1823.00 150.000
K06D/32 48.8796997 -99.6168976 1816.00 330.000
K06M/14 33.5381012 -89.3197021 450.00 147.000
K06M/32 33.5312004 -89.3143005 427.00 359.500
K07/09 37.9359016 -91.8188019 956.00 93.000
K07/27 37.9354619 -91.8098407 962.82 273.000
K07A/14 32.1699982 -85.8136978 292.00 139.000
K07A/32 32.1623993 -85.8059006 300.00 359.000
K07F/14 32.5331993 -94.9753037 285.00 143.000
K07F/32 32.5260010 -94.9688034 296.00 323.000
K07F/17 32.5308991 -94.9712982 292.00 179.000
K07F/35 32.5246010 -94.9711990 294.00 359.000
K07R/15 27.6142998 -97.7539978 55.00 155.200
K07V/06 37.5221651 -105.0181588 7148.03 76.000
K07V/24 37.5254691 -105.0006640 7063.14 256.000
K08A/09 32.5293999 -86.3330994 196.00 89.000
K08A/27 32.5294990 -86.3233032 196.00 269.000
K08A/18 32.5290985 -86.3338013 195.00 180.000
K08A/36 32.5235257 -86.3339996 195.79 0.000
K08C/14 42.9401016 -85.8098984 603.00 140.000
K08C/32 42.9366636 -85.8006661 603.00 344.900
K08D/27 48.2990990 -102.3990021 2240.00 288.000
K08K/14 40.6567001 -98.0811005 1809.00 148.200
K08K/32 40.6475983 -98.0733032 1806.00 240.600
K08K/17 40.6557007 -98.0824966 1814.00 180.000
K08K/35 40.6454010 -98.0823975 1806.00 0.000
K09A/11 32.1217003 -88.1334000 116.00 116.000
K09A/29 32.1169014 -88.1214981 134.00 296.000
K09J/18 31.0795994 -81.4283981 11.00 174.000
K09J/36 31.0694008 -81.4272003 11.00 354.000
K0A3/06 35.9825177 -85.8147699 1080.14 58.000
K0A3/24 35.9883003 -85.8034973 1084.00 238.000
K0A8/10 32.9375000 -87.0973969 238.00 95.000
K0A8/28 32.9361000 -87.0837021 251.00 275.000
K0A9/06 36.3680419 -82.1796210 1556.70 58.000
K0A9/24 36.3755743 -82.1674951 1588.91 336.000
K0B1/14 44.4281998 -70.8158035 674.00 126.000
K0B1/32 44.4221001 -70.8040009 656.00 225.800
K0B4/03 42.5998993 -97.2576981 1387.00 41.000
K0B4/21 42.6044006 -97.2525024 1374.00 221.000
K0B4/13 42.6077995 -97.2572021 1367.00 141.000
K0B4/31 42.6001525 -97.2489385 1379.58 321.000
K0B5/16 42.5946999 -72.5261993 346.00 143.000
K0B5/34 42.5881004 -72.5194015 356.00 323.000
K0B8/07 41.2513008 -72.0346985 5.00 61.000
K0B8/25 41.2532005 -72.0287018 8.00 241.000
K0B8/12 41.2532005 -72.0356979 7.00 101.000
K0B8/30 41.2512016 -72.0276032 4.00 281.000
K0C0/09 42.4005012 -88.6400836 900.17 90.000
K0C0/27 42.4005013 -88.6278992 913.00 270.000
K0C0/14 42.4055080 -88.6313321 912.00 155.000
K0C0/32 42.4006996 -88.6281967 912.00 335.000
K0C0/18 42.4064630 -88.6315002 912.53 180.000
K0C0/36 42.4001999 -88.6315002 909.00 0.000
K0C4/15 42.1183014 -96.7305984 1345.00 155.000
K0C4/33 42.1094017 -96.7249985 1332.00 335.000
K0D8/04 44.9855003 -99.9589996 2049.00 53.000
K0D8/22 44.9900017 -99.9506988 2062.00 233.000
K0D8/13 44.9908981 -99.9567032 2059.00 143.000
K0D8/31 44.9812012 -99.9465027 2055.00 323.000
K0E8/18 35.7256012 -108.1999969 6689.00 194.000
K0E8/36 35.7097015 -108.2030029 6696.00 14.000
K0F2/17 33.6066017 -97.7761002 1101.00 174.000
K0F2/35 33.5966988 -97.7750015 1083.00 354.000
K0F4/04 41.2846985 -98.9934998 2068.00 50.000
K0F4/22 41.2883987 -98.9877014 2069.00 230.000
K0F4/16 41.2914820 -98.9914110 2073.00 166.000
K0F4/34 41.2811070 -98.9879260 2068.00 346.000
K0G3/15 40.4053993 -96.1726990 1305.00 159.000
K0G3/33 40.3964996 -96.1681976 1301.00 320.600
K0G6/07 41.4652049 -84.5138963 730.00 68.000
K0G6/25 41.4696999 -84.4987030 730.00 248.000
K0G7/01 42.8778992 -76.7816009 491.00 355.000
K0G7/19 42.8883018 -76.7826996 484.00 175.000
K0G7/10 42.8844986 -76.7823029 491.00 94.000
K0G7/28 42.8841019 -76.7753983 468.00 274.000
K0H1/17 39.0098991 -99.8937988 2432.00 172.000
K0H1/35 38.9990005 -99.8919983 2424.00 352.000
K0I8/11 38.3675995 -84.2898026 720.00 106.000
K0I8/29 38.3647003 -84.2769012 720.00 286.000
K0J4/04 31.0389996 -86.3145981 288.00 38.000
K0J4/22 31.0459995 -86.3084030 314.00 218.000
K0J6/09 31.3638992 -85.3190994 354.00 91.000
K0J6/27 31.3636085 -85.3036880 354.96 271.000
K0J6/17 31.3687992 -85.3154983 356.00 175.000
K0J6/35 31.3609009 -85.3145981 357.00 355.000
K0K7/12 42.7369003 -94.2511978 1093.00 116.000
K0K7/30 42.7327995 -94.2397003 1084.00 296.000
K0L7/02R 35.7634010 -115.3330002 2815.00 31.000
K0L7/20L 35.7719994 -115.3259964 2833.00 212.000
K0M0/18 33.8916016 -91.5343018 162.00 182.000
K0M0/36 33.8778992 -91.5347977 162.00 2.000
K0M3/02 35.5406990 -87.5994034 949.00 18.000
K0M3/20 35.5512009 -87.5952988 968.00 198.000
K0M4/04 36.0038986 -88.1296005 468.00 35.000
K0M4/22 36.0152016 -88.1199036 465.00 215.000
K0M5/03 36.1119003 -87.7416000 755.00 30.000
K0M5/21 36.1212997 -87.7347031 733.00 210.000
K0M8/17 32.8292226 -91.1880530 103.00 175.000
K0M8/35 32.8237472 -91.1874523 103.00 355.000
K0M9/18 32.4146996 -91.4991989 91.00 179.000
K0M9/36 32.4067001 -91.4982986 91.00 359.000
K0O2/15 35.2896996 -116.0830002 916.00 166.000
K0O2/33 35.2826705 -116.0814806 919.25 346.000
K0Q5/12 40.0308962 -124.0777652 68.50 138.400
K0Q5/30 40.0251594 -124.0712785 54.50 314.400
K0R0/05 31.2934016 -89.8186014 243.00 54.000
K0R0/23 31.3006000 -89.8070980 270.00 234.000
K0R1/18 31.0222606 -87.4468002 281.68 180.000
K0R1/36 31.0093994 -87.4467011 276.00 0.000
K0R3/16 29.9821000 -92.0870970 16.00 159.000
K0R3/34 29.9694000 -92.0813980 14.00 339.000
K0R5/27 31.9636993 -92.6554031 118.00 269.000
K0R6/02 33.5169983 -92.4626999 174.00 19.000
K0R6/20 33.5281982 -92.4578018 178.00 233.600
K0S0/05 46.9748993 -118.5930023 1478.00 64.000
K0S7/15 48.9642982 -119.4140015 1064.00 166.000
K0S7/33 48.9536018 -119.4100037 1058.00 346.000
K0V3/05 40.5153999 -98.9470978 2154.00 59.000
K0V3/23 40.5160710 -98.9455725 2154.37 239.000
K0V3/16 40.5195999 -98.9475021 2156.00 166.000
K0V3/34 40.5092010 -98.9441986 2153.00 346.000
K0V4/06 37.1385994 -79.0215988 596.00 53.000
K0V4/24 37.1449013 -79.0112000 589.00 233.000
K0VG/07 36.6506996 -83.2251968 1366.00 60.000
K0VG/25 36.6575012 -83.2105026 1411.00 240.000
K10C/09 42.4016991 -88.3814011 874.00 88.000
K10C/27 42.4019632 -88.3724453 851.61 268.000
K10C/18 42.4065528 -88.3738755 865.88 178.000
K10C/36 42.4020382 -88.3736312 856.51 358.000
K10G/09 40.5368996 -81.9606018 1218.00 87.000
K10G/27 40.5373993 -81.9480972 1183.00 267.000
K11A/09 31.8840068 -85.4917055 422.67 97.000
K11A/27 31.8824997 -85.4772034 434.00 277.000
K11R/16 30.2264996 -96.3756027 307.00 171.000
K11R/34 30.2115002 -96.3730011 249.00 351.000
K11V/08 40.3277016 -104.6169968 4766.00 91.400
K11V/26 40.3270988 -104.6019974 4820.00 270.000
K12D/08 47.8172989 -92.2929993 1366.00 84.000
K12D/26 47.8182983 -92.2791977 1370.00 307.200
K12G/03 40.8722000 -82.6997986 1120.00 25.000
K12G/21 40.8768997 -82.6968994 1118.00 205.000
K12G/18 40.8762016 -82.6968994 1118.00 179.000
K12G/36 40.8675003 -82.6967010 1119.00 359.000
K12J/06 31.0499992 -87.0757980 82.00 63.000
K12J/24 31.0564003 -87.0612030 83.00 243.000
K12J/12 31.0515995 -87.0728989 82.00 120.000
K12J/30 31.0445004 -87.0589981 99.00 300.000
K12J/18 31.0548634 -87.0626984 85.42 180.000
K12J/36 31.0456009 -87.0626984 96.00 0.000
K12K/14 40.0504990 -98.0639038 1691.00 145.000
K12K/32 40.0421982 -98.0562973 1650.00 325.000
K12K/18 40.0509987 -98.0627975 1682.00 190.000
K12K/36 40.0429001 -98.0647965 1691.00 10.000
K12N/03 41.0060997 -74.7393036 582.00 21.000
K12N/21 41.0094112 -74.7376119 582.00 201.000
K12V/07 38.4388908 -82.2050958 567.08 59.000
K12V/25 38.4427195 -82.1967905 568.92 239.000
K12Y/13 44.4439011 -93.9199982 835.00 134.000
K12Y/31 44.4379997 -93.9119034 866.00 187.000
K13C/09 43.4519997 -85.2714005 963.00 89.000
K13C/27 43.4522018 -85.2582016 967.00 269.000
K13K/08 37.8530998 -96.2957993 1206.00 90.000
K13K/26 37.8530998 -96.2885971 1196.00 270.000
K13K/18 37.8554001 -96.2902985 1205.00 191.000
K13K/36 37.8459015 -96.2925034 1194.00 11.000
K14A/14 35.6166426 -80.9030616 809.82 134.900
K14A/32 35.6106987 -80.8957977 839.00 317.400
K14F/16 32.8544006 -100.1389999 1747.00 166.900
K14F/34 32.8457985 -100.1370010 1753.00 0.000
K14G/09 41.3342018 -83.1669366 652.24 90.000
K14G/27 41.3342018 -83.1523972 660.00 270.000
K14J/01 31.4060001 -86.0915985 254.00 15.000
K14J/19 31.4141006 -86.0889969 251.00 292.300
K14Y/16 45.9025993 -94.8751984 1332.00 166.000
K14Y/34 45.8945999 -94.8725967 1328.00 346.000
K15F/18 33.1955391 -99.7171960 1591.17 188.000
K15F/36 33.1867981 -99.7185974 1625.00 8.000
K15J/05 31.1306992 -83.4608994 232.00 47.000
K15J/23 31.1399994 -83.4490967 234.00 227.000
K15J/15 31.1424535 -83.4548991 234.00 145.000
K15J/33 31.1348000 -83.4487000 234.00 325.000
K15M/18 34.7788010 -88.1654968 625.00 184.000
K15M/36 34.7680016 -88.1661987 620.00 227.200
K16D/12 46.6146011 -95.6122971 1376.00 130.000
K16D/30 46.6072998 -95.5998993 1371.00 310.000
K16G/06 41.0909996 -83.2185974 786.00 56.000
K16G/24 41.0969230 -83.2068440 781.14 236.000
K16J/13 31.7474003 -84.4246979 333.00 132.000
K16J/31 31.7392006 -84.4139023 289.00 348.000
K17G/04 40.7777139 -82.9782085 999.93 36.000
K17G/22 40.7842486 -82.9720858 999.18 216.000
K17G/09 40.7813988 -82.9802017 996.00 85.500
K17G/27 40.7821007 -82.9697037 1008.00 267.000
K17J/19 31.0137804 -84.8772747 146.69 182.000
K17K/04 36.7705002 -102.5159988 4169.00 49.000
K17K/22 36.7780991 -102.5049973 4162.00 229.000
K17N/09 39.7042007 -75.0390015 137.00 74.000
K17N/27 39.7066474 -75.0276854 159.63 254.000
K17V/08 40.6250000 -102.6029968 4020.00 90.000
K17V/26 40.6250000 -102.5889969 4010.00 270.900
K18A/08 34.3386002 -83.1389999 828.00 72.000
K18A/26 34.3415985 -83.1229019 890.00 271.000
K18V/15 40.1049995 -104.7030029 4965.00 165.000
K18V/33 40.0942001 -104.6989975 4965.00 345.000
K19A/17 34.1827010 -83.5641020 932.00 163.000
K19A/35 34.1694980 -83.5593030 950.00 343.000
K19M/01 33.1212006 -90.0266037 324.00 12.000
K19M/19 33.1297989 -90.0244980 339.00 192.000
K19N/05 39.7766991 -74.9495775 147.09 38.000
K19N/23 39.7812831 -74.9449218 141.62 218.000
K19S/08 37.4964981 -100.8339996 2908.00 88.000
K19S/26 37.4964981 -100.8259964 2907.00 289.000
K19S/17 37.5032005 -100.8339996 2907.00 177.200
K19S/35 37.4900196 -100.8343302 2905.13 198.600
K1A3/02 35.0115013 -84.3476028 1772.00 13.000
K1A3/20 35.0209007 -84.3450012 1789.00 208.000
K1A5/07 35.2201996 -83.4260025 2020.00 69.000
K1A5/25 35.2248001 -83.4123001 2009.00 249.000
K1A6/10 36.6112141 -83.7427254 1153.12 98.000
K1A6/28 36.6099014 -83.7313003 1140.00 278.000
K1A9/09 32.4385986 -86.5214005 225.00 89.000
K1A9/27 32.4388008 -86.5038986 198.00 269.000
K1B0/07 45.0014000 -69.2418976 533.00 48.500
K1B0/25 45.0042000 -69.2375031 520.00 228.500
K1B0/16 45.0077019 -69.2403030 516.00 139.000
K1B0/34 45.0014000 -69.2328033 518.00 319.000
K1B1/03 42.2840996 -73.7123032 198.00 11.000
K1B1/21 42.2985001 -73.7082977 194.00 191.000
K1B6/18 42.1106987 -71.5114975 268.00 166.000
K1B6/36 42.1025913 -71.5087958 238.08 346.000
K1B9/04 41.9989014 -71.2035980 120.00 25.000
K1B9/22 42.0043984 -71.1999969 124.00 205.000
K1B9/14 42.0018447 -71.2004350 121.71 123.000
K1B9/32 41.9977507 -71.1918311 120.13 303.000
K1C1/18 40.4515081 -88.1278000 773.37 180.000
K1C1/36 40.4443016 -88.1277008 755.00 0.000
K1C5/18 41.7000792 -88.1293778 669.04 178.000
K1C5/36 41.6913986 -88.1289978 653.00 358.000
K1D1/07 45.2272987 -96.5738983 1112.00 72.000
K1D1/25 45.2304001 -96.5606003 1113.00 252.000
K1D1/13 45.2360001 -96.5701981 1114.00 137.000
K1D1/31 45.2280006 -96.5597000 1115.00 317.000
K1D3/14 43.4067001 -98.8340988 1600.00 144.000
K1D3/32 43.4011002 -98.8275986 1618.00 1.300
K1D7/01 45.2876015 -97.5177994 1846.00 6.100
K1D7/19 45.2969017 -97.5167007 1854.00 324.000
K1D7/12 45.2956009 -97.5177994 1857.00 123.000
K1D7/30 45.2901001 -97.5056992 1845.00 303.000
K1D8/01 44.8568001 -98.5333023 1305.00 23.000
K1D8/19 44.8633003 -98.5294037 1302.00 304.200
K1D8/13 44.8633003 -98.5333023 1303.00 143.000
K1D8/31 44.8562012 -98.5255966 1303.00 304.200
K1F0/17 34.1539001 -97.1228027 839.00 179.000
K1F0/35 34.1400986 -97.1224976 844.00 359.000
K1F4/18 34.1445007 -96.8115006 862.00 186.000
K1F4/36 34.1362991 -96.8125992 881.00 6.000
K1G0/10 41.3917999 -83.6352005 671.00 91.000
K1G0/28 41.3916016 -83.6199036 671.00 271.000
K1G0/18 41.3933983 -83.6343002 671.00 179.000
K1G0/36 41.3863562 -83.6342047 671.00 359.000
K1G1/09 41.3311996 -82.1057968 756.00 85.000
K1G1/27 41.3319016 -82.0947037 758.00 265.000
K1G3/01 41.1461326 -81.4161708 1116.22 9.000
K1G3/19 41.1567993 -81.4140015 1134.00 189.000
K1G4/17 35.9903984 -113.8160019 4762.00 185.000
K1G4/35 35.9765015 -113.8180008 4825.00 209.000
K1G5/01 41.1268997 -81.7620010 1170.00 1.000
K1G5/19 41.1348000 -81.7618027 1190.00 181.000
K1G5/09 41.1314011 -81.7738037 1169.00 84.000
K1G5/27 41.1323489 -81.7615539 1182.29 264.000
K1H0/16 38.7316017 -90.5133972 451.00 158.000
K1H0/34 38.7201004 -90.5075989 462.00 338.000
K1H2/01 39.0652008 -88.5350037 572.00 7.000
K1H2/19 39.0745010 -88.5335007 581.00 187.000
K1H2/11 39.0736008 -88.5412979 585.00 113.000
K1H2/29 39.0681000 -88.5248032 573.00 293.000
K1H5/17 36.9944000 -91.9551010 1247.00 170.000
K1H5/35 36.9849014 -91.9530029 1223.00 332.500
K1H8/04 39.2979012 -88.0076981 652.00 39.000
K1H8/22 39.3064995 -87.9988022 654.00 219.000
K1H8/18 39.3050383 -88.0055416 652.68 177.000
K1H8/36 39.3004990 -88.0056992 651.00 0.100
K1J0/01 30.8404007 -85.6024017 83.00 10.000
K1J0/19 30.8512001 -85.6003037 84.00 190.000
K1K2/01 34.8452988 -97.5866013 968.00 15.000
K1K2/19 34.8532982 -97.5840988 966.00 195.000
K1K4/13 35.1577988 -97.4737015 1167.00 136.000
K1K4/31 35.1516991 -97.4667969 1156.00 316.000
K1K4/17 35.1580009 -97.4702988 1168.00 181.000
K1K4/35 35.1529999 -97.4703979 1161.00 1.000
K1L0/17 30.0926991 -90.5835037 4.00 172.000
K1L0/35 30.0816994 -90.5818024 6.00 352.000
K1L1/17 37.7938003 -114.4209976 4831.00 182.000
K1L1/35 37.7812004 -114.4209976 4799.00 233.700
K1L7/13 37.7504997 -111.5759964 5733.00 139.000
K1L7/31 37.7401009 -111.5650024 5714.00 319.000
K1M2/03 33.1417007 -90.5177994 109.00 32.000
K1M2/21 33.1475384 -90.5135704 109.00 212.000
K1M4/18 34.2872009 -87.6001968 930.00 182.000
K1M4/36 34.2734985 -87.6007004 903.00 2.000
K1M5/01 36.5861015 -86.4785995 818.00 11.000
K1M5/19 36.5996017 -86.4753037 771.00 191.000
K1M9/02 36.8115997 -87.9104004 550.00 20.000
K1M9/20 36.8240013 -87.9047012 572.00 263.000
K1MO/08 37.1199989 -92.3172989 1458.00 81.000
K1MO/26 37.1214981 -92.3051987 1476.00 261.000
K1N7/07 40.9694943 -75.0014634 367.48 61.000
K1N7/25 40.9732018 -74.9925995 372.00 241.000
K1O1/08 34.2434998 -98.7444992 1128.00 90.000
K1O1/26 34.2434998 -98.7394028 1128.00 270.000
K1O1/17 34.2436981 -98.7386017 1126.00 181.000
K1O1/35 34.2378076 -98.7386437 1127.36 1.000
K1O2/10 38.9930000 -122.9059982 1379.00 119.000
K1O2/28 38.9882011 -122.8949966 1368.00 299.000
K1O3/08 38.2030394 -121.2738570 58.96 92.000
K1O3/26 38.2027016 -121.2630005 54.00 272.000
K1O3/12 38.2031641 -121.2693134 58.86 135.000
K1O3/30 38.1996994 -121.2649994 58.00 315.000
K1O4/17 35.7386017 -98.7303009 1731.00 180.000
K1O4/35 35.7300987 -98.7301025 1731.00 0.000
K1O5/05 41.7307014 -122.5510025 2516.00 69.000
K1O5/23 41.7327003 -122.5429993 2522.00 256.000
K1O5/14 41.7344017 -122.5469971 2524.00 160.100
K1O5/32 41.7264563 -122.5436624 2517.62 323.000
K1O8/17 34.4627991 -99.1713028 1248.00 180.000
K1O8/35 34.4543991 -99.1713028 1246.00 0.000
K1Q2/16 40.6566010 -120.7679977 5114.00 181.000
K1Q2/34 40.6440010 -120.7689972 5116.00 1.000
K1Q4/12 37.6814995 -121.3050003 56.00 137.900
K1Q4/30 37.6743287 -121.2980091 60.57 286.000
K1R7/04 31.6023593 -90.4137869 488.37 48.000
K1R7/22 31.6086661 -90.4057885 485.00 228.000
K1R8/08 30.8698997 -87.8281021 206.00 86.000
K1R8/26 30.8708992 -87.8106003 248.00 266.000
K1S3/08 46.2719002 -106.6330032 2727.00 96.000
K1S3/26 46.2704010 -106.6139984 2726.00 276.000
K1S5/07 46.3270988 -119.9769974 746.00 90.000
K1S5/25 46.3269997 -119.9639969 768.00 270.000
K1T7/12 29.8150997 -98.4291000 1250.00 125.600
K1U2/02 43.8482589 -112.5047825 4773.82 53.000
K1U2/20 43.8543015 -112.4970016 4787.00 355.600
K1U7/10 42.2546997 -111.3479996 5926.00 115.000
K1U7/28 42.2481003 -111.3290024 5928.00 227.000
K1U7/16 42.2541008 -111.3470001 5927.00 174.000
K1U7/34 42.2415009 -111.3450012 5926.00 298.000
K1V6/11 38.4328003 -105.1159973 5439.00 120.000
K1V6/29 38.4257352 -105.1003015 5379.13 300.000
K1V6/17 38.4305992 -105.1019974 5408.00 179.000
K1V6/35 38.4216995 -105.1019974 5360.00 225.000
K1V8/12 37.7914803 -106.0544204 7597.97 125.000
K1V8/30 37.7805468 -106.0412244 7597.19 315.000
K1X1/18 36.1107740 -100.0241290 2564.57 191.000
K1X1/36 36.1006012 -100.0270004 2537.00 11.000
K20N/15 41.9881082 -73.9673461 146.94 140.000
K20N/33 41.9824510 -73.9611382 135.40 320.000
K20U/12 46.9291000 -103.9879990 2756.00 133.000
K20U/30 46.9211998 -103.9759979 2748.00 313.000
K20V/09 40.0553017 -106.3789978 7395.00 104.000
K20V/27 40.0517006 -106.3600006 7410.00 284.000
K21D/04 44.9957008 -92.8571014 924.00 39.000
K21D/22 45.0009995 -92.8509979 933.00 219.000
K21D/14 44.9995995 -92.8609009 923.00 137.000
K21D/32 44.9938011 -92.8534012 926.00 317.000
K21F/17 33.2331009 -98.1471024 1055.00 175.500
K22F/17 33.2337990 -100.5690002 2006.00 176.800
K22F/35 33.2247009 -100.5680008 1988.00 178.300
K22I/09 39.3273133 -82.4470754 956.23 79.000
K22I/27 39.3291016 -82.4350967 958.00 337.300
K22M/11 34.2775002 -89.0429993 417.00 113.000
K22M/29 34.2742996 -89.0337982 439.00 230.000
K22N/08 40.8079987 -75.7665024 534.00 69.000
K22N/26 40.8110008 -75.7564011 509.00 249.000
K23R/17 29.1429997 -98.9424973 674.00 173.000
K23R/35 29.1338005 -98.9413986 702.00 353.000
K24A/15 35.3207016 -83.2129974 2857.00 142.000
K24A/33 35.3142013 -83.2068024 2808.00 216.000
K24F/05 32.7433014 -94.3085022 216.00 53.100
K24F/23 32.7486000 -94.3002014 218.00 216.000
K24J/07 30.2980995 -83.0307007 101.00 69.000
K24J/25 30.3020992 -83.0186997 103.00 249.000
K24N/17 36.8387985 -106.8840027 7536.00 182.000
K24N/35 36.8181992 -106.8850021 7618.00 2.000
K24R/30 28.6828003 -99.1848984 542.00 234.000
K25D/13 45.2505990 -92.9982990 932.00 136.000
K25D/31 45.2453990 -92.9910970 932.00 288.000
K25J/18 31.7059994 -84.8272018 456.00 184.000
K25J/36 31.6977997 -84.8267975 460.00 342.000
K25M/03 34.7176018 -89.0185013 437.00 32.000
K25M/21 34.7279015 -89.0108032 465.00 212.000
K26R/14 29.0049992 -96.5846024 61.00 150.000
K26R/32 28.9979493 -96.5799267 61.00 330.000
K26U/16 42.0102997 -117.7239990 4478.00 176.000
K26U/34 41.9949856 -117.7229885 4425.67 0.600
K27A/10 34.0960007 -82.8224030 600.00 99.000
K27A/28 34.0945267 -82.8102808 602.78 279.000
K27K/03 38.2276001 -84.4389038 931.00 26.000
K27K/21 38.2410517 -84.4305880 946.83 206.000
K28J/09 29.6578007 -81.6999969 32.00 87.000
K28J/27 29.6585999 -81.6810989 31.00 267.000
K28J/17 29.6622009 -81.6905975 29.00 165.000
K28J/35 29.6527996 -81.6877975 48.00 345.000
K29D/10 41.1462448 -80.1737570 1342.18 92.000
K29D/28 41.1458015 -80.1595993 1297.00 272.000
K2A0/03 35.4802017 -84.9350967 711.00 29.000
K2A0/21 35.4922981 -84.9271011 719.00 209.000
K2A1/18 36.3544998 -84.9466019 1694.00 180.000
K2A1/36 36.3448982 -84.9467010 1678.00 1.700
K2A2/05 35.6476927 -92.4094728 1270.00 57.000
K2A2/23 35.6543007 -92.3971024 1270.00 237.000
K2A5/02 35.9067993 -79.6194000 721.00 16.000
K2A5/20 35.9168015 -79.6157990 717.00 196.000
K2A6/15 34.5876007 -91.1691971 175.00 148.000
K2A6/33 34.5773010 -91.1613007 176.00 247.000
K2B7/01 44.7631989 -69.3727036 175.00 347.000
K2B7/19 44.7738991 -69.3760986 198.00 167.000
K2C8/16 48.7882004 -97.6335983 892.00 166.000
K2C8/34 48.7794991 -97.6302032 891.00 346.000
K2CB/01 29.9480991 -81.9805984 196.00 10.000
K2CB/19 29.9568996 -81.9788971 196.00 270.000
K2CB/07 29.9514008 -81.9831009 196.00 70.000
K2CB/25 29.9533005 -81.9766998 196.00 314.600
K2D5/12 46.1775017 -98.0855026 1330.00 131.000
K2D5/30 46.1711006 -98.0751038 1335.00 311.000
K2E3/01 36.1726990 -101.6969986 3423.00 21.000
K2E3/19 36.1819000 -101.6920013 3417.00 201.000
K2E5/08 31.9475002 -105.1989975 3701.00 89.200
K2E7/17 35.2510986 -100.5439987 2816.00 180.000
K2E7/35 35.2425003 -100.5439987 2819.00 253.000
K2F1/17 35.2407990 -100.1849976 2369.00 180.000
K2F1/35 35.2311383 -100.1857006 2367.12 274.000
K2F5/16 32.7605020 -101.9179990 2992.00 165.000
K2F5/34 32.7469000 -101.9142000 2986.00 345.000
K2F5/25 32.7607000 -101.9189000 2991.00 255.000
K2F7/18 33.2981987 -95.8961029 515.00 183.000
K2F7/36 33.2874985 -95.8966980 506.00 3.000
K2G1/02 41.6642990 -81.1987000 994.00 22.000
K2G1/20 41.6697998 -81.1957016 968.00 202.000
K2G2/14 40.3643990 -80.7064972 1196.00 134.000
K2G2/32 40.3559990 -80.6951981 1192.00 314.000
K2G4/09 39.5794983 -79.3445969 2933.00 79.000
K2G4/27 39.5820999 -79.3272018 2877.00 259.000
K2G9/25 40.0427017 -79.0075989 2202.00 236.000
K2H0/04 39.4069300 -88.8467204 615.66 39.000
K2H0/22 39.4114000 -88.8420030 613.00 299.000
K2H0/18 39.4183006 -88.8475037 618.00 180.000
K2H0/36 39.4070015 -88.8475037 618.00 0.000
K2H2/18 36.9664001 -93.6951981 1434.00 181.000
K2H2/36 36.9581985 -93.6953964 1426.00 1.000
K2H9/15 48.6697006 -99.8546982 1620.00 156.200
K2H9/33 48.6615520 -99.8514320 1620.00 245.000
K2I0/05 37.3507996 -87.4064026 439.00 51.000
K2I0/23 37.3610992 -87.3900986 418.00 231.000
K2I3/02 37.6064987 -86.5085983 577.00 17.000
K2I3/20 37.6137009 -86.5057983 577.00 197.000
K2IS/13 26.7409992 -81.0576019 20.00 135.000
K2IS/31 26.7294006 -81.0446014 20.00 270.500
K2J2/14 31.7884007 -81.6452026 93.00 138.000
K2J2/32 31.7807999 -81.6371994 96.00 318.000
K2J5/17 32.8988991 -81.9667969 237.00 168.000
K2J5/35 32.8881989 -81.9639969 223.00 348.000
K2K3/08 37.5797005 -101.7340012 3324.00 90.000
K2K3/26 37.5797005 -101.7269974 3319.00 270.000
K2K3/17 37.5900993 -101.7340012 3319.00 180.000
K2K3/35 37.5788002 -101.7340012 3324.00 265.000
K2K4/17 34.8983993 -99.5281982 1620.00 180.000
K2K4/35 34.8867989 -99.5281982 1643.00 218.000
K2K7/02 37.4310989 -95.6496964 822.00 29.000
K2K7/20 37.4383011 -95.6447983 841.00 209.000
K2K7/15 37.4389000 -95.6460037 840.00 156.000
K2K7/33 37.4337006 -95.6429977 825.00 196.100
K2M2/17 35.2410011 -87.2599029 936.00 167.000
K2M2/35 35.2276001 -87.2559967 927.00 347.000
K2M8/18 35.2837982 -89.9309998 247.00 184.000
K2M8/36 35.2742004 -89.9319000 242.00 4.000
K2MO/18 37.0721016 -93.8841019 1226.00 181.000
K2MO/36 37.0633011 -93.8843002 1246.00 1.000
K2O1/06 39.9431000 -120.9530029 3418.00 82.000
K2O1/24 39.9446983 -120.9380035 3408.00 262.000
K2O3/16 38.5844002 -122.4359970 1848.00 174.400
K2O3/34 38.5755997 -122.4349976 1805.00 221.800
K2O6/12 37.1156006 -120.2509995 237.00 134.600
K2O6/30 37.1094017 -120.2429962 242.00 270.000
K2O7/05 36.8162994 -118.2080002 3908.00 68.000
K2O7/23 36.8177986 -118.2030029 3880.00 248.000
K2O7/14 36.8205986 -118.2080002 3894.00 157.000
K2O7/32 36.8115997 -118.2020035 3893.00 337.000
K2O8/17 35.5105062 -98.3423996 1579.00 180.000
K2O8/35 35.5017014 -98.3423996 1587.00 0.000
K2R2/18 39.7528000 -86.4742966 897.00 176.400
K2R2/36 39.7407990 -86.4751968 864.00 180.000
K2R4/18 30.6427002 -86.9934998 79.00 182.000
K2R4/36 30.6324997 -86.9937973 79.00 2.000
K2R5/06 30.4990997 -88.2806015 129.00 59.000
K2R5/24 30.5046997 -88.2696991 131.00 239.000
K2R6/18 30.9608994 -92.2341003 59.00 180.000
K2R6/36 30.9526005 -92.2341003 59.00 0.000
K2R9/16 28.8292999 -97.8665009 289.00 169.000
K2R9/34 28.8206005 -97.8646011 272.00 349.000
K2T1/07 34.1836014 -102.6490021 3779.00 78.000
K2T1/25 34.1861324 -102.6356611 3768.93 258.000
K2V5/17 40.1077995 -102.2409973 3677.00 180.000
K2V5/35 40.0929985 -102.2409973 3637.00 0.000
K2W5/18 38.6039009 -77.0743027 170.00 167.000
K2W5/36 38.5959015 -77.0719986 156.00 347.000
K2W6/11 38.3166008 -76.5571976 142.00 102.000
K2W6/29 38.3140984 -76.5430984 125.00 282.000
K32A/11 35.0889015 -93.4360962 371.00 106.000
K32A/29 35.0849991 -93.4189987 387.00 286.000
K32S/12 46.5287018 -114.0579987 3535.00 133.000
K32S/30 46.5214996 -114.0469971 3610.00 313.000
K33K/18 37.9130120 -99.4024734 2168.16 187.000
K33K/36 37.9044991 -99.4038010 2171.00 7.000
K33M/15 34.1702995 -89.6886978 270.00 150.000
K33M/33 34.1632004 -89.6837006 270.00 226.000
K33N/09 39.2177053 -75.5992989 51.61 73.000
K33N/27 39.2196999 -75.5905991 44.00 253.000
K33R/16 31.0895004 -95.1657028 332.00 163.700
K33R/34 31.0802994 -95.1624985 340.00 316.000
K33U/11 40.9230995 -109.4000015 6542.00 123.200
K33U/29 40.9131012 -109.3820038 6560.00 358.900
K33V/03 40.7444992 -106.2789993 8153.00 45.800
K33V/21 40.7557983 -106.2639999 8150.00 225.800
K34/08 38.8100014 -94.9589996 1029.00 90.000
K34/26 38.8098984 -94.9486008 1032.00 270.000
K34R/17 29.3943996 -96.9561005 278.00 179.000
K34R/35 29.3855000 -96.9560013 262.00 359.000
K35A/05 34.6837006 -81.6454010 573.00 47.000
K35A/23 34.6902008 -81.6369019 610.00 227.000
K35D/11 42.5308990 -85.8304977 704.00 98.000
K35D/29 42.5293007 -85.8146973 703.00 278.000
K35D/15 42.5331993 -85.8285980 700.00 140.000
K35D/33 42.5298004 -85.8248978 704.00 320.000
K36S/04 41.7882996 -123.3929977 1208.00 58.600
K36S/22 41.7924995 -123.3840027 1208.00 238.600
K37F/17 33.4892006 -99.5864029 1473.00 178.000
K37F/35 33.4804001 -99.5859985 1473.00 358.000
K37K/18 33.9319000 -97.2951965 690.00 189.000
K37K/36 33.9199982 -97.2975006 690.00 9.000
K37T/15 36.1693001 -92.1477966 733.00 151.000
K37T/33 36.1621017 -92.1427994 696.00 331.000
K38D/10L 40.9482002 -80.8688965 1152.00 90.100
K38D/28R 40.9482015 -80.8574350 1161.24 270.100
K38D/10R 40.9478989 -80.8659973 1150.00 90.500
K38D/28L 40.9477997 -80.8565979 1162.00 270.500
K38J/11 33.7299995 -79.5213013 51.00 106.400
K38J/29 33.7272987 -79.5105972 54.00 286.400
K38S/13 46.3931010 -112.7730030 4689.00 136.000
K38S/31 46.3843990 -112.7610020 4642.00 316.000
K39N/10 40.3989983 -74.6652985 120.00 89.000
K39N/28 40.3992004 -74.6527023 128.00 269.000
K3A4/17 35.9460983 -79.6859970 677.00 175.000
K3A4/35 35.9378014 -79.6850967 737.00 355.000
K3AU/18 37.6773987 -97.0773010 1327.00 184.000
K3AU/36 37.6659012 -97.0783997 1304.00 4.000
K3B0/02 42.0964012 -72.0397034 689.00 8.000
K3B0/20 42.1058998 -72.0379028 699.00 188.000
K3B1/03 45.4595985 -69.5537033 1374.00 8.300
K3B1/21 45.4677010 -69.5518036 1396.00 188.300
K3B1/14 45.4650993 -69.5576019 1379.00 117.000
K3B1/32 45.4599991 -69.5438003 1368.00 297.000
K3B4/12 43.1441994 -70.7767029 124.00 109.000
K3B4/30 43.1419759 -70.7678073 106.57 289.000
K3B5/12 44.1903000 -70.2361984 355.00 110.000
K3B5/30 44.1883011 -70.2286987 350.00 290.000
K3BS/06 43.6601982 -84.2652969 620.00 60.000
K3BS/24 43.6654015 -84.2528992 634.00 240.000
K3BS/18 43.6671982 -84.2640991 627.00 180.100
K3BS/36 43.6590004 -84.2640991 620.00 0.100
K3C8/14 40.9238014 -72.7939987 75.00 131.000
K3C8/32 40.9057999 -72.7667999 52.00 311.000
K3CK/08 42.2061005 -88.3284988 885.00 79.900
K3CK/26 42.2075005 -88.3175964 886.00 260.000
K3CM/05 43.5444348 -83.8992015 582.00 45.000
K3CM/23 43.5490990 -83.8927994 582.00 225.000
K3CM/18 43.5523987 -83.8954010 583.00 176.000
K3CM/36 43.5419998 -83.8945007 581.00 356.000
K3CU/16 46.1991997 -91.2482986 1346.00 164.900
K3CU/34 46.1893005 -91.2444992 1359.00 344.900
K3DW/11 37.2243004 -93.2547989 1352.00 108.000
K3DW/29 37.2207985 -93.2416992 1374.00 288.000
K3E0/02 35.7092018 -100.6070023 2720.00 34.000
K3E0/20 35.7174136 -100.5997353 2716.38 214.000
K3F2/17 32.4219017 -99.0002975 1592.00 180.000
K3F2/35 32.4117012 -99.0002975 1612.00 0.000
K3F3/18 32.0796013 -93.7648010 317.00 185.700
K3F3/36 32.0672989 -93.7662964 324.00 5.700
K3F6/17 34.0320015 -100.2819977 1859.00 180.000
K3F6/35 34.0233002 -100.2819977 1850.00 0.000
K3F7/17 35.8115005 -96.4217987 803.00 181.000
K3F7/35 35.8022003 -96.4219971 851.00 1.000
K3F9/18 32.6810989 -95.5106964 429.00 180.600
K3F9/36 32.6722984 -95.5109024 404.00 0.600
K3FU/13 45.0328548 -99.1159938 1567.21 136.000
K3FU/31 45.0274010 -99.1085968 1570.00 316.000
K3G3/02 40.9971687 -81.7562112 965.31 10.500
K3G3/20 41.0063019 -81.7539978 973.00 190.500
K3G3/10 41.0055008 -81.7627029 963.00 90.200
K3G3/28 41.0055008 -81.7548981 971.00 270.200
K3G4/01 40.8982010 -82.2556992 1205.00 1.000
K3G4/19 40.9077988 -82.2556000 1186.00 181.000
K3G6/17 40.9098015 -81.0007019 1185.00 171.700
K3G6/35 40.9021988 -80.9992981 1178.00 351.700
K3GM/09 43.0340996 -86.2033997 602.00 90.000
K3GM/27 43.0341988 -86.1893005 591.00 270.000
K3GM/18 43.0367012 -86.2014999 603.00 180.000
K3GM/36 43.0309982 -86.2014999 598.00 0.000
K3GV/05 39.0140991 -94.2164001 818.00 57.000
K3GV/23 39.0172996 -94.2098999 834.00 237.000
K3GV/09 39.0142869 -94.2225441 817.07 91.000
K3GV/27 39.0139999 -94.2078018 818.00 271.000
K3H4/16 47.3638992 -97.0614014 904.00 170.700
K3H4/34 47.3549995 -97.0594025 904.00 350.700
K3HO/18 41.5588237 -87.2639008 626.79 180.000
K3HO/36 41.5524786 -87.2639008 612.05 0.000
K3I2/07 38.9123001 -82.1048965 638.00 64.900
K3I2/25 38.9169998 -82.0922012 625.00 244.900
K3I3/08 39.5481987 -87.3827972 493.00 84.000
K3I3/26 39.5490685 -87.3730719 495.32 264.000
K3I3/18 39.5486644 -87.3789947 493.00 179.000
K3I3/36 39.5441919 -87.3789165 493.00 359.000
K3I7/03 39.9098269 -84.4023111 1026.78 23.500
K3I7/21 39.9170990 -84.3983002 1022.00 203.500
K3J1/36 32.4894980 -80.9944990 65.00 8.000
K3J1/18 32.4958990 -80.9901960 76.00 188.000
K3JC/05 39.0411987 -96.8449020 1095.00 56.600
K3JC/23 39.0441017 -96.8391037 1085.00 236.600
K3JC/13 39.0437012 -96.8438034 1090.00 139.100
K3JC/31 39.0397987 -96.8395004 1091.00 319.100
K3JC/18 39.0490990 -96.8431015 1082.00 193.700
K3JC/36 39.0397987 -96.8460007 1098.00 13.700
K3K3/13 37.9948006 -101.7500000 3312.00 138.200
K3K3/31 37.9893271 -101.7438192 3304.07 318.200
K3K6/13 38.7352457 -89.8094948 476.62 137.000
K3K6/31 38.7303009 -89.8032990 469.00 317.000
K3K8/17 37.2290993 -99.3326035 2085.00 175.000
K3K8/35 37.2167015 -99.3313980 2074.00 355.000
K3L2/03 35.7955017 -115.6269989 2581.00 43.800
K3L2/21 35.8017450 -115.6194244 2598.98 223.800
K3L2/12 35.7997017 -115.6330032 2585.00 134.000
K3L2/30 35.7933998 -115.6250000 2578.00 314.000
K3LF/09 39.1674004 -89.6838989 682.00 90.000
K3LF/27 39.1674004 -89.6700974 690.00 270.000
K3LF/18 39.1632004 -89.6724014 685.00 179.800
K3LF/36 39.1521988 -89.6723022 680.00 359.800
K3M7/01 36.5129013 -86.0589981 970.00 6.300
K3M7/19 36.5237999 -86.0575027 952.00 186.300
K3M8/01 33.3796997 -88.0074997 230.00 7.000
K3M8/19 33.3937988 -88.0056000 237.00 187.000
K3M9/03 33.5563011 -92.0892029 197.00 37.500
K3M9/21 33.5646019 -92.0815964 235.00 217.500
K3MY/18 40.8002014 -89.6139984 786.00 175.000
K3MY/36 40.7902985 -89.6128006 774.00 355.000
K3N6/06 40.3275798 -74.3497991 66.84 44.200
K3N6/24 40.3326147 -74.3433032 83.44 224.200
K3O1/18 37.2668991 -120.9619980 75.00 195.700
K3O1/36 37.2583008 -120.9649963 75.00 15.700
K3O3/17 34.9874992 -97.3832016 1133.00 174.000
K3O3/35 34.9791985 -97.3821030 1143.00 354.000
K3P3/09 46.3608017 -102.3300018 2408.00 103.600
K3P3/27 46.3586006 -102.3160019 2408.00 283.600
K3R9/16 30.3628006 -97.9956970 882.00 168.800
K3R9/34 30.3538774 -97.9936864 904.71 348.800
K3RC/09 44.4726982 -84.5737680 1156.00 90.000
K3RC/27 44.4726982 -84.5604019 1156.00 270.000
K3S8/12 42.5144005 -123.3929977 1095.00 142.000
K3S8/30 42.5057983 -123.3830032 1126.00 322.000
K3S9/07 45.2466011 -120.1729965 2908.00 90.000
K3S9/25 45.2466011 -120.1600037 2904.00 270.000
K3T3/08 45.0433998 -92.0277023 952.00 84.000
K3T3/26 45.0444984 -92.0149994 967.00 264.000
K3T5/16 29.9144993 -96.9524002 308.00 162.500
K3T5/34 29.9013996 -96.9476013 322.00 342.500
K3TR/03 41.8346497 -86.2270551 738.63 33.800
K3TR/21 41.8383909 -86.2236344 741.64 213.800
K3TR/14 41.8395168 -86.2284859 742.59 146.000
K3TR/32 41.8307991 -86.2207031 750.00 326.000
K3U3/04 46.1460991 -112.8710022 5030.00 56.300
K3U3/22 46.1530991 -112.8560028 4985.00 236.300
K3U3/16 46.1638985 -112.8710022 4994.00 180.000
K3U3/34 46.1472015 -112.8710022 5029.00 0.000
K3V0/15 43.7293015 -103.3529968 3980.00 158.000
K3V0/33 43.7191010 -103.3470001 3900.00 338.000
K3W7/03 47.9183998 -119.0899963 1588.00 51.000
K3W7/21 47.9255981 -119.0759964 1588.00 231.000
K3W8/07 45.7985001 -99.6451034 1930.00 82.000
K3W8/25 45.7993011 -99.6369019 1924.00 262.000
K3W8/12 45.8031006 -99.6461029 1923.00 136.400
K3W8/30 45.7969017 -99.6378021 1934.00 316.400
K3Y2/17 42.9908981 -91.7916031 1232.00 172.700
K3Y2/35 42.9793015 -91.7895966 1195.00 352.700
K3Y3/14 41.3660247 -94.0240035 1109.01 141.800
K3Y3/32 41.3599014 -94.0177002 1093.00 321.800
K40G/01 35.6451988 -112.1510010 5999.00 21.000
K40G/19 35.6558990 -112.1460037 5989.00 201.000
K40J/12 30.0757008 -83.5842972 43.00 121.000
K40J/30 30.0690994 -83.5712967 45.00 301.000
K40J/18 30.0760994 -83.5849991 43.00 181.000
K40J/36 30.0624008 -83.5851974 41.00 1.000
K40U/07 40.9850998 -109.6880035 6175.00 82.700
K41F/17 34.0085983 -101.3310013 3183.00 177.600
K41U/03 39.3269005 -111.6100006 5470.00 45.400
K41U/21 39.3358002 -111.5989990 5509.00 225.400
K42A/03 36.0662994 -91.8337021 733.00 32.000
K42A/21 36.0756989 -91.8265991 706.00 212.000
K42J/05 29.8365993 -82.0521011 176.00 45.000
K42J/23 29.8463993 -82.0408020 196.00 225.000
K42J/11 29.8498993 -82.0560989 186.00 105.000
K42J/29 29.8463993 -82.0411987 196.00 285.000
K43B/15 44.7298012 -67.9954987 216.00 135.000
K43B/33 44.7229996 -67.9859009 209.00 315.000
K44C/07 42.4958000 -88.9730988 803.00 64.000
K44C/25 42.4992781 -88.9632667 814.62 244.000
K45G/04 42.5669178 -83.7816474 969.25 38.500
K45G/22 42.5732002 -83.7749023 973.00 218.500
K45R/13 30.3407993 -94.2620010 69.00 139.700
K45R/31 30.3318005 -94.2530975 65.00 319.700
K46D/13 47.4556007 -99.1567001 1605.00 140.000
K46D/31 47.4467011 -99.1455994 1604.00 320.000
K47A/05 34.3070980 -84.4276960 1206.00 42.000
K47A/23 34.3140980 -84.4200970 1215.00 222.000
K47K/17 38.2136993 -97.5037994 1489.00 170.000
K47K/35 38.2044983 -97.5017014 1488.00 350.000
K47N/07 40.5226580 -74.6016564 82.12 55.700
K47N/25 40.5270996 -74.5932007 64.00 235.700
K47V/12 40.6394005 -100.4739990 2677.00 128.300
K48A/05 32.3963013 -83.2797012 324.00 46.000
K48A/23 32.4024010 -83.2722015 333.00 226.000
K48D/04 43.8341460 -84.7416424 831.11 31.800
K48D/22 43.8409996 -84.7358017 857.00 211.800
K48I/02 38.6825530 -80.6528108 1258.00 16.000
K48I/20 38.6924020 -80.6507030 1276.00 196.000
K48K/17 38.4753990 -99.9080963 2308.00 180.000
K48K/35 38.4668007 -99.9080963 2281.00 0.000
K48S/11 48.5723000 -108.7819977 2643.00 125.000
K48S/29 48.5658989 -108.7679977 2600.00 305.000
K49A/03 34.6236000 -84.5276031 1458.00 27.000
K49A/21 34.6320992 -84.5223007 1486.00 207.000
K49B/11 44.4207001 -103.3840027 3243.00 113.000
K49B/29 44.4152985 -103.3659973 3207.00 293.000
K49R/15 29.7498973 -99.7630926 1638.49 156.300
K49R/33 29.7411772 -99.7587426 1616.70 336.300
K49X/16 34.5341988 -114.4309998 631.00 180.000
K49X/34 34.5205994 -114.4309998 631.00 0.000
K4A4/09 34.0194020 -85.1530000 971.00 97.000
K4A4/27 34.0180020 -85.1399000 954.00 277.000
K4A5/05 35.8953018 -92.6615982 923.00 52.000
K4A5/23 35.9021988 -92.6511002 963.00 232.000
K4A6/04 34.6829987 -86.0112000 650.00 37.000
K4A6/22 34.6944008 -86.0006027 630.00 217.000
K4A7/06 33.3855019 -84.3384018 852.00 54.000
K4A7/24 33.3942986 -84.3237000 882.00 234.000
K4A9/04 34.4683990 -85.7266998 856.00 40.000
K4A9/22 34.4790001 -85.7161026 873.00 220.000
K4B6/02 43.8717003 -73.4134979 273.00 2.000
K4B6/20 43.8828011 -73.4130020 265.00 182.000
K4C8/13 40.9991989 -92.7705002 958.00 129.000
K4C8/31 40.9933014 -92.7609024 964.00 309.000
K4D0/09 42.7752991 -84.7360001 830.00 86.000
K4D0/27 42.7760010 -84.7240982 840.00 266.000
K4D0/18 42.7762053 -84.7369003 830.00 180.000
K4D0/36 42.7703018 -84.7369003 830.00 0.000
K4E7/13 46.0161018 -98.5168991 1455.00 142.300
K4F2/17 32.1815987 -94.2991028 244.00 177.800
K4F2/35 32.1706009 -94.2985992 248.00 357.800
K4F7/18 33.8086014 -93.3619995 319.00 182.000
K4F7/36 33.7990990 -93.3622971 308.00 2.000
K4F8/02 33.4361000 -93.0571976 230.00 17.500
K4F8/20 33.4441986 -93.0541992 193.00 197.500
K4F9/16 46.3530998 -98.2834015 1310.00 166.000
K4F9/34 46.3431015 -98.2798996 1305.00 346.000
K4G4/10 40.9616938 -80.6833522 1016.89 90.400
K4G4/28 40.9616062 -80.6710375 1065.32 270.400
K4G5/07 39.7770941 -81.1084375 1193.82 66.000
K4G5/25 39.7812004 -81.0966034 1190.00 246.000
K4G6/18 42.3874796 -77.6840120 1192.00 164.700
K4G6/36 42.3754997 -77.6797028 1192.00 344.700
K4G8/18L 41.3230019 -81.9597015 807.00 181.600
K4G8/36R 41.3148994 -81.9599991 810.00 1.600
K4G8/18R 41.3221797 -81.9603196 810.00 181.200
K4G8/36L 41.3149725 -81.9605858 810.00 1.200
K4I3/10 40.3296013 -82.5326996 1187.00 97.700
K4I3/28 40.3278008 -82.5149002 1183.00 277.700
K4I7/18 39.6403999 -86.8135986 842.00 181.100
K4I7/36 39.6267013 -86.8140030 810.00 1.100
K4I9/10 40.5246010 -82.8563995 1075.00 91.000
K4I9/28 40.5243988 -82.8438034 1085.00 271.000
K4J1/01 31.2033005 -81.9063034 81.00 6.000
K4J1/19 31.2115002 -81.9052963 80.00 186.000
K4J2/10 31.2129993 -83.2326965 240.00 94.000
K4J2/28 31.2120991 -83.2199020 234.00 274.000
K4J6/04 30.7492667 -81.5616987 22.88 33.000
K4J6/22 30.7595477 -81.5538151 21.10 213.000
K4J6/13 30.7546005 -81.5653000 24.00 127.000
K4J6/31 30.7479992 -81.5550003 21.00 307.000
K4K3/04 39.2069016 -93.9302979 691.00 42.400
K4K3/22 39.2127991 -93.9233017 689.00 222.400
K4K6/18 40.7368011 -92.4282989 883.00 179.500
K4K6/36 40.7274017 -92.4281998 888.00 359.500
K4M2/09 35.1496010 -93.8687973 465.00 91.000
K4M2/27 35.1493988 -93.8579025 444.00 271.000
K4M3/09 34.8059998 -91.7225037 238.00 91.100
K4M3/27 34.8058014 -91.7074966 240.00 271.100
K4M3/18 34.8167000 -91.7089996 238.00 181.100
K4M3/36 34.8042984 -91.7091980 240.00 1.100
K4M7/06 36.7975006 -86.8162994 689.00 63.000
K4M7/24 36.8023987 -86.8040009 655.00 243.000
K4M9/18 36.4100990 -90.6479034 292.00 180.600
K4M9/36 36.3983002 -90.6480026 292.00 0.600
K4N1/06 41.1251984 -74.3510971 789.00 48.000
K4N1/24 41.1315994 -74.3417969 789.00 228.000
K4O4/02 33.9029999 -94.8626022 472.00 23.200
K4O4/20 33.9156990 -94.8561020 460.00 203.200
K4O5/17 36.7923518 -98.3583980 1178.06 180.000
K4O5/35 36.7835934 -98.3584980 1178.95 0.000
K4R3/19 31.4773998 -87.8946991 34.00 189.000
K4R4/01 30.4515991 -87.8787003 86.00 7.000
K4R4/19 30.4694996 -87.8761978 91.00 187.000
K4R5/04 46.7854996 -90.7626038 624.00 39.000
K4R5/22 46.7918015 -90.7548981 648.00 219.000
K4R7/16 30.4729996 -92.4256973 39.00 166.000
K4R7/34 30.4596004 -92.4218979 42.00 346.000
K4R9/12 30.2624986 -88.1308634 5.00 123.000
K4R9/30 30.2584087 -88.1238696 5.00 303.000
K4S3/15 45.3665009 -117.2559967 4063.00 167.000
K4S3/33 45.3526001 -117.2519989 4121.00 347.000
K4S9/14 45.2210007 -122.5930023 248.00 160.000
K4S9/32 45.2117004 -122.5879974 260.00 340.000
K4SD/08 39.6642990 -119.8919983 4992.00 96.000
K4SD/26 39.6622009 -119.8649979 5050.00 276.000
K4SD/14 39.6833992 -119.8820038 5041.00 154.000
K4SD/32 39.6613007 -119.8669968 5043.00 334.000
K4V0/06 40.0922776 -108.7729530 5235.92 77.400
K4V0/24 40.0959015 -108.7519989 5275.00 257.400
K4V1/03 37.6939011 -104.7900009 6050.00 30.100
K4V1/21 37.6999016 -104.7850037 6026.00 210.100
K4V1/08 37.6970255 -104.7905515 6019.00 93.800
K4V1/26 37.6962013 -104.7750015 6019.00 273.800
K4V4/26 47.7243004 -97.5839996 1117.00 269.000
K4Y4/05 44.9096603 -84.8817668 1286.00 53.000
K4Y4/23 44.9152580 -84.8711879 1286.00 233.000
K50F/17 32.5862381 -97.5915974 869.42 171.000
K50F/35 32.5761986 -97.5897980 836.00 351.000
K50I/09 40.7588005 -87.4345017 698.00 90.300
K50I/27 40.7587013 -87.4218979 698.00 270.300
K50R/18 29.8558006 -97.6722031 532.00 182.000
K50R/36 29.8448009 -97.6725998 524.00 2.000
K51D/14 46.3526993 -98.7394028 1600.00 147.000
K51D/32 46.3443985 -98.7316971 1585.00 327.000
K51J/01 33.8484993 -79.7687988 80.00 6.200
K51J/19 33.8586006 -79.7675018 80.00 186.200
K51R/18 30.9172001 -95.9511032 287.00 190.100
K51R/36 30.9085007 -95.9529037 260.00 10.100
K52A/14 33.6161995 -83.4644012 636.00 141.000
K52A/32 33.6081009 -83.4564972 694.00 321.000
K52J/06 34.2416992 -80.2400971 211.00 50.600
K52J/24 34.2472992 -80.2319031 188.00 230.600
K53A/18 32.3078003 -84.0074005 335.00 181.000
K53A/36 32.2961998 -84.0074997 337.00 1.000
K54F/17 31.8880997 -100.5400009 1922.00 180.000
K54J/09 30.7325993 -86.1605988 288.00 90.000
K54J/27 30.7325993 -86.1475983 272.00 270.000
K54J/18 30.7320478 -86.1531982 282.21 180.000
K54J/36 30.7250996 -86.1531982 270.00 0.000
K54T/08 29.7614994 -94.8544006 30.00 89.000
K54T/26 29.7617558 -94.8415647 27.56 269.000
K54T/14 29.7663002 -94.8529968 33.00 147.500
K54T/32 29.7581005 -94.8470001 28.00 327.500
K55J/04 30.6047993 -81.4664993 13.00 36.000
K55J/22 30.6166000 -81.4567032 14.00 216.000
K55J/09 30.6133000 -81.4680020 12.00 82.000
K55J/27 30.6153339 -81.4545089 13.72 262.000
K55J/13 30.6145000 -81.4683990 12.00 126.000
K55J/31 30.6065420 -81.4554875 14.91 306.000
K55Y/16 43.8199997 -91.8320007 1211.00 161.700
K55Y/34 43.8116989 -91.8282013 1183.00 341.700
K56D/18 40.8889008 -83.3144989 824.00 180.300
K56D/36 40.8778992 -83.3145981 828.00 0.300
K56F/16 32.8297005 -100.4169998 1941.00 165.000
K57C/08 42.7965012 -88.3795013 843.00 79.000
K57C/26 42.7985001 -88.3651962 860.00 259.000
K57C/18 42.7999992 -88.3728027 838.00 183.000
K57C/36 42.7933006 -88.3732986 828.00 3.000
K58M/13 39.5755333 -75.8736252 101.50 116.000
K58M/31 39.5723991 -75.8649979 62.00 296.000
K5A1/10 41.2447983 -82.5580240 835.03 90.200
K5A1/28 41.2447014 -82.5436020 852.00 270.200
K5A4/18 34.0201988 -88.7261963 333.00 180.000
K5A4/36 34.0113983 -88.7261963 335.00 0.000
K5A6/03 33.4618988 -89.7316971 363.00 30.000
K5A6/21 33.4692001 -89.7266998 352.00 210.000
K5A9/17 32.9375000 -84.6896973 880.00 170.000
K5A9/35 32.9294014 -84.6880035 873.00 350.000
K5B2/05 43.0461998 -73.8668976 433.00 39.000
K5B2/23 43.0561981 -73.8557968 424.00 219.000
K5B2/14 43.0544014 -73.8675995 432.00 128.600
K5B2/32 43.0475006 -73.8559036 425.00 308.600
K5B5/08 46.4939003 -99.7666016 1960.00 90.000
K5B5/26 46.4939003 -99.7566986 1970.00 270.000
K5B5/12 46.4972000 -99.7624969 1959.00 129.000
K5B5/30 46.4916992 -99.7526016 1985.00 309.000
K5C1/17 29.7283493 -98.6951725 1381.25 174.000
K5C1/35 29.7163740 -98.6937340 1376.00 354.000
K5C8/08 47.3501015 -101.0319977 1905.00 81.000
K5C8/26 47.3516998 -101.0169983 1904.00 261.000
K5C8/17 47.3569984 -101.0250015 1905.00 188.000
K5C8/35 47.3517990 -101.0260010 1905.00 8.000
K5F1/06 33.2014008 -101.3470001 2545.00 68.000
K5F1/24 33.2036018 -101.3399963 2523.00 248.000
K5F1/17 33.2122002 -101.3399963 2518.00 181.000
K5F1/35 33.2005997 -101.3410034 2520.00 1.000
K5G7/05 40.8819008 -83.8744965 850.00 51.700
K5G7/23 40.8889008 -83.8628006 846.00 231.700
K5H4/11 47.7937012 -99.9381027 1603.00 120.000
K5H4/29 47.7887993 -99.9253998 1604.00 300.000
K5I4/05 40.1744978 -86.2213604 930.35 52.000
K5I4/23 40.1797981 -86.2126007 932.00 232.000
K5I4/09 40.1791992 -86.2230988 936.00 88.400
K5I4/27 40.1795006 -86.2102966 934.00 268.400
K5J9/08 34.0871566 -78.8701612 99.00 73.600
K5J9/26 34.0898018 -78.8591003 99.00 253.600
K5K1/18 39.4241670 -89.9912670 659.00 179.000
K5K1/36 39.4181524 -89.9911860 651.85 359.000
K5L0/15 48.0340004 -98.3271027 1512.00 165.000
K5L0/33 48.0247993 -98.3234024 1510.00 345.000
K5M0/18 34.4132004 -86.9328995 628.00 181.000
K5M0/36 34.4033012 -86.9329987 599.00 1.000
K5M4/05 33.8428993 -92.3694000 193.00 48.000
K5M4/23 33.8487015 -92.3616028 186.00 228.000
K5M5/13 36.3473015 -94.4495010 1154.00 134.000
K5M5/31 36.3398018 -94.4401016 1180.00 314.000
K5M9/07 37.3319020 -88.1220020 650.00 66.000
K5M9/25 37.3368000 -88.1082000 628.00 246.000
K5N8/13 46.8582993 -97.2142029 932.00 136.000
K5N8/31 46.8502998 -97.2031021 926.00 316.000
K5P2/13 45.8008003 -100.7890015 1996.00 140.000
K5P2/31 45.7928009 -100.7789993 1999.00 320.000
K5R2/18 30.3943996 -88.7536011 20.00 179.000
K5R2/36 30.3848991 -88.7533035 20.00 359.000
K5R4/18 30.4326000 -87.7007980 63.00 180.000
K5R4/36 30.4225006 -87.7007980 74.00 0.000
K5T6/10 31.8852997 -106.7180023 4110.00 111.800
K5T6/28 31.8766003 -106.6920013 4108.00 291.800
K5U7/07 45.3208008 -107.9390030 3242.00 90.000
K5V5/02 36.6917000 -108.7060013 5270.00 32.000
K5W4/04 35.0158997 -79.1940994 292.00 33.100
K5W4/22 35.0237999 -79.1878967 304.00 213.100
K5W5/16 35.6241990 -78.7020030 244.00 160.000
K5W5/34 35.6165010 -78.6985020 244.00 340.000
K5W8/04 35.6977997 -79.5106964 597.00 39.900
K5W8/22 35.7083015 -79.4999008 614.00 219.900
K5Y1/09 46.0358009 -84.4258079 760.00 90.000
K5Y1/27 46.0358009 -84.4129028 760.00 270.000
K60C/06 43.7042007 -90.2626038 944.00 60.000
K60C/24 43.7085991 -90.2527008 944.00 240.000
K60F/17 33.6543999 -99.2612991 1344.00 180.000
K60F/35 33.6426010 -99.2612991 1338.00 0.000
K60R/17 30.3763008 -96.1134033 227.00 178.200
K60R/35 30.3675003 -96.1130981 206.00 358.200
K61A/18 31.9857006 -87.3392029 142.00 179.000
K61A/36 31.9738007 -87.3389969 142.00 359.000
K61C/03 42.9585991 -88.8209992 798.00 28.000
K61C/21 42.9678001 -88.8143005 795.00 208.000
K61S/15 43.8083992 -123.0329971 631.00 167.000
K61S/33 43.7998009 -123.0309982 641.00 347.000
K62D/04 41.2652937 -80.9310157 896.18 35.100
K62D/22 41.2703026 -80.9263143 900.81 215.100
K62D/18 41.2692986 -80.9264984 898.00 180.400
K62D/36 41.2619019 -80.9264984 894.00 0.400
K63B/11 43.7631989 -70.6781006 292.00 93.000
K63B/29 43.7627983 -70.6668015 279.00 273.000
K63C/15 43.9654999 -89.7926025 968.00 153.000
K63C/33 43.9571991 -89.7866974 976.00 333.000
K63F/16 32.1791992 -101.8239975 2731.00 165.100
K63F/34 32.1679993 -101.8209991 2722.00 345.100
K63M/07 38.7034988 -91.4956970 507.00 67.000
K63M/25 38.7069016 -91.4853973 508.00 247.000
K65S/02 48.7215004 -116.3000031 2311.00 38.000
K65S/20 48.7300987 -116.2900009 2333.00 218.000
K66R/15 29.6452143 -96.5174704 242.00 160.000
K66R/33 29.6366559 -96.5139925 242.00 340.000
K67L/01 36.8293811 -114.0586122 1879.85 28.000
K67L/19 36.8404975 -114.0514704 1972.12 208.000
K67R/16 26.4284992 -98.8476028 290.00 162.000
K67R/34 26.4179993 -98.8438034 273.00 342.000
K68F/15 31.6655006 -96.3118973 525.00 159.000
K68S/03 47.6525002 -118.1719971 2421.00 56.000
K68S/21 47.6558990 -118.1650009 2410.00 236.000
K68S/05 47.6519012 -118.1750031 2417.00 73.000
K68S/23 47.6543007 -118.1630020 2415.00 253.000
K69V/08 39.3610992 -110.9232449 5901.36 90.000
K69V/26 39.3610992 -110.9100037 5872.00 270.000
K69V/12 39.3651009 -110.9209976 5915.00 139.700
K69V/30 39.3574982 -110.9120026 5872.00 319.700
K69V/18 39.3647003 -110.9219971 5902.00 195.900
K69V/36 39.3594017 -110.9240036 5888.00 15.900
K6A2/14 33.2303005 -84.2786515 956.87 137.000
K6A2/32 33.2237019 -84.2712447 938.13 317.000
K6A4/06 36.4146004 -81.8315964 2240.00 58.200
K6A4/24 36.4211006 -81.8186035 2240.00 238.200
K6D1/15 45.5012016 -95.1075974 1295.00 150.000
K6D1/33 45.4929008 -95.1007996 1304.00 330.000
K6D6/10 43.1426010 -85.2613983 855.00 95.000
K6D6/28 43.1417007 -85.2456970 837.00 275.000
K6D8/13 46.9473991 -98.0224991 1400.00 134.000
K6D8/31 46.9393997 -98.0103989 1381.00 314.000
K6D9/08 44.3115005 -83.4313965 605.00 78.200
K6D9/26 44.3142014 -83.4132996 604.00 258.200
K6E5/33 44.4261017 -97.5586014 1729.00 339.300
K6G1/18 41.6155014 -79.7417984 1600.00 177.100
K6G1/36 41.6021004 -79.7408981 1534.00 357.100
K6G4/06 40.3629542 -82.5010606 1041.00 62.500
K6G4/24 40.3672981 -82.4901962 1041.00 242.500
K6G5/09 40.0021591 -81.1979302 1309.22 86.000
K6G5/27 40.0028000 -81.1847000 1312.00 266.000
K6I2/11 37.6352110 -85.2497804 827.00 105.000
K6I2/29 37.6316986 -85.2334976 866.00 285.000
K6J0/18 33.8004990 -81.2470016 451.00 170.700
K6J0/36 33.7887993 -81.2446976 451.00 350.700
K6J2/05 33.1924019 -80.5121994 82.00 45.900
K6J2/23 33.1986008 -80.5046997 82.00 225.900
K6J4/01 33.9222984 -81.7956009 538.00 10.000
K6J4/19 33.9309998 -81.7938003 523.00 190.000
K6K4/17 36.2951012 -98.4757004 1265.00 180.000
K6K4/35 36.2851982 -98.4758987 1272.00 0.000
K6L3/03 46.4420013 -97.7310028 1240.00 36.100
K6L3/21 46.4459991 -97.7266998 1220.00 216.100
K6L3/14 46.4500999 -97.7306976 1224.00 146.100
K6L3/32 46.4431992 -97.7239990 1220.00 326.100
K6L4/06 37.8530998 -81.9212036 1656.00 58.000
K6L4/24 37.8582993 -81.9105988 1667.00 238.000
K6L5/14 46.2537994 -99.5430985 2038.00 148.000
K6L5/32 46.2458000 -99.5357971 2028.00 328.000
K6M2/13 36.2242123 -91.7603118 781.56 125.000
K6M2/31 36.2178001 -91.7491989 778.00 305.000
K6M6/18 40.1339989 -91.6781006 664.00 181.000
K6M6/36 40.1244011 -91.6783981 674.00 1.000
K6M7/18 34.7883987 -90.8097992 217.00 180.900
K6M7/36 34.7774010 -90.8099976 217.00 0.900
K6R3/16 30.3630009 -95.0104980 150.00 161.800
K6R3/34 30.3498993 -95.0055008 142.00 341.800
K6R6/13 30.0524998 -102.2200012 2322.00 136.000
K6S2/15 43.9864631 -124.1129235 50.67 167.000
K6S2/33 43.9789009 -124.1100006 40.00 347.000
K6S3/10 45.6322943 -109.2452753 3574.26 112.000
K6S3/28 45.6286011 -109.2320023 3561.00 292.000
K6S5/17 46.2573010 -114.1250000 3603.00 181.000
K6S5/35 46.2457010 -114.1259990 3641.00 1.000
K6S8/04 45.7015991 -108.7639999 3488.00 50.000
K6S8/22 45.7107010 -108.7480011 3454.00 230.000
K6S8/09 45.7043991 -108.7659988 3516.00 98.000
K6S8/27 45.7039986 -108.7620010 3491.00 278.000
K6S8/14 45.7042999 -108.7669983 3517.00 152.000
K6S8/32 45.6988983 -108.7630005 3462.00 332.000
K6V0/12 43.2989006 -103.8489990 3605.00 131.800
K6V0/30 43.2916985 -103.8379974 3586.00 311.800
K6V0/16 43.2943993 -103.8399963 3588.00 173.800
K6V0/34 43.2888985 -103.8389969 3588.00 353.800
K6V4/12 44.0028992 -102.2590027 2799.00 135.000
K6V4/30 43.9961014 -102.2500000 2812.00 315.000
K6V5/29 45.5158005 -102.4609985 2782.00 302.800
K6Y1/10 45.7667741 -84.5102455 653.00 96.000
K6Y1/28 45.7658005 -84.4970016 653.00 276.000
K70J/13 30.8908005 -84.1602020 264.00 121.000
K70J/31 30.8852005 -84.1492004 236.00 301.000
K71J/12 31.4340992 -85.6250000 356.00 121.000
K71J/30 31.4281006 -85.6135025 344.00 301.000
K74S/36 48.4949989 -122.6640015 229.00 18.000
K74V/07 40.2771988 -110.0630035 5172.00 83.000
K74V/25 40.2793999 -110.0400009 5104.00 263.000
K75J/16 31.6898003 -83.6339035 384.00 161.000
K75J/34 31.6812992 -83.6305008 390.00 341.000
K76F/17 32.6860008 -95.9841003 518.00 180.000
K76G/04 42.7163010 -82.5997009 613.00 33.000
K76G/22 42.7228211 -82.5940977 613.00 213.000
K77F/17 31.9515991 -99.9858017 1866.00 180.400
K77F/35 31.9428005 -99.9859009 1871.00 0.400
K77G/01 43.3087006 -83.0921021 867.00 4.000
K77G/19 43.3182983 -83.0912018 891.00 184.000
K77G/09 43.3102989 -83.0973969 868.00 89.000
K77G/27 43.3103981 -83.0831985 876.00 269.000
K77S/15 43.9350014 -123.0070038 538.00 174.000
K77S/33 43.9264984 -123.0059967 536.00 354.000
K78/17 38.9096985 -97.2358017 1152.00 180.100
K78/35 38.8983994 -97.2359009 1149.00 0.100
K78R/17 31.5447998 -94.1712036 443.00 173.300
K78R/35 31.5344009 -94.1697998 390.00 353.300
K79J/11 31.3106995 -86.4013977 309.00 107.000
K79J/29 31.3068008 -86.3861008 305.00 287.000
K79S/05 47.8423004 -110.6439972 2869.00 62.000
K79S/23 47.8479004 -110.6289978 2859.00 242.000
K79S/14 47.8438988 -110.6389999 2863.00 151.700
K79S/32 47.8398018 -110.6360016 2866.00 331.700
K7A0/18 32.6861992 -87.6621018 180.00 180.000
K7A0/36 32.6767006 -87.6621018 168.00 0.000
K7A3/06 32.8111990 -85.2345960 618.00 79.000
K7A3/24 32.8129010 -85.2246020 624.00 259.000
K7A4/18 42.4699884 -90.1693011 980.56 180.400
K7A4/36 42.4624556 -90.1694016 959.44 0.400
K7A5/11 33.1311849 -85.3764356 880.72 113.000
K7A5/29 33.1282453 -85.3683117 899.77 293.000
K7A6/05 34.8830610 -85.8078541 623.38 49.000
K7A6/23 34.8880155 -85.8007464 638.38 229.000
K7B2/14 42.3308983 -72.6162033 120.00 128.000
K7B2/32 42.3256210 -72.6071299 119.07 308.000
K7D3/09 43.8754005 -85.8460007 818.00 93.900
K7D3/27 43.8746986 -85.8315964 828.00 273.900
K7D9/01 41.7733994 -80.9042969 820.00 4.000
K7D9/19 41.7822990 -80.9036026 820.00 184.000
K7F3/13 33.0409012 -96.2455978 541.00 136.100
K7F3/31 33.0330009 -96.2365036 536.00 316.100
K7F3/18R 33.0410004 -96.2451019 541.00 181.000
K7F3/36L 33.0299988 -96.2453995 535.00 1.000
K7F5/18 32.5914001 -95.8622971 492.00 184.300
K7F7/14 31.8202000 -97.5697021 757.00 145.100
K7F7/32 31.8137150 -97.5644597 748.42 325.100
K7G8/11 41.4503156 -81.0685503 1173.18 100.000
K7G8/29 41.4487991 -81.0566025 1158.00 280.000
K7G9/18 43.3138008 -96.5709991 1290.00 180.000
K7G9/36 43.3039017 -96.5709991 1271.00 0.000
K7I4/06 38.6552231 -86.4458348 654.58 58.000
K7I4/24 38.6595110 -86.4369968 650.29 238.000
K7K4/03 37.4523010 -86.8534010 530.00 25.000
K7K5/08 48.6678009 -102.0579987 1962.00 90.000
K7K5/26 48.6678009 -102.0419998 1955.00 270.000
K7L2/09 46.2225990 -100.2539978 1765.00 105.400
K7L2/27 46.2198982 -100.2399979 1778.00 285.400
K7L8/10 39.7513008 -86.0220032 861.00 100.000
K7L8/28 39.7501042 -86.0133591 861.00 280.000
K7M1/18 33.6257019 -91.3647003 141.00 181.400
K7M1/36 33.6147003 -91.3649979 141.00 1.400
K7M2/09 35.8647995 -92.0979004 804.00 93.000
K7M2/27 35.8642006 -92.0827026 780.00 273.000
K7M4/01 35.6860008 -90.0111008 233.00 8.900
K7M4/19 35.6963005 -90.0091019 233.00 188.900
K7M5/04 35.5073013 -93.8430023 606.00 41.600
K7M5/22 35.5140991 -93.8356018 648.00 221.600
K7M9/02 36.3546103 -91.8316512 777.84 23.100
K7M9/20 36.3602982 -91.8285980 761.00 203.100
K7S0/16 47.5737991 -114.1009979 3086.00 180.000
K7S0/34 47.5606003 -114.1009979 3079.00 0.000
K7S1/07 45.5327988 -112.3124008 4705.00 83.000
K7S1/25 45.5335999 -112.3013000 4764.00 262.000
K7S1/17 45.5447006 -112.3000031 4789.00 182.000
K7S1/35 45.5283012 -112.3005981 4760.00 2.000
K7S5/16 44.8709984 -123.1979980 188.00 179.000
K7S5/34 44.8628998 -123.1979980 178.00 359.000
K7T7/16 31.8649998 -102.0759964 2800.00 165.000
K7V2/23 38.8345985 -107.6389999 5798.00 241.400
K7V3/09 42.5242996 -88.6595001 941.00 90.000
K7V3/27 42.5243988 -88.6486969 949.00 270.000
K7V3/18 42.5303001 -88.6513977 946.00 180.000
K7V3/36 42.5245018 -88.6513977 946.00 0.000
K7V5/07 40.2627983 -103.5889969 4275.00 79.500
K7V5/25 40.2649002 -103.5729980 4280.00 259.500
K7V6/14 42.2663994 -104.7330017 4400.00 152.200
K7V6/32 42.2529983 -104.7239990 4331.00 332.200
K7V8/13 40.9741143 -102.3193219 3519.31 138.900
K7V8/31 40.9669990 -102.3109970 3510.00 318.900
K7V9/08 38.0532990 -103.2440033 3915.00 95.900
K7V9/26 38.0522003 -103.2300034 3898.00 275.900
K7W5/10 41.3754005 -84.0755005 680.00 101.000
K7W5/28 41.3732986 -84.0614014 682.00 281.000
K7W6/11 35.5648003 -75.9626999 8.00 111.000
K7W6/29 35.5601997 -75.9478989 8.00 291.000
K80D/09 44.0546681 -84.8123670 1142.00 94.000
K80D/27 44.0544014 -84.8081970 1142.00 274.000
K80D/18 44.0535018 -84.8124323 1142.00 181.000
K80D/36 44.0503566 -84.8125225 1142.00 1.000
K80F/17 34.1971016 -95.6499023 574.00 179.800
K80F/35 34.1880989 -95.6498032 569.00 359.800
K80T/09 47.2130013 -119.8470001 1271.00 106.000
K80T/27 47.2102013 -119.8330002 1260.00 286.000
K81B/15 44.1601982 -70.4856033 345.00 132.000
K81B/33 44.1547012 -70.4769974 337.00 312.000
K81R/13 31.2388992 -98.7210999 1249.00 136.300
K81R/31 31.2313995 -98.7127991 1240.00 316.300
K82A/14 32.2854996 -84.5072021 663.00 135.000
K82A/32 32.2793007 -84.4999008 681.00 315.000
K82C/14 43.8424988 -90.1423035 897.00 139.000
K82C/32 43.8348999 -90.1331024 897.00 319.000
K82V/08 41.1531982 -104.1399994 5152.00 89.000
K82V/26 41.1534004 -104.1210022 5129.00 269.000
K83D/07 45.8897018 -84.7450027 623.00 68.100
K83D/25 45.8936005 -84.7311020 608.00 248.100
K84D/13 44.9883995 -101.2570038 2430.00 134.900
K84D/31 44.9803009 -101.2450027 2447.00 314.900
K84R/17 30.0359001 -97.1675034 322.00 174.000
K84R/35 30.0249996 -97.1661987 322.00 354.000
K87I/17 32.8900986 -90.4645004 104.00 174.000
K87I/35 32.8764000 -90.4627991 104.00 354.000
K87Y/04 43.1020012 -89.1895981 914.00 41.000
K87Y/22 43.1073608 -89.1834407 914.00 221.000
K87Y/09 43.1046982 -89.1889038 920.00 90.000
K87Y/27 43.1046982 -89.1817641 903.88 270.000
K8A0/05 34.2234993 -86.2632980 1002.00 48.000
K8A0/23 34.2346992 -86.2481995 1032.00 228.000
K8A3/03 36.4076004 -85.3153000 1366.00 33.400
K8A3/21 36.4168015 -85.3078003 1372.00 213.400
K8B0/14 44.9940987 -70.6699982 1816.00 120.400
K8B0/32 44.9897003 -70.6593018 1803.00 300.400
K8B5/06 42.3537911 -72.1337084 582.35 45.000
K8B5/24 42.3589111 -72.1266232 588.54 225.000
K8C4/11 41.7648010 -91.1580963 840.00 110.000
K8C4/29 41.7619019 -91.1477966 840.00 290.000
K8D1/04 43.9407005 -88.1201019 992.00 39.000
K8D1/14 43.9481010 -88.1176987 976.00 142.000
K8D1/32 43.9403992 -88.1091995 976.00 322.000
K8D3/22 45.6725998 -96.9905014 1146.00 225.000
K8D3/16 45.6733017 -96.9953995 1158.00 167.000
K8D3/34 45.6641998 -96.9924011 1159.00 347.000
K8D7/03 44.8941994 -97.7154999 1788.00 43.100
K8D7/21 44.8997002 -97.7081986 1784.00 223.100
K8D7/13 44.8978996 -97.7153015 1792.00 131.900
K8D7/31 44.8911018 -97.7046967 1786.00 311.900
K8F3/17 33.6287994 -101.2409973 3018.00 180.000
K8F3/35 33.6189003 -101.2409973 3013.00 0.000
K8F5/35 33.1226006 -94.6981964 382.00 353.500
K8F6/14 43.8555984 -100.7149963 2263.00 148.300
K8F6/32 43.8478012 -100.7089996 2253.00 328.300
K8G1/10 41.0393953 -82.7307151 963.77 97.400
K8G1/28 41.0382135 -82.7194988 940.54 277.400
K8G2/14 41.9113998 -79.6465988 1697.00 133.000
K8G2/32 41.9037018 -79.6354980 1766.00 313.000
K8G6/13 40.2402878 -81.0163531 1159.03 126.000
K8G6/31 40.2350006 -81.0067978 1103.00 306.000
K8J7/13 47.7002983 -99.1352997 1533.00 144.200
K8J7/31 47.6925011 -99.1268997 1526.00 324.200
K8K2/12 37.2812996 -98.0467987 1426.00 134.000
K8K2/30 37.2771988 -98.0414963 1426.00 314.000
K8K2/17 37.2818985 -98.0436020 1427.00 175.000
K8K2/35 37.2729988 -98.0425034 1424.00 355.000
K8M1/15 34.5935626 -88.6498477 382.40 147.000
K8M1/33 34.5862007 -88.6439972 374.00 327.000
K8N2/03 41.3945999 -88.7984009 615.00 32.800
K8N2/21 41.4049988 -88.7893982 611.00 212.800
K8S1/18 47.7009010 -114.1829987 2937.00 199.000
K8S1/36 47.6899986 -114.1880035 2939.00 19.000
K8T6/13 28.3666000 -98.1205978 129.00 136.000
K8T6/31 28.3591003 -98.1123962 126.00 316.000
K8U6/08 46.7771988 -105.3219986 2281.00 91.000
K8U6/26 46.7770996 -105.3050003 2283.00 271.000
K8U8/16 46.3367004 -111.4830017 3875.00 178.000
K8U8/34 46.3258018 -111.4820023 3893.00 358.000
K8V1/03 37.7136000 -106.3539960 7926.00 31.000
K8V1/21 37.7277980 -106.3440020 7932.00 211.000
K8V1/06 37.7136000 -106.3590010 7955.00 67.000
K8V1/24 37.7136000 -106.3460010 7890.00 247.000
K8V2/05 42.5605011 -99.0408020 2121.00 60.000
K8V2/23 42.5647011 -99.0311966 2127.00 240.000
K8V2/11 42.5642013 -99.0441971 2128.00 120.000
K8V2/29 42.5587006 -99.0310974 2123.00 300.000
K8V3/15 43.3828011 -97.9736023 1414.00 153.000
K8V3/33 43.3740997 -97.9675980 1416.00 333.000
K8V7/17 37.4655991 -102.6179962 4390.00 179.400
K8V7/35 37.4519005 -102.6179962 4389.00 359.400
K8WC/02 37.9239998 -90.7337036 959.00 19.000
K8WC/20 37.9343987 -90.7293015 946.00 199.000
K8Y6/18 45.4482002 -93.9710999 985.00 180.000
K8Y6/36 45.4399986 -93.9710999 985.00 0.000
K93C/27 43.2818985 -90.2942963 728.00 271.000
K94E/17 32.7692986 -108.2080002 6126.00 185.000
K94K/09 36.6973991 -93.9067001 1482.00 90.000
K94K/27 36.6973991 -93.8944015 1471.00 270.000
K94R/15 29.2688999 -96.0087967 90.00 162.000
K94R/33 29.2632999 -96.0066986 90.00 342.000
K95D/10 47.2531014 -101.8209991 1790.00 114.400
K95D/28 47.2486000 -101.8069992 1791.00 294.400
K95E/14 33.8189011 -106.6490021 4925.00 147.000
K95E/32 33.8098984 -106.6419983 4925.00 327.000
K95F/18 36.2891998 -96.4625015 912.00 187.000
K95F/36 36.2783012 -96.4642029 900.00 7.000
K96D/15 48.9452019 -97.9039001 953.00 171.000
K96D/33 48.9360008 -97.9017029 952.00 351.000
K98D/13 44.7046013 -100.1050034 1860.00 139.000
K98D/31 44.6982002 -100.0970001 1874.00 319.000
K99N/05 33.3008995 -81.1125031 208.00 43.600
K99N/23 33.3081017 -81.1043015 231.00 223.600
K9A1/10 33.6329990 -83.8564000 795.00 96.000
K9A1/28 33.6319010 -83.8426970 784.00 276.000
K9A4/13 34.6614990 -87.3535995 581.00 130.000
K9A4/31 34.6525993 -87.3408966 571.00 310.000
K9A4/17 34.6687012 -87.3510971 584.00 175.000
K9A4/35 34.6548004 -87.3497009 580.00 355.000
K9A5/02 34.6815987 -85.2936020 769.00 20.800
K9A5/20 34.6954994 -85.2873001 774.00 200.800
K9D0/12 44.5443001 -99.4560013 1841.00 135.000
K9D0/30 44.5371017 -99.4459000 1854.00 315.000
K9D2/08 45.5807991 -103.5350037 2874.00 95.100
K9D2/26 45.5802994 -103.5260010 2865.00 275.100
K9D2/12 45.5842018 -103.5350037 2889.00 132.800
K9D2/30 45.5769005 -103.5240021 2848.00 312.800
K9D4/01 40.3474007 -76.3296967 511.00 357.300
K9D4/19 40.3567878 -76.3302677 522.41 177.300
K9D7/16 48.4846001 -99.2377014 1478.00 166.000
K9D7/34 48.4752998 -99.2341995 1476.00 346.000
K9D9/12 42.6656990 -85.3517990 797.00 123.000
K9D9/30 42.6599998 -85.3395996 795.00 303.000
K9F0/15 32.0724983 -98.3266983 1495.00 163.200
K9F0/33 32.0639000 -98.3236008 1493.00 343.200
K9F9/17 32.6330774 -97.3535996 760.00 180.000
K9F9/35 32.6227989 -97.3535995 760.00 0.000
K9G2/09 42.8075117 -83.7759001 917.20 89.000
K9G2/27 42.8076628 -83.7649897 908.40 269.000
K9G3/07 43.0187988 -78.4878998 830.00 60.000
K9G3/25 43.0233994 -78.4774017 840.00 240.000
K9K8/11 37.6722984 -98.1309967 1607.00 116.600
K9K8/29 37.6680984 -98.1204987 1591.00 296.600
K9K8/18 37.6739006 -98.1212997 1599.00 188.000
K9K8/36 37.6622009 -98.1233978 1597.00 8.000
K9L2/06 34.9885330 -117.8728260 2299.00 75.000
K9L2/24 34.9930350 -117.8535590 2276.00 255.000
K9M6/18 32.8534766 -91.4031592 108.00 184.000
K9M6/36 32.8460007 -91.4038010 108.00 4.000
K9S2/12 48.8115005 -105.4449997 2385.00 134.000
K9S2/30 48.8039017 -105.4329987 2432.00 314.000
K9S5/02 45.8727989 -111.5759964 4089.00 40.000
K9S5/20 45.8834991 -111.5630035 4080.00 220.000
K9S9/08 45.4550018 -119.6979980 1577.00 99.000
K9S9/26 45.4533005 -119.6819992 1631.00 279.000
K9U7/03 38.7299995 -115.4850006 5100.00 31.000
K9U7/21 38.7420998 -115.4759979 5180.00 211.000
K9V5/14 42.7411995 -102.4479980 3747.00 150.000
K9V5/32 42.7319984 -102.4410019 3749.00 330.000
K9V6/14 43.1698990 -101.7170029 3293.00 146.100
K9V6/32 43.1613998 -101.7089996 3276.00 326.100
K9V7/17 38.4802017 -102.8109970 4245.00 179.800
K9V7/35 38.4701004 -102.8109970 4242.00 359.800
K9V9/13 43.7703018 -99.3264008 1687.00 141.000
K9V9/31 43.7611008 -99.3162003 1677.00 321.000
K9Y1/12 47.3958015 -102.7770004 2260.00 133.000
K9Y1/30 47.3880005 -102.7639999 2240.00 313.000
KA24/05 41.4103012 -120.6920013 4394.00 67.700
KA24/23 41.4146996 -120.6770020 4398.00 247.700
KA30/16 41.5633011 -122.8560028 2724.00 177.600
KA30/34 41.5538467 -122.8550340 2727.78 357.600
KA32/16 41.8931007 -121.9759979 4243.00 179.900
KA32/34 41.8811989 -121.9759979 4242.00 359.900
KA34/05 39.2364461 -119.5608244 4406.21 65.000
KA34/23 39.2415009 -119.5469971 4372.00 245.000
KAAA/03 40.1533012 -89.3399963 593.00 35.300
KAAA/21 40.1623001 -89.3317032 594.00 215.300
KAAA/14 40.1626153 -89.3364562 597.00 144.400
KAAA/32 40.1566009 -89.3308029 597.00 324.400
KAAF/06 29.7224998 -85.0372009 20.00 60.000
KAAF/24 29.7294006 -85.0233002 20.00 240.000
KAAF/14 29.7329010 -85.0348970 20.00 135.000
KAAF/32 29.7232753 -85.0238958 19.07 315.000
KAAF/18 29.7355783 -85.0231018 16.23 180.000
KAAF/36 29.7220001 -85.0232010 20.00 0.000
KAAO/18 37.7559013 -97.2199020 1401.00 187.000
KAAO/36 37.7392998 -97.2223969 1421.00 7.000
KAAS/05 37.3538017 -85.3160019 871.00 49.800
KAAS/23 37.3627014 -85.3028030 921.00 229.800
KAAT/03 41.4810324 -120.5682632 4360.68 46.000
KAAT/21 41.4860992 -120.5609970 4374.00 226.000
KAAT/13 41.4873103 -120.5695971 4366.40 148.400
KAAT/31 41.4777985 -120.5619965 4374.00 328.400
KABE/06 40.6469994 -75.4505997 394.00 51.300
KABE/24 40.6599998 -75.4292984 380.00 231.300
KABE/13 40.6552010 -75.4497986 383.00 123.100
KABE/31 40.6464996 -75.4321976 380.00 303.100
KABI/04 32.4196014 -99.6948013 1751.00 52.000
KABI/22 32.4258003 -99.6854019 1762.00 232.000
KABI/17L 32.4085007 -99.6747971 1791.00 180.000
KABI/35R 32.3886986 -99.6746979 1775.00 0.000
KABI/17R 32.4281006 -99.6848984 1757.00 180.000
KABI/35L 32.4082985 -99.6847992 1785.00 0.000
KABQ/03 35.0222015 -106.6309967 5305.00 45.000
KABQ/21 35.0416985 -106.6070023 5316.00 225.000
KABQ/08 35.0443001 -106.6220016 5315.00 90.000
KABQ/26 35.0441017 -106.5759964 5355.00 270.000
KABQ/12 35.0434990 -106.6210022 5312.00 129.000
KABQ/30 35.0331993 -106.6050034 5314.00 309.000
KABR/13 45.4552002 -98.4280014 1302.00 135.100
KABR/31 45.4417992 -98.4089966 1301.00 315.100
KABR/17 45.4556007 -98.4273987 1302.00 180.000
KABR/35 45.4404984 -98.4272995 1298.00 0.000
KABY/05 31.5296000 -84.1996990 196.00 42.000
KABY/23 31.5431000 -84.1855010 189.00 222.000
KABY/17 31.5413000 -84.1994020 195.00 162.000
KABY/35 31.5277000 -84.1941990 196.00 342.000
KACB/02 44.9819984 -85.2012024 622.00 17.400
KACB/20 44.9950981 -85.1955032 618.00 197.400
KACJ/05 32.1044006 -84.1955032 466.00 46.000
KACJ/23 32.1158981 -84.1816025 462.00 226.000
KACJ/10 32.1119000 -84.1955030 471.00 91.000
KACJ/28 32.1118010 -84.1831970 459.00 271.000
KACK/06 41.2479685 -70.0710842 30.66 44.900
KACK/24 41.2592010 -70.0562973 48.00 224.900
KACK/15 41.2579994 -70.0607986 46.00 135.000
KACK/33 41.2501984 -70.0504990 42.00 315.000
KACP/18 30.7574005 -92.6884003 107.00 170.000
KACP/36 30.7436008 -92.6856003 107.00 350.000
KACQ/15 44.0777016 -93.5558014 1126.00 154.000
KACQ/33 44.0693016 -93.5501022 1119.00 334.000
KACT/01 31.6035004 -97.2300034 508.00 14.200
KACT/19 31.6210995 -97.2247009 502.00 194.200
KACT/14 31.6170998 -97.2388992 509.00 149.200
KACT/32 31.6032009 -97.2292023 507.00 329.200
KACV/01 40.9724998 -124.1129990 188.00 29.700
KACV/19 40.9832001 -124.1050034 208.00 209.700
KACV/14 40.9837573 -124.1116717 191.48 152.700
KACV/32 40.9710007 -124.1029968 221.00 332.700
KACY/04 39.4496994 -74.5851974 61.00 27.900
KACY/22 39.4645996 -74.5748978 67.00 207.900
KACY/13 39.4642982 -74.5910034 75.00 118.100
KACY/31 39.4514008 -74.5597000 63.00 298.100
KACZ/09 34.7173996 -78.0102997 39.00 85.000
KACZ/27 34.7183991 -77.9970017 31.00 265.000
KADC/16 46.4555016 -95.2133026 1369.00 163.800
KADC/34 46.4449997 -95.2086029 1357.00 343.800
KADG/05 41.8615990 -84.0847015 795.00 47.000
KADG/23 41.8708992 -84.0711975 799.00 227.000
KADG/11 41.8722992 -84.0785980 798.00 107.000
KADG/29 41.8708000 -84.0723038 797.00 287.000
KADH/13 34.8064995 -96.6735001 1004.00 135.000
KADH/31 34.8004990 -96.6661987 979.00 315.000
KADH/18 34.8133010 -96.6719970 1016.00 180.000
KADH/36 34.7964741 -96.6719970 979.60 0.000
KADM/13 34.3112984 -97.0251007 762.00 135.000
KADM/31 34.2971001 -97.0083008 729.00 315.000
KADM/17 34.3087997 -97.0234985 753.00 180.400
KADM/35 34.2949982 -97.0235977 725.00 0.400
KADS/16 32.9752763 -96.8394059 633.82 160.000
KADS/34 32.9593010 -96.8323970 639.00 340.000
KADT/17 39.8482020 -101.0439990 2991.00 173.000
KADT/35 39.8345990 -101.0420000 2926.00 353.000
KADU/14 41.7050964 -94.9235447 1287.00 148.000
KADU/32 41.6972008 -94.9169006 1287.00 328.000
KADW/01L 38.7976990 -76.8705978 254.00 0.000
KADW/19R 38.8232994 -76.8706970 273.00 180.000
KADW/01R 38.7976990 -76.8636017 252.00 359.900
KADW/19L 38.8245010 -76.8637009 278.00 179.900
KAEG/04 35.1386986 -106.8089981 5837.00 46.200
KAEG/22 35.1528015 -106.7910004 5810.00 226.200
KAEG/17 35.1525993 -106.7890015 5806.00 179.900
KAEG/35 35.1361008 -106.7890015 5799.00 359.900
KAEJ/15 38.8250008 -106.1250000 7946.00 162.200
KAEJ/33 38.8032989 -106.1159973 7899.00 342.200
KAEL/05 43.6791000 -93.3713990 1253.00 47.000
KAEL/23 43.6845020 -93.3634030 1256.00 227.000
KAEL/17 43.6874010 -93.3688960 1259.00 168.000
KAEL/35 43.6753010 -93.3654020 1255.00 348.000
KAEX/14 31.3379002 -92.5591965 84.00 144.000
KAEX/32 31.3171005 -92.5416031 89.00 324.000
KAEX/18 31.3367000 -92.5442960 84.00 189.000
KAEX/36 31.3176990 -92.5477980 87.00 9.000
KAFF/09 38.9749980 -104.8249970 6528.00 95.000
KAFF/27 38.9744000 -104.8170010 6572.00 275.000
KAFF/16C 38.9777985 -104.8259964 6526.00 169.900
KAFF/34C 38.9655991 -104.8229980 6505.00 349.900
KAFF/16L 38.9782982 -104.8219986 6572.00 170.900
KAFF/34R 38.9688988 -104.8199997 6572.00 350.900
KAFF/16R 38.9780998 -104.8270035 6572.00 169.900
KAFF/34L 38.9658012 -104.8239975 6572.00 349.900
KAFJ/09 40.1358986 -80.2991028 1176.00 85.000
KAFJ/27 40.1371002 -80.2813034 1168.00 265.000
KAFK/05 40.6032982 -95.8714981 1162.00 47.700
KAFK/23 40.6080017 -95.8647003 1162.00 227.700
KAFK/15 40.6123009 -95.8695984 1156.00 151.500
KAFK/33 40.6015015 -95.8618012 1157.00 331.500
KAFN/16 42.8084984 -72.0064011 1040.00 148.100
KAFN/34 42.8029558 -72.0017518 1040.00 328.100
KAFO/16 42.7183991 -110.9420013 6188.00 180.000
KAFO/34 42.6991005 -110.9420013 6221.00 0.000
KAFP/16 35.0275002 -80.0811005 297.00 154.500
KAFP/34 35.0138016 -80.0731964 295.00 334.500
KAFW/16L 33.0015984 -97.3207016 723.00 170.200
KAFW/34R 32.9756012 -97.3153992 664.00 350.200
KAFW/16R 32.9977989 -97.3218994 721.00 170.300
KAFW/34L 32.9753990 -97.3173981 665.00 350.300
KAGC/10 40.3543015 -79.9411011 1250.00 89.900
KAGC/28 40.3543015 -79.9178009 1250.00 269.900
KAGC/13 40.3572998 -79.9343033 1245.00 120.000
KAGC/31 40.3521004 -79.9224014 1249.00 300.000
KAGO/18 33.2342990 -93.2166980 301.00 181.000
KAGO/36 33.2216990 -93.2172010 317.00 1.000
KAGR/05 27.6408997 -81.3515015 64.00 50.000
KAGR/23 27.6550007 -81.3324966 67.00 230.000
KAGS/08 33.3660011 -81.9692001 134.00 78.000
KAGS/26 33.3694000 -81.9499969 138.00 258.000
KAGS/17 33.3824005 -81.9708023 144.00 168.000
KAGS/35 33.3609009 -81.9654999 133.00 348.000
KAHC/09 40.2677000 -120.1650010 4007.00 99.000
KAHC/27 40.2645990 -120.1399990 4011.00 279.000
KAHH/18 45.2865982 -92.3756027 1078.00 178.000
KAHH/36 45.2756996 -92.3751984 1088.00 358.000
KAHN/02 33.9426994 -83.3248978 775.00 21.000
KAHN/20 33.9529991 -83.3201981 803.00 201.000
KAHN/09 33.9488983 -83.3382034 755.00 88.000
KAHN/27 33.9494019 -83.3199997 808.00 268.000
KAHQ/02 41.2366993 -96.5967036 1220.20 24.000
KAHQ/20 41.2464981 -96.5910034 1224.00 204.000
KAHQ/13 41.2428017 -96.5990982 1222.00 142.000
KAHQ/31 41.2355995 -96.5916977 1218.00 322.000
KAIA/08 42.0587006 -102.8199997 3929.00 89.300
KAIA/26 42.0588989 -102.7969971 3923.00 269.300
KAIA/12 42.0600014 -102.8190002 3928.00 134.300
KAIA/30 42.0424004 -102.7939987 3923.00 314.300
KAIA/17 42.0593987 -102.7949982 3923.00 179.300
KAIA/35 42.0420990 -102.7949982 3923.00 359.300
KAIB/05 38.2355003 -108.5709991 5936.00 58.500
KAIB/23 38.2420998 -108.5569992 5936.00 238.500
KAIB/11 38.2417984 -108.5680008 5897.00 123.900
KAIB/29 38.2355995 -108.5569992 5925.00 303.900
KAID/12 40.1119003 -85.6229019 880.00 115.000
KAID/30 40.1058034 -85.6057851 918.36 295.000
KAID/18 40.1121739 -85.6110974 911.65 179.900
KAID/36 40.1035995 -85.6110992 908.00 359.900
KAIG/09 45.1534000 -89.1200030 1516.00 83.000
KAIG/27 45.1545980 -89.1070020 1523.00 263.000
KAIG/17 45.1595990 -89.1104970 1520.00 164.000
KAIG/35 45.1491010 -89.1061020 1518.00 344.000
KAIK/01 33.6435013 -81.6809006 528.00 0.000
KAIK/19 33.6539993 -81.6808014 493.00 180.000
KAIK/07 33.6460991 -81.6958008 515.00 60.000
KAIK/25 33.6535988 -81.6800995 494.00 240.000
KAIO/02 41.3951988 -95.0541000 1146.00 22.000
KAIO/20 41.4079018 -95.0473022 1149.00 202.000
KAIO/12 41.4097228 -95.0501823 1157.81 123.000
KAIO/30 41.4052010 -95.0409012 1144.00 303.000
KAIT/08 46.5452004 -93.6875992 1205.00 88.000
KAIT/26 46.5455017 -93.6741028 1205.00 268.000
KAIT/16 46.5559998 -93.6764984 1205.00 164.000
KAIT/34 46.5453987 -93.6722031 1205.00 344.000
KAIV/06 33.1034564 -88.2043248 142.32 62.000
KAIV/24 33.1096992 -88.1906967 150.00 242.000
KAIZ/04 38.0889020 -92.5562970 863.00 37.000
KAIZ/22 38.1031000 -92.5427020 869.00 217.000
KAJG/04 38.6020012 -87.7298965 428.00 40.600
KAJG/22 38.6104012 -87.7208023 428.00 220.600
KAJG/13 38.6109009 -87.7339020 427.00 130.900
KAJG/31 38.6027985 -87.7220001 429.00 310.900
KAJO/07 33.8978903 -117.6073611 517.91 91.000
KAJO/25 33.8977013 -117.5970001 532.00 271.000
KAJR/06 34.4978751 -83.5605224 1417.85 57.000
KAJR/24 34.5040016 -83.5490036 1447.00 237.000
KAJZ/03 38.7807007 -108.0699997 5111.00 41.700
KAJZ/21 38.7920990 -108.0569992 5193.00 221.700
KAKH/03 35.1981010 -81.1529007 797.00 28.300
KAKH/21 35.2070036 -81.1470252 783.30 208.300
KAKO/11 40.1803017 -103.2330017 4714.00 119.300
KAKO/29 40.1708984 -103.2109985 4668.00 299.300
KAKQ/03 36.9822802 -77.0030050 109.27 17.000
KAKQ/21 36.9916690 -76.9994726 112.57 197.000
KAKR/07 41.0337733 -81.4766145 1059.65 62.000
KAKR/25 41.0415001 -81.4576034 1054.00 242.000
KALB/01 42.7372020 -73.8042980 285.00 358.000
KALB/19 42.7569010 -73.8050990 279.00 178.000
KALB/10 42.7491989 -73.8121033 277.00 88.000
KALB/28 42.7496867 -73.7897816 277.83 268.000
KALI/13 27.7453003 -98.0338974 178.00 134.000
KALI/31 27.7338009 -98.0206985 166.00 314.000
KALI/17 27.7451000 -98.0268021 173.00 179.000
KALI/35 27.7327995 -98.0267029 171.00 359.000
KALM/04 32.8331990 -105.9990010 4144.00 46.000
KALM/22 32.8466990 -105.9820020 4200.00 226.000
KALN/11 38.8951988 -90.0550003 538.00 113.300
KALN/29 38.8863983 -90.0288010 527.00 293.300
KALN/17 38.8984985 -90.0524979 533.00 173.300
KALN/35 38.8806992 -90.0498962 544.00 353.300
KALO/12 42.5660019 -92.4120026 873.00 128.000
KALO/30 42.5518990 -92.3872986 867.00 308.000
KALO/18 42.5658989 -92.4014969 870.00 187.800
KALO/36 42.5495987 -92.4045029 867.00 7.800
KALS/02 37.4252014 -105.8759995 7539.00 31.500
KALS/20 37.4450989 -105.8600006 7539.00 211.500
KALW/02 46.0853004 -118.2919998 1149.00 36.000
KALW/20 46.0998001 -118.2770004 1191.00 216.000
KALX/18 32.9205035 -85.9632321 667.81 178.000
KALX/36 32.9072990 -85.9626007 612.00 358.000
KAMA/04 35.2051010 -101.7330017 3607.00 46.000
KAMA/22 35.2308998 -101.6999969 3603.00 226.000
KAMA/13 35.2296982 -101.6969986 3602.00 137.500
KAMA/31 35.2136993 -101.6790009 3593.00 317.500
KAMG/15 31.5421009 -82.5104980 200.00 150.900
KAMG/33 31.5300999 -82.5026016 190.00 330.900
KAMN/09 43.3230019 -84.6959992 749.00 90.200
KAMN/27 43.3230019 -84.6772003 752.00 270.200
KAMN/18 43.3251991 -84.6900024 752.00 180.300
KAMN/36 43.3163986 -84.6900024 753.00 0.300
KAMT/05 38.8478012 -83.5709000 883.00 45.100
KAMT/23 38.8550987 -83.5615997 896.00 225.100
KAMW/01 41.9827004 -93.6248016 955.00 16.600
KAMW/19 41.9976997 -93.6187973 919.00 196.600
KAMW/13 41.9985008 -93.6264038 925.00 136.200
KAMW/31 41.9916000 -93.6175003 920.00 316.200
KANB/05 33.5817986 -85.8666992 595.00 48.000
KANB/23 33.5945015 -85.8495026 612.00 228.000
KAND/05 34.4886017 -82.7158966 751.00 45.900
KAND/23 34.5000992 -82.7015991 747.00 225.900
KAND/17 34.5014992 -82.7120972 782.00 165.900
KAND/35 34.4882011 -82.7080994 737.00 345.900
KANE/09 45.1447980 -93.2201000 905.00 92.000
KANE/27 45.1446990 -93.2045970 910.00 272.000
KANE/18 45.1516991 -93.2098999 912.00 182.000
KANE/36 45.1384010 -93.2100983 909.00 2.000
KANJ/14 46.4840468 -84.3751049 716.00 136.000
KANJ/32 46.4740982 -84.3611984 716.00 316.000
KANK/06 38.5349007 -106.0609970 7523.00 70.600
KANK/24 38.5415993 -106.0370026 7385.00 250.600
KANP/12 38.9435087 -76.5710014 32.38 107.500
KANP/30 38.9417992 -76.5642014 34.00 287.500
KANQ/05 41.6365114 -85.0880519 985.31 47.000
KANQ/23 41.6439018 -85.0774002 995.00 227.000
KANW/13 42.5875015 -99.9959030 2587.00 134.000
KANW/31 42.5769997 -99.9813004 2583.00 314.000
KANW/17 42.5861015 -99.9966965 2587.00 179.300
KANW/35 42.5674019 -99.9963989 2589.00 359.300
KANY/10 37.1589012 -98.0842972 1329.00 104.000
KANY/28 37.1573982 -98.0768967 1336.00 284.000
KANY/17 37.1637001 -98.0790024 1340.00 180.000
KANY/35 37.1538010 -98.0791016 1334.00 0.000
KAOC/24 43.6066020 -113.3229980 5323.00 250.000
KAOH/10 40.7069020 -84.0353970 951.55 90.000
KAOH/28 40.7069020 -84.0174030 975.00 270.000
KAOO/03 40.2887001 -78.3230972 1504.00 16.000
KAOO/21 40.3031006 -78.3177032 1470.00 196.000
KAOO/12 40.2985992 -78.3255997 1473.00 108.400
KAOO/30 40.2953987 -78.3132019 1482.00 288.400
KAOV/13 36.9756012 -92.6862030 1277.00 137.000
KAOV/31 36.9682007 -92.6776962 1311.00 317.000
KAPA/10 39.5728989 -104.8479996 5822.00 110.900
KAPA/28 39.5681992 -104.8320007 5791.00 290.900
KAPA/17L 39.5840988 -104.8509979 5790.00 178.000
KAPA/35R 39.5567017 -104.8499985 5883.00 358.000
KAPA/17R 39.5789986 -104.8539963 5800.00 178.000
KAPA/35L 39.5597992 -104.8529968 5866.00 358.000
KAPC/01L 38.2079940 -122.2852870 17.00 6.000
KAPC/19R 38.2232110 -122.2779830 30.00 186.000
KAPC/01R 38.2120600 -122.2814280 21.00 6.000
KAPC/19L 38.2185180 -122.2782890 21.00 186.000
KAPC/24 38.2108680 -122.2715430 35.00 257.000
KAPF/05 26.1477718 -81.7807878 7.04 44.000
KAPF/23 26.1576000 -81.7701030 8.00 224.000
KAPF/14 26.1573529 -81.7800107 7.03 134.000
KAPF/32 26.1480007 -81.7693024 8.00 314.000
KAPG/04 39.4557991 -76.1750031 35.00 28.400
KAPG/22 39.4751015 -76.1614990 46.00 208.400
KAPH/05 38.0667000 -77.3216019 216.00 42.500
KAPH/23 38.0710983 -77.3163986 211.00 222.500
KAPN/01 45.0648994 -83.5614014 683.00 359.800
KAPN/19 45.0895996 -83.5615005 683.00 179.800
KAPN/07 45.0760002 -83.5667038 689.00 59.800
KAPN/25 45.0830002 -83.5498962 679.00 239.800
KAPT/04 35.0569000 -85.5888977 641.00 38.000
KAPT/22 35.0644989 -85.5817032 641.00 218.000
KAPV/08 34.5695992 -117.1940002 2958.00 90.000
KAPV/26 34.5695992 -117.1800003 2976.00 270.000
KAPV/18 34.5875015 -117.1829987 3062.00 196.000
KAPV/36 34.5719733 -117.1884552 2982.08 16.000
KAPY/12 26.9730050 -99.2545327 420.71 129.400
KAPY/30 26.9645959 -99.2432648 408.29 309.400
KAQO/13 30.7887993 -98.6613998 1102.00 137.500
KAQO/31 30.7821999 -98.6545029 1090.00 317.500
KAQO/17 30.7894993 -98.6621017 1102.00 179.200
KAQO/35 30.7779999 -98.6619034 1102.00 359.200
KAQP/04 45.2252998 -96.0089035 1019.00 44.000
KAQP/22 45.2305985 -96.0016022 1021.00 224.000
KAQP/13 45.2282877 -96.0058379 1020.00 136.000
KAQP/31 45.2234001 -95.9990005 1020.00 316.000
KAQW/11 42.6967252 -73.1736519 652.18 109.400
KAQW/29 42.6946294 -73.1656179 650.56 289.400
KAQX/17 33.0017013 -81.2726974 161.00 162.100
KAQX/35 32.9886017 -81.2677002 155.00 342.100
KARA/16 30.0485001 -91.8865967 24.00 167.500
KARA/34 30.0270004 -91.8812027 19.00 347.500
KARB/06 42.2201996 -83.7500992 831.00 55.000
KARB/24 42.2257996 -83.7396011 826.00 235.000
KARG/04 36.1159276 -90.9308213 273.00 45.000
KARG/22 36.1251984 -90.9192963 273.00 225.000
KARG/13 36.1346016 -90.9312973 272.00 135.200
KARG/31 36.1249008 -90.9192963 273.00 315.200
KARG/18 36.1327019 -90.9233017 273.00 180.000
KARG/36 36.1189995 -90.9233017 272.00 0.000
KARM/14 29.2602997 -96.1582031 100.00 150.800
KARM/32 29.2483006 -96.1505966 97.00 330.800
KARR/09 41.7701988 -88.4853973 706.00 89.000
KARR/27 41.7704010 -88.4615021 706.00 269.000
KARR/15 41.7799988 -88.4861984 712.00 146.700
KARR/33 41.7673988 -88.4750977 699.00 326.700
KARR/18 41.7765999 -88.4716034 700.00 180.000
KARR/36 41.7677994 -88.4716034 700.00 0.000
KART/07 43.9878006 -76.0298996 310.00 53.400
KART/25 43.9959984 -76.0147018 324.00 233.400
KART/10 43.9922981 -76.0307007 309.00 93.000
KART/28 43.9916000 -76.0117035 325.00 273.000
KARV/10 45.9249001 -89.7351990 1622.00 101.000
KARV/28 45.9230995 -89.7212982 1622.00 281.000
KARV/18 45.9376984 -89.7330017 1630.00 179.000
KARV/36 45.9235992 -89.7326965 1624.00 359.000
KARW/07 32.4098015 -80.6391983 9.00 60.400
KARW/25 32.4145012 -80.6295013 7.00 240.400
KASD/18 30.3505990 -89.8208010 28.00 180.000
KASD/36 30.3395000 -89.8207020 27.00 0.000
KASE/15 39.2322000 -106.8732000 7680.00 160.000
KASE/33 39.2141758 -106.8645100 7802.51 340.000
KASG/18 36.1826138 -94.1182533 1339.96 187.000
KASG/36 36.1692009 -94.1203995 1353.00 7.000
KASH/14 42.7858009 -71.5233994 199.00 123.000
KASH/32 42.7776985 -71.5061035 187.00 303.000
KASJ/01 36.2913017 -77.1708984 68.00 1.200
KASJ/19 36.3036995 -77.1706009 68.00 181.200
KASL/02 32.5177000 -94.3097990 338.00 22.000
KASL/20 32.5261000 -94.3058010 341.00 202.000
KASL/15 32.5259018 -94.3109970 356.00 156.700
KASL/33 32.5133018 -94.3046036 320.00 336.700
KASN/04 33.5632020 -86.0566020 519.00 35.000
KASN/22 33.5765990 -86.0451970 528.00 215.000
KAST/08 46.1597296 -123.8888127 12.95 95.000
KAST/26 46.1582985 -123.8669968 12.00 275.000
KAST/14 46.1620884 -123.8824322 12.22 154.000
KAST/32 46.1506000 -123.8750000 15.00 334.000
KASW/09 41.2723999 -85.8461990 839.00 88.800
KASW/27 41.2727013 -85.8244019 847.00 268.800
KASW/18 41.2834015 -85.8472977 840.00 179.000
KASW/36 41.2723999 -85.8470993 837.00 359.000
KASX/02 46.5405998 -90.9246979 818.00 20.700
KASX/20 46.5539017 -90.9172974 822.00 200.700
KASX/13 46.5536003 -90.9213028 823.00 130.600
KASX/31 46.5474014 -90.9106979 809.00 310.600
KASY/15 46.0284000 -99.3570020 2015.00 151.000
KASY/33 46.0181010 -99.3487010 2030.00 331.000
KATA/05 33.0996017 -94.1996994 280.00 52.100
KATA/23 33.1059990 -94.1899033 268.00 232.100
KATA/15 33.1049000 -94.1969990 270.00 156.000
KATA/33 33.0987010 -94.1937030 262.00 336.000
KATL/08L 33.6495018 -84.4390030 1015.00 90.000
KATL/26R 33.6495018 -84.4095001 990.00 270.000
KATL/08R 33.6468010 -84.4384003 1024.00 90.000
KATL/26L 33.6468010 -84.4055023 995.00 270.000
KATL/09L 33.6347008 -84.4479980 1019.00 90.000
KATL/27R 33.6347008 -84.4088974 978.00 270.000
KATL/09R 33.6318016 -84.4479980 1026.00 90.000
KATL/27L 33.6318016 -84.4184036 985.00 270.000
KATL/10 33.6203003 -84.4478989 1000.00 90.000
KATL/28 33.6203003 -84.4182968 998.00 270.000
KATS/04 32.8460010 -104.4749980 3541.00 45.000
KATS/22 32.8582990 -104.4609990 3520.00 225.000
KATS/13 32.8582000 -104.4739990 3534.00 135.000
KATS/31 32.8476980 -104.4609990 3508.00 315.000
KATW/03 44.2489014 -88.5261993 888.00 26.000
KATW/21 44.2686005 -88.5127029 878.00 206.000
KATW/12 44.2612000 -88.5297010 918.00 116.000
KATW/30 44.2533000 -88.5074010 858.00 296.000
KATY/12 44.9221992 -97.1692963 1747.00 124.600
KATY/30 44.9114990 -97.1473999 1732.00 304.600
KATY/17 44.9206009 -97.1510010 1739.00 180.300
KATY/35 44.9016991 -97.1511993 1742.00 0.300
KAUG/08 44.3172989 -69.7981033 351.00 62.000
KAUG/26 44.3207016 -69.7890015 352.00 242.000
KAUG/17 44.3277016 -69.8037033 311.00 153.200
KAUG/35 44.3153992 -69.7949982 347.00 333.200
KAUH/16 40.8998985 -97.9961014 1803.00 168.800
KAUH/34 40.8883018 -97.9929962 1796.00 348.800
KAUM/17 43.6705017 -92.9344025 1231.00 172.000
KAUM/35 43.6548004 -92.9313965 1231.00 352.000
KAUN/07 38.9543572 -121.0872963 1492.49 84.000
KAUN/25 38.9552994 -121.0749969 1536.00 264.000
KAUO/11 32.6195984 -85.4373016 775.00 107.000
KAUO/29 32.6165367 -85.4258206 764.82 287.000
KAUO/18 32.6202011 -85.4359970 776.00 181.000
KAUO/36 32.6057014 -85.4363022 731.00 1.000
KAUS/18L 30.2038000 -97.6578980 492.00 179.000
KAUS/36R 30.1791000 -97.6572040 474.00 359.000
KAUS/18R 30.2136000 -97.6793980 542.00 179.000
KAUS/36L 30.1798990 -97.6784970 488.00 359.000
KAUW/04 44.9226990 -89.6246033 1190.00 42.800
KAUW/22 44.9287987 -89.6163025 1201.00 222.800
KAUW/12 44.9301987 -89.6383972 1201.00 124.900
KAUW/30 44.9224014 -89.6227036 1190.00 304.900
KAVC/01 36.6814003 -78.0541000 378.00 358.000
KAVC/19 36.6950989 -78.0548019 442.00 178.000
KAVK/09 36.7694020 -98.6750030 1470.00 90.000
KAVK/18 36.7807010 -98.6689990 1473.00 180.000
KAVK/36 36.7694975 -98.6690980 1468.14 0.000
KAVL/17 35.4464989 -82.5464020 2165.00 160.000
KAVL/35 35.4258995 -82.5372009 2111.00 340.000
KAVO/05 27.5844990 -81.5351030 156.00 45.000
KAVO/23 27.5929617 -81.5254870 153.56 225.000
KAVO/10 27.5935990 -81.5345000 154.00 90.000
KAVO/28 27.5935000 -81.5242435 153.13 270.000
KAVP/04 41.3287010 -75.7314987 962.00 33.000
KAVP/22 41.3460007 -75.7167969 912.00 213.000
KAVP/10 41.3405991 -75.7298965 922.00 92.000
KAVP/28 41.3403015 -75.7142029 935.00 272.000
KAVQ/03 32.4043495 -111.2218556 2019.76 45.500
KAVQ/21 32.4109001 -111.2139969 2025.00 225.500
KAVQ/12 32.4177017 -111.2259979 2011.00 135.500
KAVQ/30 32.4040985 -111.2109985 2031.00 315.500
KAVX/04 33.4025943 -118.4196794 1602.00 54.000
KAVX/22 33.4072990 -118.4120026 1602.00 234.000
KAWG/13 41.2793999 -91.6778030 752.00 135.000
KAWG/31 41.2728996 -91.6690979 753.00 315.000
KAWG/18 41.2795982 -91.6763000 751.00 183.000
KAWG/36 41.2686005 -91.6771011 751.00 3.000
KAWM/17 35.1432991 -90.2343979 212.00 180.500
KAWM/35 35.1268005 -90.2344971 212.00 0.500
KAWO/11 48.1617012 -122.1689987 129.00 127.000
KAWO/29 48.1558991 -122.1569977 124.00 307.000
KAWO/16 48.1693001 -122.1569977 137.00 179.000
KAWO/34 48.1547012 -122.1559982 123.00 359.000
KAXA/12 43.0815010 -94.2783966 1215.00 131.600
KAXA/30 43.0742989 -94.2673035 1204.00 311.600
KAXH/09 29.5065994 -95.4848023 68.00 94.200
KAXH/27 29.5056000 -95.4691009 66.00 274.200
KAXN/04 45.8625984 -95.3996963 1425.00 49.200
KAXN/22 45.8698998 -95.3874969 1418.00 229.200
KAXN/13 45.8716011 -95.4020996 1412.00 139.300
KAXN/31 45.8610001 -95.3889999 1422.00 319.300
KAXQ/06 41.2218018 -79.4462967 1441.00 44.600
KAXQ/24 41.2298012 -79.4357986 1457.00 224.600
KAXS/17 34.7062988 -99.3380966 1433.00 180.000
KAXS/35 34.6912003 -99.3380966 1409.00 0.000
KAXV/08 40.4922431 -84.3052467 908.87 76.600
KAXV/26 40.4949989 -84.2901993 908.00 256.600
KAXX/17 36.4342003 -105.2890015 8322.00 181.800
KAXX/35 36.4098015 -105.2900009 8380.00 1.800
KAYS/01 31.2390000 -82.3981020 134.00 359.000
KAYS/19 31.2554000 -82.3983990 141.00 179.000
KAYS/05 31.2432003 -82.3998032 141.00 42.300
KAYS/23 31.2535000 -82.3889008 137.00 222.300
KAYS/13 31.2526505 -82.3951423 137.70 128.300
KAYS/31 31.2474995 -82.3876038 142.00 308.300
KAYX/03 35.3853989 -86.0908966 1065.00 30.000
KAYX/21 35.3997002 -86.0808029 1065.00 210.000
KAZC/02 36.9536018 -113.0169983 4874.00 28.000
KAZC/20 36.9659996 -113.0090027 4874.00 208.000
KAZC/11 36.9646988 -113.0240021 4874.00 122.500
KAZC/29 36.9553986 -113.0059967 4874.00 302.500
KAZE/14 31.8894997 -82.6520004 229.00 141.000
KAZE/32 31.8799000 -82.6427994 250.00 321.000
KAZO/05 42.2347984 -85.5580978 874.00 45.000
KAZO/23 42.2415009 -85.5491028 851.00 225.000
KAZO/09 42.2338982 -85.5580978 874.00 90.100
KAZO/27 42.2338982 -85.5477982 862.00 270.100
KAZO/17 42.2425003 -85.5520020 859.00 171.100
KAZO/35 42.2248001 -85.5483017 868.00 351.100
KB16/10L 43.0805653 -76.5444854 398.00 86.900
KB16/28R 43.0809494 -76.5338128 398.00 266.900
KB16/10R 43.0794983 -76.5423965 397.00 88.000
KB16/28L 43.0797997 -76.5318985 400.00 268.000
KB19/06 43.4618988 -70.4772034 147.00 55.900
KB19/24 43.4664993 -70.4677963 155.00 235.900
KBAB/15 39.1516991 -121.4430008 113.00 161.300
KBAB/33 39.1204987 -121.4300003 105.00 341.300
KBAD/15 32.5161018 -93.6717987 164.00 151.400
KBAD/33 32.4878006 -93.6535034 162.00 331.400
KBAF/02 42.1453018 -72.7188034 261.00 10.100
KBAF/20 42.1696014 -72.7128983 267.00 190.100
KBAF/15 42.1635017 -72.7210999 262.00 140.300
KBAF/33 42.1529007 -72.7092972 247.00 320.300
KBAK/05 39.2551994 -85.9048996 650.00 45.000
KBAK/23 39.2677002 -85.8889008 656.00 225.000
KBAK/14 39.2673988 -85.9019012 654.00 135.000
KBAK/32 39.2577019 -85.8893967 651.00 315.000
KBAM/04 40.5938000 -116.8850020 4531.00 49.000
KBAM/22 40.6069980 -116.8649980 4526.00 229.000
KBAM/13 40.6053010 -116.8820040 4532.00 139.000
KBAM/31 40.5900990 -116.8649980 4531.00 319.000
KBAX/04 43.7793222 -82.9885559 756.77 28.400
KBAX/22 43.7871017 -82.9828033 765.00 208.400
KBAX/17 43.7849998 -82.9876022 763.00 164.800
KBAX/35 43.7718010 -82.9825974 754.00 344.800
KBAZ/13 29.7120991 -98.0466003 649.00 135.700
KBAZ/31 29.7015991 -98.0347977 642.00 315.700
KBAZ/17 29.7080960 -98.0436217 647.71 180.700
KBAZ/35 29.6947994 -98.0438004 645.00 0.700
KBBB/14 45.3362999 -95.6551971 1038.00 144.000
KBBB/32 45.3274994 -95.6458969 1038.00 324.000
KBBD/17 31.1837028 -99.3246035 1822.57 180.100
KBBD/35 31.1725998 -99.3246994 1792.00 0.100
KBBG/14 36.5401001 -93.2074966 1255.00 145.000
KBBG/32 36.5239983 -93.1936035 1302.00 325.000
KBBP/07 34.6180000 -79.7413020 138.00 57.000
KBBP/25 34.6255000 -79.7274020 144.00 237.000
KBBW/14 41.4413986 -99.6462021 2547.00 149.000
KBBW/32 41.4314995 -99.6381989 2523.00 329.000
KBCB/13 37.2104990 -80.4148030 2113.00 117.000
KBCB/31 37.2048000 -80.4009020 2132.00 297.000
KBCE/03 37.6994019 -112.1549988 7586.00 46.500
KBCE/21 37.7134018 -112.1360016 7586.00 226.500
KBCK/08 44.2496986 -90.8638992 823.00 80.000
KBCK/26 44.2518005 -90.8466034 836.00 260.000
KBCT/05 26.3736716 -80.1129235 13.00 44.000
KBCT/23 26.3839554 -80.1018014 13.00 224.000
KBDE/12 48.7322998 -94.6220017 1085.00 121.000
KBDE/30 48.7246017 -94.6024017 1083.00 301.000
KBDG/17 37.5913010 -109.4830017 5868.00 180.000
KBDG/35 37.5754013 -109.4830017 5775.00 0.000
KBDH/03 45.1124001 -95.1271973 1125.00 35.000
KBDH/21 45.1190987 -95.1204987 1123.00 215.000
KBDH/13 45.1225014 -95.1405029 1123.00 130.000
KBDH/31 45.1128998 -95.1240997 1126.00 310.000
KBDL/06 41.9319990 -72.6966020 173.00 44.000
KBDL/24 41.9506990 -72.6720960 161.00 224.000
KBDL/15 41.9424019 -72.6932983 169.00 135.000
KBDL/33 41.9292984 -72.6753006 168.00 315.000
KBDN/17 44.1017000 -121.1999970 3403.00 180.000
KBDQ/09 35.1334000 -92.7201004 321.00 90.000
KBDQ/27 35.1334000 -92.7069015 310.00 270.000
KBDR/06 41.1570015 -73.1320038 6.00 45.000
KBDR/24 41.1660995 -73.1199036 6.00 225.000
KBDR/11 41.1661987 -73.1350021 9.00 98.000
KBDR/29 41.1645012 -73.1177979 6.00 278.000
KBEA/12 28.3659992 -97.7964020 268.00 131.000
KBEA/30 28.3577995 -97.7856979 244.00 311.000
KBEA/18 28.3721008 -97.7929001 270.00 189.100
KBEA/36 28.3652992 -97.7941971 261.00 9.100
KBEC/01 37.6837010 -97.2174990 1371.00 11.000
KBEC/19 37.7052990 -97.2125020 1409.00 191.000
KBED/05 42.4634018 -71.2968979 128.00 37.000
KBED/23 42.4746017 -71.2854004 128.00 217.000
KBED/11 42.4718018 -71.3003998 133.00 97.800
KBED/29 42.4693985 -71.2745972 124.00 277.800
KBEH/10 42.1278990 -86.4367980 627.00 90.000
KBEH/28 42.1278000 -86.4201094 636.05 270.000
KBEH/14 42.1327020 -86.4338000 626.00 132.000
KBEH/32 42.1259990 -86.4236980 630.00 312.000
KBFA/17 45.1719901 -84.9256867 719.00 169.300
KBFA/35 45.1587982 -84.9222031 719.00 349.300
KBFD/05 41.7980003 -78.6449966 2128.00 43.900
KBFD/23 41.8069000 -78.6334992 2143.00 223.900
KBFD/14 41.8092995 -78.6488037 2109.00 133.900
KBFD/32 41.7972984 -78.6321030 2100.00 313.900
KBFE/02 33.1657982 -102.1969986 3253.00 26.000
KBFE/20 33.1786995 -102.1890030 3264.00 206.000
KBFE/13 33.1776009 -102.1959991 3262.00 135.000
KBFE/31 33.1721992 -102.1890030 3250.00 315.000
KBFF/05 41.8698006 -103.6110001 3949.00 68.000
KBFF/23 41.8779983 -103.5830002 3967.00 248.000
KBFF/12 41.8823013 -103.6050034 3962.00 136.000
KBFF/30 41.8661003 -103.5839996 3944.00 316.000
KBFI/14L 47.5375000 -122.3068275 21.00 140.000
KBFI/32R 47.5299874 -122.3009986 21.00 320.000
KBFI/14R 47.5405490 -122.3113720 17.00 140.000
KBFI/32L 47.5186075 -122.2935662 20.65 320.000
KBFK/17 36.8692017 -99.6185989 1822.00 180.000
KBFK/35 36.8581009 -99.6185989 1822.00 0.000
KBFL/12L 35.4463005 -119.0709991 507.00 135.400
KBFL/30R 35.4250984 -119.0459976 482.00 315.500
KBFL/12R 35.4309006 -119.0559998 472.00 135.500
KBFL/30L 35.4236984 -119.0469971 461.00 315.500
KBFM/14 30.6331005 -88.0799026 26.00 139.000
KBFM/32 30.6131992 -88.0597992 19.00 319.000
KBFM/18 30.6420002 -88.0659027 26.00 180.000
KBFM/36 30.6205997 -88.0659027 25.00 0.000
KBFR/06 38.8353996 -86.4480972 714.00 57.500
KBFR/24 38.8399010 -86.4390030 723.00 237.500
KBFR/13 38.8456001 -86.4526978 713.00 129.300
KBFR/31 38.8377991 -86.4404984 724.00 309.300
KBGD/03 35.6959991 -101.3980026 3035.00 39.900
KBGD/21 35.7042007 -101.3899994 3017.00 219.900
KBGD/17 35.7099991 -101.3939972 2998.00 178.400
KBGD/35 35.6926994 -101.3929977 3055.00 358.400
KBGE/09 30.9727993 -84.6433029 142.00 90.000
KBGE/27 30.9729004 -84.6257019 128.00 270.000
KBGE/14 30.9754009 -84.6448975 135.00 139.000
KBGE/32 30.9650993 -84.6343002 134.00 319.000
KBGF/18 35.1843987 -86.0659027 971.00 181.700
KBGF/36 35.1707001 -86.0663986 975.00 1.700
KBGM/10 42.2051010 -75.9888992 1591.00 87.000
KBGM/28 42.2058983 -75.9704971 1572.00 267.000
KBGM/16 42.2182680 -75.9860146 1630.43 148.000
KBGM/34 42.2027016 -75.9730988 1569.00 328.000
KBGR/15 44.8184013 -68.8439026 192.00 134.000
KBGR/33 44.7965012 -68.8123016 163.00 314.000
KBHB/04 44.4439011 -68.3673019 69.00 24.500
KBHB/22 44.4567986 -68.3590012 69.00 204.500
KBHB/17 44.4510649 -68.3612217 72.68 150.800
KBHB/35 44.4446983 -68.3562012 44.00 330.800
KBHC/08 31.7119999 -82.4016037 201.00 75.000
KBHC/26 31.7155991 -82.3860016 202.00 255.000
KBHK/13 46.3526001 -104.2659988 2959.00 138.000
KBHK/31 46.3427010 -104.2529984 2972.00 318.000
KBHM/06 33.5547980 -86.7715990 603.00 55.000
KBHM/24 33.5685054 -86.7477463 619.19 235.000
KBHM/18 33.5732000 -86.7472000 644.00 180.000
KBHM/36 33.5536990 -86.7472000 633.00 0.000
KBID/10 41.1677017 -71.5823975 108.00 84.000
KBID/28 41.1684990 -71.5733032 101.00 264.000
KBIE/14 40.3050000 -96.7594990 1319.00 143.000
KBIE/32 40.2953990 -96.7500990 1311.00 323.000
KBIE/18 40.3097990 -96.7536010 1324.00 180.000
KBIE/36 40.2943990 -96.7535020 1304.00 0.000
KBIF/04 31.8361000 -106.3949970 3910.00 44.000
KBIF/22 31.8630010 -106.3649980 3946.00 224.000
KBIH/08 37.3736000 -118.3740010 4124.00 90.000
KBIH/26 37.3735010 -118.3550030 4100.00 270.000
KBIH/12 37.3801003 -118.3730011 4123.00 135.500
KBIH/30 37.3655014 -118.3550034 4100.00 315.500
KBIH/17 37.3806990 -118.3620000 4113.00 181.000
KBIH/35 37.3653980 -118.3620000 4105.00 1.000
KBIJ/05 31.3925991 -84.9014969 214.00 50.000
KBIJ/23 31.4023991 -84.8880997 205.00 230.000
KBIL/07 45.8077011 -108.5579987 3636.00 84.000
KBIL/25 45.8092995 -108.5370026 3534.00 264.000
KBIL/10L 45.8126984 -108.5550003 3584.00 112.000
KBIL/28R 45.8021011 -108.5169983 3488.00 292.000
KBIL/10R 45.8092003 -108.5630035 3652.00 112.000
KBIL/28L 45.8053017 -108.5490036 3607.00 292.000
KBIS/03 46.7625999 -100.7480011 1661.00 39.000
KBIS/21 46.7766991 -100.7320023 1661.00 219.000
KBIS/13 46.7840004 -100.7620010 1653.00 138.000
KBIS/31 46.7662010 -100.7379990 1645.00 318.000
KBIV/08 42.7421743 -86.1120340 694.93 80.000
KBIV/26 42.7444000 -86.0959015 688.00 260.000
KBIX/04 30.4054894 -88.9284811 21.74 35.000
KBIX/22 30.4167556 -88.9192202 17.79 215.000
KBJC/03 39.9058991 -105.1179962 5613.00 34.300
KBJC/21 39.9140015 -105.1110001 5597.00 214.300
KBJC/12L 39.9152985 -105.1279984 5657.00 124.300
KBJC/30R 39.9014015 -105.1019974 5562.00 304.300
KBJC/12R 39.9141998 -105.1320038 5670.00 124.300
KBJC/30L 39.9034004 -105.1110001 5592.00 304.300
KBJI/07 47.5074296 -94.9423683 1382.63 74.000
KBJI/25 47.5111999 -94.9228973 1380.00 254.000
KBJI/13 47.5159988 -94.9430008 1390.00 134.000
KBJI/31 47.5033989 -94.9237976 1381.00 314.000
KBJJ/10 40.8748016 -81.8975983 1112.00 90.000
KBJJ/28 40.8748016 -81.8788986 1134.00 270.000
KBKD/04 32.7167015 -98.8945999 1263.00 44.700
KBKD/22 32.7214012 -98.8890991 1254.00 224.700
KBKD/13 32.7206001 -98.8955002 1247.00 134.600
KBKD/31 32.7159996 -98.8899002 1273.00 314.600
KBKD/17 32.7246017 -98.8909988 1284.00 179.600
KBKD/35 32.7108993 -98.8908997 1283.00 359.600
KBKE/08 44.8369550 -117.8144653 3369.96 97.000
KBKE/26 44.8357010 -117.7990036 3369.00 277.000
KBKE/13 44.8423004 -117.8130035 3366.00 142.000
KBKE/31 44.8312988 -117.8010025 3373.00 322.000
KBKE/17 44.8447990 -117.8130035 3366.00 181.000
KBKE/35 44.8339836 -117.8129769 3371.46 1.000
KBKF/14 39.7150002 -104.7610016 5589.00 151.100
KBKF/32 39.6884995 -104.7429962 5662.00 331.100
KBKL/06L 41.5142859 -81.6918803 581.00 58.000
KBKL/24R 41.5229000 -81.6735000 581.00 238.000
KBKL/06R 41.5130880 -81.6908758 581.00 57.900
KBKL/24L 41.5203018 -81.6755981 581.00 237.900
KBKN/17 36.7499008 -97.3496018 1026.00 179.900
KBKN/35 36.7402992 -97.3496018 1006.00 359.900
KBKS/14 27.2089996 -98.1252975 109.00 149.500
KBKS/32 27.2017002 -98.1204987 112.00 329.500
KBKS/17 27.2145996 -98.1201019 112.00 179.900
KBKS/35 27.2008991 -98.1201019 112.00 359.900
KBKT/04 37.0686989 -77.9570007 429.00 34.500
KBKT/22 37.0792007 -77.9479980 438.00 214.500
KBKV/03 28.4640999 -82.4529038 68.00 26.000
KBKV/21 28.4764996 -82.4459992 69.00 206.000
KBKV/09 28.4759007 -82.4705963 71.00 90.000
KBKV/27 28.4759998 -82.4487991 70.00 270.000
KBKW/01 37.7821007 -81.1258011 2495.00 7.500
KBKW/19 37.8003998 -81.1227036 2449.00 187.500
KBKW/10 37.7821007 -81.1325989 2486.00 94.000
KBKW/28 37.7811012 -81.1155014 2501.00 274.000
KBKX/12 44.3097000 -96.8217011 1607.00 129.000
KBKX/30 44.3007011 -96.8061981 1629.00 309.000
KBKX/17 44.3092003 -96.8217011 1607.00 176.900
KBKX/35 44.2993011 -96.8209000 1647.00 356.900
KBLF/05 37.2909012 -81.2130966 2850.00 41.900
KBLF/23 37.3005981 -81.2022018 2856.00 221.900
KBLH/08 33.6166000 -114.7279968 395.00 90.200
KBLH/26 33.6165009 -114.7060013 393.00 270.200
KBLH/17 33.6300011 -114.7170029 397.00 180.200
KBLH/35 33.6141014 -114.7170029 392.00 0.200
KBLI/16 48.8018990 -122.5380020 162.00 180.000
KBLI/34 48.7835007 -122.5370026 170.00 0.000
KBLM/03 40.1804008 -74.1250992 150.00 22.000
KBLM/21 40.1898003 -74.1202011 159.00 202.000
KBLM/14 40.1945992 -74.1356964 159.00 132.000
KBLM/32 40.1810989 -74.1164017 159.00 312.000
KBLU/15 39.2793999 -120.7109985 5283.00 168.000
KBLU/33 39.2705002 -120.7089996 5245.00 348.000
KBLV/14L 38.5561981 -89.8335037 442.00 136.600
KBLV/32R 38.5363007 -89.8095016 442.00 316.600
KBLV/14R 38.5517998 -89.8619003 459.00 136.500
KBLV/32L 38.5359001 -89.8426971 437.00 316.500
KBMC/17 41.5626984 -112.0619965 4228.00 179.500
KBMC/35 41.5420990 -112.0619965 4229.00 359.500
KBMG/06 39.1381959 -86.6220529 831.80 61.600
KBMG/24 39.1425099 -86.6117894 840.42 241.600
KBMG/17 39.1581993 -86.6181030 846.00 171.400
KBMG/35 39.1404991 -86.6147995 838.00 351.400
KBMI/02 40.4640999 -88.9160004 857.00 17.900
KBMI/20 40.4849014 -88.9072037 863.00 197.900
KBMI/11 40.4831009 -88.9322968 871.00 107.900
KBMI/29 40.4776001 -88.9100037 871.00 287.900
KBML/18 44.5812988 -71.1791000 1158.00 164.300
KBML/36 44.5675011 -71.1736984 1130.00 344.300
KBMQ/01 30.7322998 -98.2407989 1259.00 16.100
KBMQ/19 30.7455006 -98.2363968 1284.00 196.100
KBMT/13 30.0737910 -94.2197156 29.25 132.000
KBMT/31 30.0671005 -94.2111969 32.00 312.000
KBNA/02C 36.1044844 -86.6875265 569.17 18.000
KBNA/20C 36.1241989 -86.6796036 572.00 198.000
KBNA/02L 36.1176987 -86.6865006 599.00 17.600
KBNA/20R 36.1377983 -86.6785965 555.00 197.600
KBNA/02R 36.1127014 -86.6676025 590.00 18.000
KBNA/20L 36.1335983 -86.6593018 540.00 198.000
KBNA/13 36.1397944 -86.6934178 545.47 133.300
KBNA/31 36.1218917 -86.6700277 574.72 313.300
KBNG/08 33.9226100 -116.8591610 2219.00 91.000
KBNG/26 33.9225030 -116.8428260 2094.00 271.000
KBNL/05 33.2526016 -81.3983002 242.00 45.400
KBNL/23 33.2626991 -81.3861008 240.00 225.400
KBNL/17 33.2645988 -81.3871994 237.00 160.400
KBNL/35 33.2513008 -81.3815994 245.00 340.400
KBNO/03 43.5896015 -118.9563127 4144.74 48.000
KBNO/21 43.5969009 -118.9459991 4143.00 228.000
KBNO/12 43.5970001 -118.9639969 4147.00 135.000
KBNO/30 43.5872002 -118.9499969 4144.00 315.000
KBNW/02 42.0467987 -93.8520966 1160.00 25.000
KBNW/20 42.0550003 -93.8469009 1160.00 205.000
KBNW/15 42.0539684 -93.8505357 1137.03 149.300
KBNW/33 42.0429993 -93.8417969 1138.00 329.300
KBOI/10L 43.5702019 -116.2369995 2831.00 115.100
KBOI/28R 43.5586014 -116.2030029 2871.00 295.100
KBOI/10R 43.5699997 -116.2429962 2824.00 115.100
KBOI/28L 43.5587006 -116.2089996 2858.00 295.100
KBOS/04L 42.3579970 -71.0143440 14.00 20.000
KBOS/22R 42.3761969 -71.0055580 14.90 200.000
KBOS/04R 42.3540365 -71.0103370 17.77 20.000
KBOS/22L 42.3738320 -71.0008109 16.24 200.000
KBOS/09 42.3558006 -71.0129013 17.00 77.000
KBOS/27 42.3601990 -70.9877014 15.00 257.000
KBOS/14 42.3566017 -71.0233002 17.00 125.000
KBOS/32 42.3485985 -71.0082016 20.00 305.000
KBOS/15L 42.3736000 -71.0091019 15.00 135.000
KBOS/33R 42.3685989 -71.0025024 14.00 315.000
KBOS/15R 42.3725924 -71.0155898 16.83 135.000
KBOS/33L 42.3545990 -70.9916000 15.00 315.000
KBOW/05 27.9381008 -81.7893982 109.00 46.000
KBOW/23 27.9477005 -81.7781982 123.00 226.000
KBOW/09L 27.9445991 -81.7906036 118.00 87.000
KBOW/27R 27.9452000 -81.7751007 115.00 267.000
KBOW/09R 27.9417992 -81.7903976 113.00 87.000
KBOW/27L 27.9424000 -81.7768021 113.00 267.000
KBPG/06 32.2061005 -101.5289993 2547.00 66.900
KBPG/24 32.2111015 -101.5149994 2573.00 246.900
KBPG/17 32.2267990 -101.5210037 2550.00 181.900
KBPG/35 32.2025986 -101.5220032 2562.00 1.900
KBPI/08 42.5766980 -110.1100010 6942.00 93.000
KBPI/26 42.5763020 -110.0980000 6925.00 273.000
KBPI/13 42.5929985 -110.1179962 6989.00 147.700
KBPI/31 42.5772018 -110.1039963 6945.00 327.700
KBPK/05 36.3647003 -92.4772034 928.00 51.600
KBPK/23 36.3731995 -92.4638977 912.00 231.600
KBPT/12 29.9552994 -94.0278015 15.00 120.900
KBPT/30 29.9458008 -94.0094986 7.00 300.900
KBPT/16 29.9580002 -94.0253982 15.00 166.000
KBPT/34 29.9445000 -94.0214996 12.00 346.000
KBQK/07 31.2542000 -81.4781036 19.00 65.000
KBQK/25 31.2633991 -81.4549026 20.00 245.000
KBQR/09 42.9219194 -78.6147528 750.00 78.000
KBQR/27 42.9231990 -78.6064000 750.00 258.000
KBRD/05 46.3945999 -94.1463013 1220.00 53.400
KBRD/23 46.4052010 -94.1256027 1222.00 233.500
KBRD/12 46.3981765 -94.1464618 1224.88 126.000
KBRD/30 46.3934057 -94.1367068 1224.14 306.000
KBRD/16 46.4159012 -94.1352997 1226.00 163.000
KBRD/34 46.3988991 -94.1276016 1232.00 343.000
KBRL/12 40.7914009 -91.1360016 692.00 119.600
KBRL/30 40.7841988 -91.1192017 693.00 299.600
KBRL/18 40.7854826 -91.1238631 690.63 179.500
KBRL/36 40.7704010 -91.1238022 677.00 359.500
KBRO/13 25.9128000 -97.4312970 17.00 135.000
KBRO/31 25.8983000 -97.4154970 20.00 315.000
KBRO/18 25.9151000 -97.4288020 20.00 182.000
KBRO/36 25.8986000 -97.4294970 22.00 2.000
KBRY/03 37.8078990 -85.5028000 642.00 22.000
KBRY/21 37.8207020 -85.4964980 669.00 202.000
KBST/15 44.4132004 -69.0174026 198.00 134.000
KBST/33 44.4056015 -69.0063019 159.00 314.000
KBTA/13 41.4173897 -96.1122099 1314.38 137.200
KBTA/31 41.4105987 -96.1037979 1299.00 317.200
KBTL/05L 42.2957000 -85.2659990 952.00 43.000
KBTL/23R 42.3158990 -85.2409970 929.00 223.000
KBTL/13 42.3142013 -85.2546005 920.00 126.000
KBTL/31 42.3064003 -85.2401962 930.00 306.000
KBTM/12 45.9590000 -112.5059970 5520.00 129.000
KBTM/30 45.9501990 -112.4899980 5530.00 309.000
KBTM/15 45.9668999 -112.5009995 5507.00 167.000
KBTM/33 45.9429016 -112.4929962 5550.00 347.000
KBTN/13 45.8185997 -97.7481995 1314.00 134.900
KBTN/31 45.8105011 -97.7365036 1318.00 314.900
KBTP/08 40.7752000 -79.9565960 1235.00 72.000
KBTP/26 40.7785990 -79.9428020 1243.00 252.000
KBTR/04L 30.5256996 -91.1560974 66.00 43.000
KBTR/22R 30.5394993 -91.1409988 70.00 223.000
KBTR/04R 30.5286007 -91.1499023 67.00 43.000
KBTR/22L 30.5361996 -91.1416016 69.00 223.000
KBTR/13 30.5395848 -91.1595067 66.26 133.000
KBTR/31 30.5275002 -91.1447983 69.00 313.000
KBTV/01 44.4644082 -73.1511362 332.78 351.000
KBTV/19 44.4722443 -73.1527985 329.49 171.000
KBTV/15 44.4807010 -73.1659010 306.00 131.000
KBTV/33 44.4667002 -73.1432494 332.32 311.000
KBTY/16 36.8684006 -116.7870026 3170.00 178.400
KBTY/34 36.8530998 -116.7870026 3095.00 358.400
KBUB/15 41.7807999 -99.1518021 2172.00 159.100
KBUB/33 41.7725983 -99.1475983 2182.00 339.100
KBUF/05 42.9318391 -78.7408596 680.54 43.800
KBUF/23 42.9472008 -78.7207031 721.00 223.800
KBUF/14 42.9463740 -78.7407397 698.49 126.800
KBUF/32 42.9363820 -78.7223582 707.89 306.800
KBUM/18 38.2952995 -94.3398972 870.00 181.900
KBUM/36 38.2843018 -94.3404007 892.00 1.900
KBUR/08 34.1979180 -118.3691650 727.00 91.000
KBUR/26 34.1976540 -118.3499820 697.00 271.000
KBUR/15 34.2099142 -118.3598012 758.76 167.000
KBUR/33 34.1948428 -118.3556529 701.56 347.000
KBUU/01 42.6857987 -88.3046036 773.00 12.000
KBUU/19 42.6925011 -88.3026962 775.00 192.000
KBUU/11 42.6935005 -88.3127975 777.00 109.000
KBUU/29 42.6897011 -88.2975998 776.00 289.000
KBUY/06 36.0443001 -79.4815979 617.00 52.100
KBUY/24 36.0527992 -79.4682007 584.00 232.100
KBVI/10 40.7728996 -80.3994980 1204.00 93.800
KBVI/28 40.7720985 -80.3833008 1253.00 273.900
KBVN/15 41.7331009 -98.0587997 1807.00 153.700
KBVN/33 41.7239990 -98.0528030 1779.00 333.700
KBVO/17 36.7709999 -96.0113983 686.00 178.800
KBVO/35 36.7538986 -96.0109024 713.00 358.800
KBVS/04 48.4640999 -122.4240036 84.00 56.000
KBVS/22 48.4686012 -122.4140015 97.00 236.000
KBVS/11 48.4777985 -122.4309998 144.00 126.000
KBVS/29 48.4688988 -122.4130020 98.00 306.000
KBVX/08 35.7230990 -91.6611020 452.00 80.000
KBVX/26 35.7260020 -91.6411970 464.00 260.000
KBVX/18 35.7337000 -91.6393970 435.00 181.000
KBVX/36 35.7252010 -91.6396030 463.00 1.000
KBVY/09 42.5797005 -70.9254990 69.00 74.200
KBVY/27 42.5834007 -70.9076004 90.00 254.200
KBVY/16 42.5913929 -70.9213343 89.86 140.700
KBVY/34 42.5820999 -70.9110031 87.00 320.700
KBWC/08 32.9929008 -115.5227112 -127.57 90.000
KBWC/26 32.9930000 -115.5100021 -133.00 270.000
KBWD/13 31.7973003 -98.9636002 1380.00 134.300
KBWD/31 31.7884998 -98.9530029 1372.00 314.300
KBWD/17 31.8019009 -98.9551010 1384.00 179.400
KBWD/35 31.7865009 -98.9549026 1370.00 359.400
KBWG/03 36.9586983 -86.4250031 547.00 29.900
KBWG/21 36.9742012 -86.4139023 520.00 209.900
KBWG/12 36.9640999 -86.4257965 531.00 120.000
KBWG/30 36.9586983 -86.4141006 531.00 300.000
KBWI/10 39.1745913 -76.6876585 140.37 94.200
KBWI/28 39.1725998 -76.6527023 129.00 274.200
KBWI/15L 39.1874008 -76.6634979 142.00 144.200
KBWI/33R 39.1762009 -76.6531982 114.00 324.200
KBWI/15R 39.1853981 -76.6819992 139.00 144.200
KBWI/33L 39.1641998 -76.6623993 129.00 324.200
KBWP/03 46.2403984 -96.6118012 965.00 38.000
KBWP/21 46.2475014 -96.6038971 963.00 218.000
KBWP/15 46.2505989 -96.6108017 968.00 157.000
KBWP/33 46.2378006 -96.6029968 966.00 337.000
KBXA/18 30.8172704 -89.8647997 117.05 183.000
KBXA/36 30.8085003 -89.8651962 110.00 3.000
KBXG/08 33.0395012 -82.0089035 292.00 71.100
KBXG/26 33.0430985 -81.9964981 302.00 251.100
KBXK/17 33.4300995 -112.6859970 1033.00 182.000
KBXK/35 33.4150009 -112.6869965 995.00 2.000
KBXM/01R 43.8814011 -69.9360962 62.00 354.900
KBXM/19L 43.9033012 -69.9387970 74.00 174.900
KBYG/13 44.3872986 -106.7300034 4968.00 138.000
KBYG/31 44.3748016 -106.7139969 4902.00 318.000
KBYH/18 35.9803009 -89.9440002 250.00 180.000
KBYH/36 35.9483986 -89.9440002 252.00 0.000
KBYI/02 42.5390579 -113.7726140 4147.33 37.000
KBYI/20 42.5466003 -113.7649994 4138.00 217.000
KBYI/06 42.5424182 -113.7780765 4147.23 79.000
KBYI/24 42.5442009 -113.7659988 4140.00 259.000
KBYS/04 35.2747994 -116.6429977 2350.00 52.100
KBYS/22 35.2916985 -116.6169968 2350.00 232.100
KBYS/13 35.2850990 -116.6340027 2350.00 140.000
KBYS/31 35.2728996 -116.6220016 2350.00 320.000
KBYY/13 28.9780998 -95.8692017 44.00 133.600
KBYY/31 28.9683990 -95.8576965 40.00 313.600
KBZN/03 45.7688490 -111.1525530 4473.00 46.000
KBZN/21 45.7739170 -111.1451210 4455.00 226.000
KBZN/11 45.7814890 -111.1521530 4442.00 136.000
KBZN/29 45.7715670 -111.1383530 4461.00 316.000
KBZN/12 45.7880850 -111.1664820 4425.00 136.000
KBZN/30 45.7704140 -111.1418890 4462.00 316.000
KC02/05 42.6118011 -88.3953018 835.00 53.100
KC02/23 42.6180992 -88.3839035 835.00 233.100
KC03/09 41.4461055 -85.9417891 857.86 89.400
KC03/27 41.4461960 -85.9299749 856.10 269.400
KC04/09 43.6404991 -86.3356018 902.00 76.000
KC04/27 43.6428986 -86.3227997 889.00 256.000
KC04/15 43.6431624 -86.3312124 910.00 136.000
KC04/33 43.6394997 -86.3263016 910.00 316.000
KC09/18 41.4309006 -88.4188003 583.00 179.000
KC09/36 41.4198990 -88.4185028 569.00 359.000
KC15/09 40.4880981 -89.6848984 530.00 89.500
KC15/27 40.4883003 -89.6669006 526.00 269.500
KC16/09 40.1450005 -88.2074966 735.00 89.400
KC16/27 40.1450996 -88.1931992 724.00 269.400
KC16/18 40.1524010 -88.1965027 728.00 179.300
KC16/36 40.1433582 -88.1963120 730.71 359.300
KC24/07 37.8197754 -106.9423558 8678.63 81.400
KC24/25 37.8218994 -106.9189987 8630.00 261.400
KC29/01 43.1122017 -89.5286026 925.00 7.500
KC29/19 43.1175995 -89.5276032 928.00 187.500
KC29/10 43.1148987 -89.5406036 928.00 100.000
KC29/28 43.1129990 -89.5259018 927.00 280.000
KC35/18 43.5305934 -89.9822297 881.00 181.000
KC35/36 43.5193235 -89.9823792 881.00 1.000
KC47/04 43.5574209 -89.4856469 823.82 43.000
KC47/22 43.5624008 -89.4792023 816.00 223.000
KC47/17 43.5655175 -89.4833848 811.30 178.000
KC47/35 43.5561186 -89.4828379 821.24 358.000
KC62/10 41.4729004 -85.2687988 1000.00 91.600
KC62/28 41.4724998 -85.2528000 1005.00 271.600
KC65/10 41.3656998 -86.3081970 797.00 96.000
KC65/28 41.3644981 -86.2922974 800.00 276.000
KC73/08 41.8325005 -89.4544983 781.00 79.900
KC73/26 41.8343010 -89.4403992 785.00 259.900
KC73/12 41.8361015 -89.4488983 777.00 121.000
KC73/30 41.8320999 -89.4401016 785.00 301.000
KC74/11 42.7061000 -90.9694980 627.00 118.000
KC74/29 42.7029741 -90.9615781 625.40 298.000
KC75/13 41.0218010 -89.3916020 539.00 128.000
KC75/31 41.0150300 -89.3802000 578.00 308.000
KC75/18 41.0225983 -89.3854980 553.00 181.000
KC75/36 41.0166016 -89.3856964 547.00 1.000
KC77/09 42.3237000 -88.8419037 857.00 90.100
KC77/27 42.3237000 -88.8319016 849.00 270.100
KC77/12 42.3232649 -88.8410345 855.20 122.500
KC77/30 42.3185005 -88.8309021 850.00 302.500
KC77/17 42.3267719 -88.8352087 849.86 176.000
KC77/35 42.3209991 -88.8347015 849.00 356.000
KC81/06 42.3224983 -88.0796967 779.00 58.200
KC81/24 42.3272668 -88.0694452 778.08 238.200
KC81/09 42.3240013 -88.0801010 777.00 90.200
KC81/27 42.3240013 -88.0680008 788.00 270.200
KC83/05 37.8223000 -121.6299973 79.00 63.200
KC83/23 37.8260002 -121.6210022 49.00 243.200
KC83/12 37.8357010 -121.6320038 64.00 135.300
KC83/30 37.8269005 -121.6210022 48.00 315.300
KC91/09 41.9936981 -86.1390991 736.00 90.100
KC91/27 41.9936981 -86.1218033 746.00 270.100
KCAD/07 44.2728996 -85.4308014 1307.00 66.000
KCAD/25 44.2784004 -85.4133987 1298.00 246.000
KCAD/18 44.2774010 -85.4110031 1295.00 179.000
KCAD/36 44.2719002 -85.4110031 1295.00 359.000
KCAE/05 33.9285011 -81.1240005 228.00 45.000
KCAE/23 33.9422603 -81.1077365 211.37 225.000
KCAE/11 33.9440994 -81.1378021 229.00 105.000
KCAE/29 33.9382019 -81.1102982 210.00 285.000
KCAG/07 40.4943008 -107.5319977 6182.00 83.000
KCAG/25 40.4962006 -107.5120010 6193.00 263.000
KCAK/01 40.9071999 -81.4413986 1208.00 2.000
KCAK/19 40.9263605 -81.4402766 1213.53 182.000
KCAK/05 40.9075012 -81.4536972 1190.00 47.000
KCAK/23 40.9216003 -81.4335022 1228.00 227.000
KCAO/02 36.4388008 -103.1579971 4963.00 30.200
KCAO/20 36.4537010 -103.1470032 4965.00 210.200
KCAO/12 36.4496002 -103.1510010 4964.00 130.200
KCAO/30 36.4424019 -103.1409988 4945.00 310.200
KCAR/01 46.8681984 -68.0149002 614.00 347.300
KCAR/19 46.8788986 -68.0185013 617.00 167.300
KCAR/11 46.8688011 -68.0261993 620.00 86.000
KCAR/29 46.8692017 -68.0140991 619.00 266.000
KCAV/14 42.7444992 -93.7628021 1152.00 145.700
KCAV/32 42.7365990 -93.7554016 1156.00 325.700
KCBE/05 39.6110992 -78.7648010 722.00 39.100
KCBE/23 39.6217995 -78.7535019 776.00 219.100
KCBE/11 39.6137009 -78.7687988 723.00 97.000
KCBE/29 39.6128998 -78.7602005 727.00 277.000
KCBF/14 41.2635000 -95.7652970 1232.00 141.000
KCBF/32 41.2547990 -95.7558980 1253.00 321.000
KCBG/16 45.5626984 -93.2665024 942.00 163.000
KCBG/34 45.5522995 -93.2618027 938.00 343.000
KCBK/04 39.4253998 -101.0479965 3161.00 46.000
KCBK/22 39.4304008 -101.0410004 3170.00 226.000
KCBK/12 39.4280014 -101.0479965 3167.00 136.000
KCBK/30 39.4229012 -101.0410004 3152.00 316.000
KCBK/17 39.4352989 -101.0479965 3186.00 180.000
KCBK/35 39.4211998 -101.0479965 3153.00 0.000
KCBM/13C 33.6553993 -88.4608994 195.00 134.000
KCBM/31C 33.6324997 -88.4325027 214.00 314.000
KCBM/13L 33.6553993 -88.4514008 194.00 135.000
KCBM/31R 33.6398010 -88.4325027 219.00 315.000
KCBM/13R 33.6506996 -88.4598007 192.00 134.000
KCBM/31L 33.6389999 -88.4452972 207.00 314.000
KCCA/13 35.6015015 -92.4565964 513.00 132.000
KCCA/31 35.5941009 -92.4466019 501.00 312.000
KCCB/06 34.1098231 -117.6930464 1392.10 69.000
KCCB/24 34.1133498 -117.6819252 1429.38 249.000
KCCO/15 33.3172989 -84.7755966 970.00 142.000
KCCO/33 33.3058014 -84.7639008 934.00 322.000
KCCR/01L 37.9835067 -122.0601650 23.76 23.500
KCCR/19R 37.9929884 -122.0548344 22.24 203.500
KCCR/01R 37.9838982 -122.0579987 23.00 23.500
KCCR/19L 37.9908981 -122.0550003 22.00 203.500
KCCR/14L 37.9942903 -122.0576013 19.37 153.500
KCCR/32R 37.9860576 -122.0525451 24.47 333.500
KCCR/14R 37.9958992 -122.0599976 17.00 153.500
KCCR/32L 37.9889984 -122.0559998 22.00 333.500
KCCY/04 43.0693016 -92.6121979 1125.00 44.900
KCCY/22 43.0741997 -92.6054993 1125.00 224.900
KCCY/12 43.0770988 -92.6175995 1116.00 125.400
KCCY/30 43.0707016 -92.6054001 1116.00 305.400
KCDA/02 44.5646019 -72.0194015 1178.00 8.400
KCDA/20 44.5735016 -72.0175018 1188.00 188.400
KCDC/02 37.6906013 -113.1080017 5578.00 34.300
KCDC/20 37.7102013 -113.0910034 5600.00 214.300
KCDC/08 37.7027016 -113.1060028 5579.00 96.800
KCDC/26 37.7011986 -113.0899963 5622.00 276.800
KCDH/01 33.6139980 -92.7650990 123.00 9.000
KCDH/19 33.6315990 -92.7617030 130.00 189.000
KCDI/04 39.9710189 -81.5810211 798.09 33.100
KCDI/22 39.9799995 -81.5734024 799.00 213.100
KCDN/06 34.2792015 -80.5714035 286.00 51.700
KCDN/24 34.2877007 -80.5584030 297.00 231.700
KCDN/14 34.2867012 -80.5682983 298.00 134.700
KCDN/32 34.2808990 -80.5613022 300.00 314.700
KCDR/03 42.8336512 -103.0993762 3291.79 35.000
KCDR/21 42.8453773 -103.0880702 3270.08 215.000
KCDR/12 42.8381000 -103.1039960 3294.00 125.000
KCDR/30 42.8312000 -103.0910030 3284.00 305.000
KCDS/04 34.4319000 -100.2959976 1942.00 46.900
KCDS/22 34.4402008 -100.2860031 1949.00 226.900
KCDS/17 34.4403000 -100.2860031 1948.00 181.900
KCDS/35 34.4239006 -100.2860031 1954.00 1.900
KCDW/04 40.8686815 -74.2856262 173.00 30.100
KCDW/22 40.8786011 -74.2781982 173.00 210.100
KCDW/10 40.8771019 -74.2869034 170.00 83.000
KCDW/28 40.8782997 -74.2734985 173.00 263.000
KCEA/17 37.6534890 -97.2506027 1373.00 180.000
KCEA/35 37.6437103 -97.2506027 1373.00 0.000
KCEC/11 41.7849998 -124.2419968 53.00 133.000
KCEC/29 41.7756004 -124.2279968 50.00 313.000
KCEC/17 41.7867012 -124.2360001 57.00 193.200
KCEC/35 41.7733002 -124.2399979 47.00 13.200
KCEF/05 42.1802245 -72.5454994 236.52 34.200
KCEF/23 42.2038002 -72.5240021 241.00 214.200
KCEF/15 42.2061997 -72.5420990 241.00 134.300
KCEF/33 42.1926994 -72.5234985 240.00 314.300
KCEK/17 40.6236992 -96.9247971 1499.00 180.300
KCEK/35 40.6120987 -96.9248962 1479.00 0.300
KCEU/07 34.6696010 -82.8936000 887.00 68.000
KCEU/25 34.6741980 -82.8799970 879.00 248.000
KCEV/04 39.6951153 -85.1340550 867.00 36.100
KCEV/22 39.7001000 -85.1293030 867.00 216.100
KCEV/18 39.7074013 -85.1306992 867.00 179.400
KCEV/36 39.6896019 -85.1305008 861.00 359.400
KCEW/17 30.7896996 -86.5241013 213.00 171.000
KCEW/35 30.7679997 -86.5201034 153.00 351.000
KCEY/05 36.6590996 -88.3808975 576.00 50.000
KCEY/23 36.6701012 -88.3647003 566.00 230.000
KCEZ/03 37.2956009 -108.6360016 5913.00 41.500
KCEZ/21 37.3103981 -108.6200027 5909.00 221.500
KCFD/15 30.7205009 -96.3343964 357.00 152.000
KCFD/33 30.7108002 -96.3283005 367.00 332.000
KCFD/17 30.7183990 -96.3339005 349.00 180.000
KCFD/35 30.7147999 -96.3339005 350.00 0.000
KCFE/18 45.1626015 -93.8432007 967.00 181.000
KCFE/36 45.1554985 -93.8433990 954.00 1.000
KCFJ/04 39.9710999 -86.9253006 795.00 42.900
KCFJ/22 39.9802017 -86.9143982 799.00 222.900
KCFS/06 43.4539990 -83.4536970 686.00 52.000
KCFS/24 43.4613000 -83.4410020 701.00 232.000
KCFT/07 32.9519005 -109.2180023 3718.00 81.800
KCFT/25 32.9538994 -109.2020035 3793.00 261.800
KCFV/04 37.0885010 -95.5728989 754.00 44.000
KCFV/22 37.0961990 -95.5636978 752.00 224.000
KCFV/17 37.1031990 -95.5744019 745.00 180.000
KCFV/35 37.0871010 -95.5743027 742.00 0.000
KCGC/09 28.8673000 -82.5783997 7.00 91.000
KCGC/27 28.8672008 -82.5642014 9.00 271.000
KCGC/18 28.8713837 -82.5790024 9.00 180.000
KCGC/36 28.8644009 -82.5790024 9.00 0.000
KCGE/16 38.5443001 -76.0350037 19.00 144.000
KCGE/34 38.5344009 -76.0258026 16.00 324.000
KCGF/06 41.5606000 -81.4934010 873.00 50.000
KCGF/24 41.5696980 -81.4793010 879.00 230.000
KCGI/02 37.2207985 -89.5727997 342.00 21.200
KCGI/20 37.2309990 -89.5679016 337.00 201.200
KCGI/10 37.2274017 -89.5817032 338.00 105.800
KCGI/28 37.2224998 -89.5603027 341.00 285.800
KCGS/15 38.9824516 -76.9243194 46.02 138.000
KCGS/33 38.9783104 -76.9196712 40.47 318.000
KCGZ/05 32.9513016 -111.7740021 1447.00 59.900
KCGZ/23 32.9584999 -111.7590027 1464.00 239.900
KCHA/02 35.0227013 -85.2074966 681.00 16.700
KCHA/20 35.0420990 -85.2004013 667.00 196.700
KCHA/15 35.0449632 -85.2080986 671.00 145.500
KCHA/33 35.0339012 -85.1987991 671.00 325.500
KCHD/04L 33.2640991 -111.8199997 1231.00 49.600
KCHD/22R 33.2719002 -111.8089981 1236.00 229.600
KCHD/04R 33.2657013 -111.8140030 1236.00 49.600
KCHD/22L 33.2743988 -111.8020020 1243.00 229.600
KCHK/18 35.1034010 -97.9669040 1150.00 180.000
KCHK/36 35.0955010 -97.9669040 1130.00 0.000
KCHN/18 27.5203991 -81.8805008 100.00 180.000
KCHN/36 27.5093994 -81.8805008 108.00 0.000
KCHO/03 38.1310005 -78.4568024 639.00 22.000
KCHO/21 38.1463013 -78.4488983 620.00 202.000
KCHQ/18 36.8465004 -89.3595963 313.00 180.200
KCHQ/36 36.8377991 -89.3597031 313.00 0.200
KCHS/03 32.8848000 -80.0456009 21.00 24.400
KCHS/21 32.9023018 -80.0362015 41.00 204.400
KCHS/15 32.9129982 -80.0481033 43.00 147.400
KCHS/33 32.8922005 -80.0323029 39.00 327.400
KCHT/02 39.7781929 -93.4990891 783.00 25.600
KCHT/20 39.7860985 -93.4941025 783.00 205.600
KCHT/14 39.7863998 -93.4998016 783.00 143.300
KCHT/32 39.7779007 -93.4915008 763.00 323.300
KCHU/13 43.5998001 -91.5085983 1175.00 135.000
KCHU/31 43.5929985 -91.4992981 1179.00 315.000
KCIC/13L 39.8033981 -121.8639984 238.00 147.400
KCIC/31R 39.7877998 -121.8509979 205.00 327.400
KCIC/13R 39.7984009 -121.8629990 225.00 147.600
KCIC/31L 39.7914009 -121.8570023 212.00 327.600
KCID/09 41.8847008 -91.7292023 852.00 91.000
KCID/27 41.8843002 -91.6976013 858.00 271.000
KCID/13 41.8911018 -91.7151031 869.00 136.000
KCID/31 41.8788986 -91.6993027 848.00 316.000
KCII/05 47.8232994 -112.1729965 3947.00 67.000
KCII/23 47.8274002 -112.1589966 3939.00 247.000
KCII/15 47.8370020 -112.1740040 3942.00 160.000
KCII/33 47.8241000 -112.1670000 3941.00 340.000
KCIN/03 42.0433006 -94.7925034 1204.00 35.400
KCIN/21 42.0491982 -94.7869034 1204.00 215.400
KCIN/13 42.0506948 -94.7943200 1203.09 136.600
KCIN/31 42.0406990 -94.7817001 1204.00 316.600
KCIR/02 37.0596008 -89.2192001 319.00 21.000
KCIR/20 37.0677986 -89.2152023 319.00 201.000
KCIR/14 37.0688019 -89.2259979 321.00 140.600
KCIR/32 37.0601997 -89.2171020 319.00 320.600
KCIU/09 46.2550011 -84.4842987 793.00 90.200
KCIU/27 46.2550011 -84.4645996 800.00 270.200
KCIU/16 46.2564011 -84.4781036 799.00 150.100
KCIU/34 46.2392998 -84.4638977 793.00 330.100
KCJR/04 38.5194016 -77.8638000 316.00 28.000
KCJR/22 38.5315018 -77.8554993 315.00 208.000
KCKA/17 36.7534538 -98.1227622 1199.42 182.000
KCKA/35 36.7330017 -98.1235962 1161.00 2.000
KCKB/03 39.2877998 -80.2329025 1183.00 23.000
KCKB/21 39.3055000 -80.2232971 1217.00 203.000
KCKC/10 47.8389920 -90.3947260 1803.00 95.000
KCKC/28 47.8378710 -90.3744300 1794.00 275.000
KCKF/06 31.9860000 -83.7806020 310.00 50.000
KCKF/24 31.9949000 -83.7683030 307.00 230.000
KCKF/10 31.9881001 -83.7813034 302.00 97.000
KCKF/28 31.9862995 -83.7654037 309.00 277.000
KCKI/14 33.7218018 -79.8630981 66.00 132.200
KCKI/32 33.7126007 -79.8508987 65.00 312.200
KCKM/18 34.3070984 -90.5119019 171.00 183.000
KCKM/36 34.2923012 -90.5127029 172.00 3.000
KCKN/13 47.8441010 -96.6287003 893.00 133.200
KCKN/31 47.8361015 -96.6158981 894.00 313.200
KCKN/17 47.8459015 -96.6220017 899.00 181.300
KCKN/35 47.8376999 -96.6222992 899.00 1.300
KCKP/01 42.7307014 -95.5571976 1213.00 11.000
KCKP/19 42.7360992 -95.5558014 1212.00 191.000
KCKP/18 42.7357539 -95.5553369 1212.70 183.000
KCKP/36 42.7253990 -95.5559998 1226.00 3.000
KCKV/05 36.6197756 -87.4189148 542.50 52.100
KCKV/23 36.6249541 -87.4106574 538.63 232.100
KCKV/17 36.6295013 -87.4176025 538.00 166.200
KCKV/35 36.6134987 -87.4126968 549.00 346.200
KCKZ/08 40.3871994 -75.2975998 520.00 69.600
KCKZ/26 40.3912010 -75.2834015 568.00 249.600
KCLE/10 41.4170240 -81.8542330 762.00 93.000
KCLE/28 41.4160710 -81.8323690 791.00 273.000
KCLE/24R 41.4157620 -81.8483960 780.00 230.000
KCLE/24L 41.4153120 -81.8420670 786.00 230.000
KCLI/04 44.6109009 -88.7340012 822.00 43.000
KCLI/22 44.6175995 -88.7254028 810.00 223.000
KCLI/09 44.6113014 -88.7325974 820.00 88.000
KCLI/27 44.6114006 -88.7248993 815.00 268.000
KCLI/14 44.6180000 -88.7382965 818.00 137.000
KCLI/32 44.6087990 -88.7261963 814.00 317.000
KCLK/17 35.5429993 -98.9321976 1604.00 179.200
KCLK/35 35.5312004 -98.9319992 1592.00 359.200
KCLL/11 30.5914990 -96.3728030 320.00 109.000
KCLL/29 30.5869010 -96.3573000 312.00 289.000
KCLL/17 30.5966000 -96.3629000 321.00 169.000
KCLL/35 30.5778010 -96.3585970 305.00 349.000
KCLM/09 48.1209980 -123.5120010 284.00 105.000
KCLM/27 48.1176524 -123.4913303 281.64 285.000
KCLM/13 48.1265984 -123.5049973 227.00 148.000
KCLM/31 48.1190987 -123.4980011 271.00 328.000
KCLR/08 33.1313970 -115.5266077 -183.89 90.700
KCLR/26 33.1313095 -115.5167484 -181.20 270.700
KCLS/16 46.6838989 -122.9830017 168.00 178.000
KCLS/34 46.6702004 -122.9820023 173.00 358.000
KCLT/18C 35.2271004 -80.9531021 742.00 176.000
KCLT/36C 35.2002983 -80.9507980 692.00 356.000
KCLT/18L 35.2243996 -80.9360962 746.00 176.000
KCLT/36R 35.2011986 -80.9340973 724.00 356.000
KCLT/18R 35.2249985 -80.9673996 742.00 176.000
KCLT/36L 35.2009010 -80.9653015 693.00 356.000
KCLW/16 27.9800553 -82.7605089 71.00 155.000
KCLW/34 27.9726009 -82.7565002 71.00 335.000
KCMA/08 34.2137985 -119.1039963 61.00 90.600
KCMA/26 34.2136993 -119.0839996 75.00 270.600
KCMD/02 34.2615013 -86.8606033 935.00 17.000
KCMD/20 34.2759018 -86.8554993 969.00 197.000
KCMH/10L 40.0032005 -82.9076004 815.00 94.200
KCMH/28R 40.0015984 -82.8792038 812.00 274.200
KCMH/10R 39.9956016 -82.9088974 803.00 94.200
KCMH/28L 39.9934998 -82.8729019 814.00 274.200
KCMI/04 40.0317990 -88.2854000 751.00 40.000
KCMI/22 40.0453000 -88.2701030 746.00 220.000
KCMI/14L 40.0474014 -88.2856979 754.00 136.000
KCMI/32R 40.0315018 -88.2655029 749.00 316.000
KCMX/07 47.1642990 -88.4988022 1059.00 66.900
KCMX/25 47.1698990 -88.4794998 1074.00 246.900
KCMX/14 47.1753010 -88.4989010 1095.00 131.000
KCMX/32 47.1637000 -88.4791030 1061.00 311.000
KCMY/01 43.9547400 -90.7388412 836.45 15.000
KCMY/19 43.9625015 -90.7359009 837.00 195.000
KCMY/11 43.9620018 -90.7451019 830.00 112.000
KCMY/29 43.9572983 -90.7294006 832.00 292.000
KCNB/12 44.7327995 -96.2735977 1193.00 121.300
KCNB/30 44.7262001 -96.2584000 1185.00 301.300
KCNC/10 41.0208015 -93.3635025 1045.00 101.700
KCNC/28 41.0185013 -93.3492966 1034.00 281.700
KCNC/17 41.0233994 -93.3644028 1038.00 180.100
KCNC/35 41.0157013 -93.3644028 1050.00 0.100
KCNH/11 43.3705393 -72.3705244 536.72 93.200
KCNH/29 43.3702011 -72.3628998 542.00 273.200
KCNK/12 39.5523987 -97.6550980 1473.00 132.000
KCNK/30 39.5481987 -97.6492004 1455.00 312.000
KCNK/18 39.5540010 -97.6532970 1472.00 180.000
KCNK/36 39.5441020 -97.6531980 1486.00 0.000
KCNM/03 32.3227005 -104.2740021 3295.00 44.100
KCNM/21 32.3381004 -104.2570038 3247.00 224.100
KCNM/08 32.3423004 -104.2710037 3270.00 90.000
KCNM/26 32.3423004 -104.2529984 3239.00 270.000
KCNM/14L 32.3517990 -104.2600021 3241.00 156.200
KCNM/32R 32.3401985 -104.2539978 3242.00 336.200
KCNM/14R 32.3428993 -104.2710037 3269.00 154.000
KCNM/32L 32.3284988 -104.2630005 3267.00 334.000
KCNO/03 33.9706290 -117.6417940 604.00 44.000
KCNO/21 33.9802800 -117.6304400 652.00 224.000
KCNO/08L 33.9757150 -117.6467800 617.00 89.000
KCNO/26R 33.9758470 -117.6307480 636.00 269.000
KCNO/08R 33.9735180 -117.6467540 620.00 89.000
KCNO/26L 33.9737100 -117.6236620 637.00 269.000
KCNP/12 41.0810013 -102.4700012 3681.00 129.900
KCNP/30 41.0741269 -102.4583628 3672.29 309.900
KCNU/18 37.6736984 -95.4859009 982.00 187.000
KCNU/36 37.6621017 -95.4876022 1002.00 7.000
KCNW/17L 31.6515999 -97.0737991 469.00 177.500
KCNW/35R 31.6280003 -97.0726013 456.00 357.500
KCNW/17R 31.6438007 -97.0757980 466.00 177.500
KCNW/35L 31.6264992 -97.0749969 459.00 357.500
KCNY/03 38.7475014 -109.7630005 4551.00 39.900
KCNY/21 38.7624016 -109.7470016 4555.00 219.900
KCOD/04 44.5144585 -109.0339044 5095.25 52.300
KCOD/22 44.5264291 -109.0122185 5077.02 232.300
KCOE/02 47.7666016 -116.8209991 2302.00 32.000
KCOE/20 47.7790985 -116.8089981 2317.00 212.000
KCOE/06 47.7719002 -116.8369980 2286.00 70.000
KCOE/24 47.7788010 -116.8089981 2318.00 250.000
KCOF/03 28.2210999 -80.6149979 5.00 20.000
KCOF/21 28.2444992 -80.6054993 8.00 200.000
KCOF/11 28.2413998 -80.6153030 4.00 106.000
KCOF/29 28.2383003 -80.6034012 7.00 286.000
KCOI/11 28.3432007 -80.6908035 6.00 109.000
KCOI/29 28.3400002 -80.6801987 3.00 289.000
KCOM/15 31.8467999 -99.4067001 1697.00 155.200
KCOM/33 31.8355007 -99.4005966 1680.00 335.200
KCON/12 43.2076988 -71.5068970 340.00 105.000
KCON/30 43.2053986 -71.4953003 346.00 285.000
KCON/17 43.2066086 -71.5066809 339.15 155.000
KCON/35 43.1931992 -71.4981995 332.00 335.000
KCOQ/07 46.7010994 -92.5070038 1276.00 73.000
KCOQ/25 46.7036018 -92.4952011 1266.00 253.000
KCOQ/17 46.7056999 -92.5056000 1278.00 179.200
KCOQ/35 46.6946983 -92.5054016 1272.00 359.200
KCOS/12 38.8232000 -104.7149960 6173.00 135.000
KCOS/30 38.8077861 -104.6958830 6136.63 315.000
KCOS/17L 38.8161011 -104.6859970 6187.00 180.000
KCOS/17R 38.8241005 -104.7160034 6177.00 180.100
KCOS/35L 38.7938004 -104.7160034 6045.00 0.100
KCOT/13 28.4615002 -99.2238998 474.00 134.500
KCOT/31 28.4519005 -99.2127991 451.00 314.500
KCOU/02 38.8051987 -92.2237015 882.00 21.000
KCOU/20 38.8218002 -92.2154007 886.00 201.000
KCOU/13 38.8288994 -92.2249985 888.00 135.000
KCOU/31 38.8203011 -92.2142029 886.00 315.000
KCPC/06 34.2672997 -78.7210999 89.00 42.100
KCPC/24 34.2784996 -78.7089005 69.00 222.100
KCPK/05 36.6595993 -76.3263016 18.00 36.900
KCPK/23 36.6716995 -76.3150024 20.00 216.900
KCPM/07L 33.8901730 -118.2468692 97.00 90.000
KCPM/25R 33.8902270 -118.2406005 97.00 270.000
KCPM/07R 33.8896230 -118.2468692 97.00 90.000
KCPM/25L 33.8896760 -118.2405934 97.00 270.000
KCPR/03 42.8933983 -106.4749985 5321.00 43.900
KCPR/21 42.9135017 -106.4489975 5323.00 223.900
KCPR/17 42.9201012 -106.4700012 5348.00 178.900
KCPR/35 42.8989983 -106.4690018 5325.00 358.900
KCPS/05 38.5723991 -90.1685028 410.00 47.000
KCPS/23 38.5775986 -90.1613998 409.00 227.000
KCPS/12L 38.5737991 -90.1582031 411.00 122.300
KCPS/30R 38.5681992 -90.1470032 407.00 302.300
KCPS/12R 38.5740013 -90.1651001 413.00 122.200
KCPS/30L 38.5638008 -90.1443024 408.00 302.200
KCPT/15 32.3606226 -97.4367821 853.71 159.200
KCPT/33 32.3464012 -97.4304962 845.00 339.200
KCPU/13 38.1501999 -120.6520004 1302.00 146.000
KCPU/31 38.1419983 -120.6449966 1325.00 326.000
KCQA/08 40.4833984 -84.5669022 894.00 82.600
KCQA/26 40.4846992 -84.5532989 888.00 262.600
KCQB/17 35.7295990 -96.8202972 962.00 180.200
KCQB/35 35.7186012 -96.8202972 984.00 0.200
KCQM/13 47.8251000 -92.6939011 1327.00 137.000
KCQM/31 47.8186989 -92.6849976 1317.00 317.000
KCQW/08 34.7104988 -79.9647980 239.00 70.100
KCQW/26 34.7151985 -79.9492035 188.00 250.100
KCQX/06 41.6853981 -69.9933014 54.00 43.800
KCQX/24 41.6913986 -69.9857025 67.00 223.800
KCRE/05 33.8059998 -78.7310028 32.00 46.100
KCRE/23 33.8175011 -78.7167969 29.00 226.100
KCRG/05 30.3288994 -81.5188980 40.00 45.000
KCRG/23 30.3367004 -81.5100021 40.00 225.000
KCRG/14 30.3437996 -81.5188980 32.00 135.000
KCRG/32 30.3360004 -81.5100021 40.00 315.000
KCRP/13 27.7770004 -97.5133972 43.00 135.800
KCRP/31 27.7621994 -97.4972000 40.00 315.800
KCRP/17 27.7796001 -97.4962997 40.00 179.100
KCRP/35 27.7628994 -97.4960022 39.00 359.100
KCRQ/06 33.1271528 -117.2870474 330.70 79.100
KCRQ/24 33.1295013 -117.2720032 326.00 259.100
KCRS/02 32.0248985 -96.4065018 438.00 22.000
KCRS/20 32.0331001 -96.4026031 448.00 202.000
KCRS/14 32.0331000 -96.4027020 449.00 145.000
KCRS/32 32.0219000 -96.3934020 432.00 325.000
KCRT/05 33.1741982 -91.8867035 178.00 51.600
KCRT/23 33.1827011 -91.8739014 183.00 231.600
KCRW/05 38.3695984 -81.6016998 946.00 47.000
KCRW/23 38.3814011 -81.5856018 897.00 227.000
KCRX/18 34.9238014 -88.6046982 403.00 174.000
KCRX/36 34.9061012 -88.6023026 425.00 354.000
KCRZ/18 40.9977989 -94.7548981 1274.00 181.000
KCRZ/36 40.9903984 -94.7550964 1248.00 1.000
KCSB/15 40.3116990 -100.1650010 2413.00 155.000
KCSB/33 40.3014980 -100.1589970 2396.00 335.000
KCSG/06 32.5112000 -84.9452972 376.00 53.800
KCSG/24 32.5224991 -84.9270020 391.00 233.800
KCSG/13 32.5186997 -84.9487991 397.00 127.000
KCSG/31 32.5121002 -84.9384003 369.00 307.000
KCSM/17L 35.3437004 -99.1979980 1906.00 180.100
KCSM/35R 35.3293991 -99.1979980 1907.00 0.100
KCSM/17R 35.3596992 -99.2014008 1922.00 180.100
KCSM/35L 35.3226013 -99.2014999 1912.00 0.100
KCSQ/22 41.0239983 -94.3597031 1299.00 225.000
KCSQ/16 41.0275993 -94.3660965 1289.00 165.000
KCSQ/34 41.0148636 -94.3615976 1293.90 345.000
KCSV/08 35.9491997 -85.0938034 1881.00 73.500
KCSV/26 35.9533997 -85.0762024 1867.00 253.500
KCTB/05 48.6064987 -112.3850021 3850.00 64.000
KCTB/23 48.6128998 -112.3659973 3836.00 244.000
KCTB/14 48.6134000 -112.3820040 3854.00 152.000
KCTB/32 48.6006010 -112.3720020 3838.00 332.000
KCTJ/17 33.6394005 -85.1548996 1161.00 164.000
KCTJ/35 33.6244011 -85.1496963 1110.00 344.000
KCTK/09 40.5707016 -90.0817032 684.00 89.600
KCTK/27 40.5707016 -90.0699005 682.00 269.600
KCTK/18 40.5731010 -90.0738983 682.00 181.200
KCTK/36 40.5624008 -90.0742035 671.00 1.200
KCTY/04 29.6340008 -83.1079025 42.00 44.000
KCTY/22 29.6439991 -83.0970001 39.00 224.000
KCTY/13 29.6368008 -83.1127014 41.00 134.000
KCTY/31 29.6273003 -83.1013031 40.00 314.000
KCTZ/06 34.9720001 -78.3701019 142.00 50.900
KCTZ/24 34.9793015 -78.3591003 144.00 230.900
KCUB/13 33.9746017 -81.0018005 193.00 127.000
KCUB/31 33.9663010 -80.9886017 179.00 307.000
KCUH/02 35.9473000 -96.7746963 914.00 28.500
KCUH/20 35.9539986 -96.7703018 914.00 208.500
KCUH/08 35.9505997 -96.7817001 914.00 90.000
KCUH/26 35.9505997 -96.7724991 914.00 270.000
KCUH/11 35.9509010 -96.7810974 914.00 122.400
KCUH/29 35.9471016 -96.7738037 914.00 302.400
KCUH/18 35.9572983 -96.7693024 916.00 179.500
KCUH/36 35.9430008 -96.7690964 879.00 359.500
KCUL/18 38.0950012 -88.1230011 388.00 180.200
KCUL/36 38.0839996 -88.1231003 383.00 0.200
KCVB/16 29.3604650 -98.8537720 774.00 161.000
KCVB/34 29.3359030 -98.8486570 763.00 341.000
KCVG/09 39.0463982 -84.6950989 883.00 90.000
KCVG/27 39.0462990 -84.6528015 875.00 270.000
KCVG/18C 39.0647011 -84.6686020 875.00 180.000
KCVG/36C 39.0345001 -84.6687012 841.00 0.000
KCVG/18L 39.0559006 -84.6466980 886.00 180.000
KCVG/36R 39.0284004 -84.6467972 896.00 0.000
KCVG/18R 39.0709000 -84.6837006 866.00 180.200
KCVG/36L 39.0489006 -84.6837997 873.00 0.200
KCVH/06 36.8897018 -121.4130020 224.00 72.000
KCVH/24 36.8923988 -121.4029999 222.00 252.000
KCVH/13 36.9012985 -121.4179993 202.00 142.000
KCVH/31 36.8875999 -121.4049988 230.00 322.000
KCVK/04 36.2594986 -91.5683975 668.00 41.000
KCVK/22 36.2701988 -91.5569000 716.00 221.000
KCVN/04 34.4221333 -103.0841015 4196.44 45.600
KCVN/22 34.4324989 -103.0709991 4216.00 225.600
KCVN/08 34.4196014 -103.0859985 4192.00 90.100
KCVN/26 34.4196014 -103.0770035 4185.00 270.100
KCVN/12 34.4315987 -103.0849991 4216.00 130.500
KCVN/30 34.4213982 -103.0709991 4187.00 310.500
KCVO/10 44.5010900 -123.2887815 241.15 112.000
KCVO/28 44.4982940 -123.2791070 244.00 292.000
KCVO/17 44.5035020 -123.2910000 241.00 187.000
KCVO/35 44.4874000 -123.2939990 245.00 7.000
KCVS/04 34.3767013 -103.3320007 4284.00 45.000
KCVS/22 34.3961983 -103.3079987 4295.00 225.000
KCVS/13 34.3862991 -103.3339996 4294.00 135.000
KCVS/31 34.3703003 -103.3150024 4270.00 315.000
KCVX/04 45.3036003 -85.2712021 649.00 45.600
KCVX/09 45.3041992 -85.2857971 669.00 84.600
KCVX/27 45.3053017 -85.2682037 643.00 264.600
KCWA/08 44.7798996 -89.6754990 1273.00 77.400
KCWA/26 44.7845001 -89.6467972 1260.00 257.400
KCWA/17 44.7809982 -89.6754990 1277.00 170.000
KCWA/35 44.7635002 -89.6712036 1232.00 350.000
KCWC/17 33.8662881 -98.4904048 979.81 180.300
KCWC/35 33.8551851 -98.4903979 1001.65 0.300
KCWF/15 30.2238998 -93.1504974 15.00 155.000
KCWF/33 30.1973000 -93.1359024 17.00 335.000
KCWI/03 41.8263016 -90.3330002 691.00 30.000
KCWI/21 41.8386993 -90.3236008 707.00 210.000
KCWI/14 41.8328216 -90.3338304 699.64 144.000
KCWI/32 41.8249016 -90.3264008 691.00 324.000
KCWV/09 32.1949005 -81.8776016 112.00 89.000
KCWV/27 32.1951540 -81.8647423 112.00 269.000
KCXE/18 36.7929993 -78.5020981 503.00 174.600
KCXE/36 36.7836990 -78.5009995 486.00 354.600
KCXL/08 32.6675987 -115.5250015 4.00 91.000
KCXL/26 32.6673012 -115.5100021 7.00 271.000
KCXO/01 30.3456001 -95.4195023 229.00 17.100
KCXO/19 30.3561001 -95.4158020 235.00 197.100
KCXO/14 30.3579655 -95.4167375 231.87 145.500
KCXO/32 30.3456993 -95.4069977 242.00 325.500
KCXP/09 39.1945000 -119.7440033 4697.00 107.000
KCXP/27 39.1898994 -119.7239990 4686.00 287.000
KCXU/08 31.2119010 -84.2431030 167.00 79.000
KCXU/26 31.2140010 -84.2304990 175.00 259.000
KCXY/08 40.2155991 -76.8584976 336.00 71.100
KCXY/26 40.2200012 -76.8415985 347.00 251.100
KCXY/12 40.2187004 -76.8594971 334.00 116.600
KCXY/30 40.2139015 -76.8470001 344.00 296.600
KCYO/01 39.5099983 -82.9825974 664.00 3.000
KCYO/19 39.5219994 -82.9816971 684.00 183.000
KCYS/09 41.1566448 -104.8187878 6141.10 95.300
KCYS/27 41.1543999 -104.7880020 6100.00 275.300
KCYS/13 41.1601356 -104.8242889 6146.88 135.300
KCYS/31 41.1492004 -104.8099976 6125.00 315.300
KCYW/17 39.3928986 -97.1569977 1208.00 181.000
KCYW/35 39.3814011 -97.1574020 1206.00 1.000
KCZD/13 40.8732987 -100.0090027 2502.00 137.500
KCZD/31 40.8648987 -99.9990997 2497.00 317.500
KCZD/18 40.8734016 -100.0009995 2499.00 190.200
KCZD/36 40.8652992 -100.0029984 2496.00 10.200
KCZG/03 42.0736008 -76.0991974 830.00 23.600
KCZG/21 42.0834007 -76.0933990 827.00 203.600
KCZL/17 34.4635010 -84.9412994 638.00 168.000
KCZL/35 34.4473991 -84.9371033 647.00 348.000
KCZT/13 28.5270004 -99.8292007 599.00 134.000
KCZT/31 28.5174999 -99.8180008 584.00 314.000
KD00/15 47.2643013 -96.4029999 938.00 154.000
KD00/33 47.2565994 -96.3974991 954.00 334.000
KD05/03 47.6535988 -101.4400024 1926.00 40.600
KD05/21 47.6596985 -101.4329987 1932.00 220.600
KD05/13 47.6589012 -101.4410019 1935.00 139.900
KD05/31 47.6511002 -101.4319992 1906.00 319.900
KD09/03 48.8292007 -100.4209976 1665.00 33.000
KD09/21 48.8338013 -100.4169998 1679.00 213.000
KD09/13 48.8334007 -100.4219971 1677.00 135.100
KD09/31 48.8261986 -100.4110031 1660.00 315.100
KD14/14 47.5551987 -96.2956009 1128.00 144.000
KD14/32 47.5485992 -96.2883987 1135.00 324.000
KD25/04 46.1152992 -89.8844986 1607.00 44.000
KD25/22 46.1217995 -89.8755035 1610.00 224.000
KD25/14 46.1253014 -89.8886032 1609.00 141.300
KD25/32 46.1179008 -89.8798981 1610.00 321.300
KD31/09 48.2860985 -99.4083023 1500.00 102.000
KD31/27 48.2844009 -99.3962021 1500.00 282.000
KD37/04 48.1890984 -96.7158966 886.00 51.000
KD37/22 48.1935997 -96.7074966 884.00 231.000
KD37/12 48.1936989 -96.7156982 886.00 131.000
KD37/30 48.1879997 -96.7057037 885.00 311.000
KD39/08 45.7088013 -94.9380035 1244.00 91.000
KD39/26 45.7086983 -94.9293976 1244.00 271.000
KD39/14 45.7089996 -94.9364014 1234.00 150.000
KD39/32 45.7010994 -94.9300995 1234.00 330.000
KD42/13 44.2341995 -95.0037994 1070.00 132.000
KD42/31 44.2279015 -94.9941025 1067.00 312.000
KD50/03 48.9249992 -103.2990036 1947.00 44.200
KD50/21 48.9303017 -103.2910004 1939.00 224.200
KD50/12 48.9322014 -103.3030014 1950.00 135.100
KD50/30 48.9248009 -103.2919998 1944.00 315.100
KD55/08 48.7564011 -98.3942032 1600.00 90.000
KD55/26 48.7564011 -98.3843994 1596.00 270.000
KD55/14 48.7588997 -98.3974991 1602.00 140.100
KD55/32 48.7514000 -98.3880997 1608.00 320.100
KD56/17 47.4824982 -97.3283005 976.00 180.000
KD56/35 47.4737015 -97.3283005 975.00 0.000
KD57/11 46.8167992 -101.8720016 2091.00 118.000
KD57/29 46.8117981 -101.8580017 2091.00 298.000
KD60/03 48.3777008 -102.9020004 2255.00 41.000
KD60/21 48.3843002 -102.8939972 2236.00 221.000
KD60/12 48.3843994 -102.9049988 2239.00 133.000
KD60/30 48.3759995 -102.8909988 2266.00 313.000
KD64/13 48.9164009 -101.0370026 1492.00 140.100
KD64/31 48.9103012 -101.0299988 1492.00 320.100
KD68/03 34.1220017 -109.3209991 7050.00 44.000
KD68/21 34.1386986 -109.3020020 7019.00 224.000
KD68/11 34.1363983 -109.3109970 7030.00 128.000
KD68/29 34.1287003 -109.2990036 7030.00 308.000
KD73/03 33.7799980 -83.6946751 853.97 31.400
KD73/21 33.7863007 -83.6900024 829.00 211.400
KD83/13 39.0151082 -123.3850025 353.40 142.000
KD83/31 39.0092011 -123.3789978 371.00 322.000
KD86/13 36.4514301 -119.3215861 310.21 144.800
KD86/31 36.4453011 -119.3160019 313.00 324.800
KD95/09 43.0653000 -83.2732732 830.72 90.000
KD95/27 43.0653000 -83.2671967 824.00 270.000
KD98/18 42.8005122 -82.9745405 737.83 178.000
KD98/36 42.7909012 -82.9738998 729.00 358.000
KDAA/14 38.7191174 -77.1865359 52.41 133.000
KDAA/32 38.7098007 -77.1740036 69.00 313.000
KDAB/07L 29.1733991 -81.0758337 28.26 65.000
KDAB/25R 29.1847000 -81.0478973 32.00 245.000
KDAB/07R 29.1760006 -81.0568008 28.00 65.000
KDAB/25L 29.1797009 -81.0477982 32.00 245.000
KDAB/16 29.1909008 -81.0562973 31.00 157.000
KDAB/34 29.1756992 -81.0490036 32.00 337.000
KDAF/18 44.0371017 -90.0851974 912.00 179.000
KDAF/36 44.0297012 -90.0850983 919.00 359.000
KDAG/04 34.8520012 -116.7929993 1920.00 50.400
KDAG/22 34.8610001 -116.7799988 1906.00 230.400
KDAG/08 34.8515015 -116.7979965 1927.00 90.000
KDAG/26 34.8515015 -116.7760010 1906.00 270.000
KDAL/13L 32.8572998 -96.8567963 477.00 135.600
KDAL/31R 32.8419991 -96.8391037 487.00 315.600
KDAL/13R 32.8503396 -96.8623839 476.00 135.600
KDAL/31L 32.8339996 -96.8433990 476.00 315.600
KDAN/02 36.5629005 -79.3414993 535.00 16.300
KDAN/20 36.5801010 -79.3352966 563.00 196.300
KDAN/13 36.5782013 -79.3380966 571.00 125.000
KDAN/31 36.5718994 -79.3267975 526.00 305.000
KDAW/15 43.2877010 -70.9348980 300.00 132.000
KDAW/33 43.2804990 -70.9235990 322.00 312.000
KDAY/06L 39.8950996 -84.2460022 998.00 55.300
KDAY/24R 39.9121017 -84.2141037 996.00 235.300
KDAY/06R 39.8909988 -84.2223968 1006.00 55.400
KDAY/24L 39.9019013 -84.2018967 1001.00 235.400
KDAY/18 39.9173012 -84.2120972 991.00 178.500
KDAY/36 39.8940010 -84.2113037 1007.00 358.500
KDBN/02 32.5573006 -82.9849014 291.00 16.000
KDBN/20 32.5731010 -82.9794006 304.00 196.000
KDBN/14 32.5672360 -82.9932631 302.74 136.000
KDBN/32 32.5584984 -82.9833984 293.00 316.000
KDBQ/13 42.4093018 -90.7154999 1077.00 135.000
KDBQ/31 42.3967018 -90.6985016 1062.00 315.000
KDBQ/18 42.4095993 -90.7119980 1073.00 180.000
KDBQ/36 42.3922997 -90.7119980 1033.00 0.000
KDCA/01 38.8423996 -77.0367966 12.00 356.000
KDCA/19 38.8611984 -77.0386963 13.00 176.000
KDCA/04 38.8423004 -77.0408020 13.00 26.000
KDCA/22 38.8544006 -77.0333023 11.00 206.000
KDCA/15 38.8616982 -77.0438004 15.00 142.700
KDCA/33 38.8502998 -77.0326996 11.00 322.700
KDCM/05 34.7844009 -81.1996994 643.00 54.500
KDCM/23 34.7924004 -81.1860962 622.00 234.500
KDCM/17 34.7952413 -81.1999498 654.24 168.100
KDCM/35 34.7852388 -81.1973454 638.72 348.100
KDCU/18 34.6623993 -86.9451981 588.00 180.000
KDCU/36 34.6456985 -86.9451981 583.00 0.000
KDCY/18 38.7059351 -87.1296997 460.44 180.000
KDCY/36 38.6940994 -87.1296997 467.00 0.000
KDDC/02 37.7554016 -99.9677963 2594.00 32.000
KDDC/20 37.7662010 -99.9590988 2562.00 212.000
KDDC/14 37.7732010 -99.9720001 2583.00 154.000
KDDC/32 37.7576032 -99.9623684 2589.42 334.000
KDDH/13 42.8936996 -73.2525024 794.00 119.000
KDDH/31 42.8889008 -73.2403030 827.00 299.000
KDEC/06 39.8270988 -88.8744965 672.00 59.100
KDEC/24 39.8390999 -88.8486023 682.00 239.100
KDEC/12 39.8413010 -88.8748016 679.00 119.000
KDEC/30 39.8321991 -88.8535995 679.00 299.000
KDEC/18 39.8414993 -88.8743973 678.00 179.100
KDEC/36 39.8269005 -88.8740997 672.00 359.100
KDED/05 29.0608997 -81.2881012 78.00 49.000
KDED/23 29.0687008 -81.2779999 68.00 229.000
KDED/12 29.0723991 -81.2926025 74.00 117.000
KDED/30 29.0648994 -81.2759018 70.00 297.000
KDEH/11 43.2778015 -91.7462006 1145.00 114.700
KDEH/29 43.2732010 -91.7324982 1157.00 294.700
KDEN/07 39.8409004 -104.7269974 5347.00 90.500
KDEN/25 39.8406982 -104.6839981 5352.00 270.500
KDEN/08 39.8776016 -104.6620026 5351.00 90.500
KDEN/26 39.8772011 -104.6190033 5291.00 270.500
KDEN/16L 39.8969994 -104.6869965 5347.00 180.500
KDEN/34R 39.8641014 -104.6869965 5351.00 0.500
KDEN/16R 39.8958015 -104.6959991 5319.00 180.500
KDEN/34L 39.8518982 -104.6969986 5324.00 0.500
KDEN/17L 39.8650017 -104.6409988 5325.00 180.500
KDEN/35R 39.8320007 -104.6419983 5367.00 0.500
KDEN/17R 39.8611984 -104.6600037 5374.00 180.500
KDEN/35L 39.8283005 -104.6610031 5431.00 0.500
KDEQ/08 34.0461998 -94.4076004 355.00 83.100
KDEQ/26 34.0477982 -94.3911972 355.00 263.100
KDET/15 42.4179993 -83.0161972 624.00 143.000
KDET/33 42.4067993 -83.0049973 625.00 323.000
KDEW/04 47.9621010 -117.4290009 2188.00 61.000
KDEW/22 47.9664001 -117.4179993 2183.00 241.000
KDEW/16 47.9768982 -117.4309998 2210.00 180.000
KDEW/34 47.9602013 -117.4309998 2185.00 0.000
KDFI/12 41.3399010 -84.4356995 708.00 114.800
KDFI/30 41.3350983 -84.4218979 699.00 294.800
KDFW/13L 32.9113837 -97.0200642 547.08 135.300
KDFW/31R 32.8950005 -97.0008011 508.00 315.300
KDFW/13R 32.9095993 -97.0830994 591.00 139.000
KDFW/31L 32.8903008 -97.0633011 577.00 319.000
KDFW/17C 32.9156990 -97.0260010 562.00 180.300
KDFW/35C 32.8788986 -97.0261993 562.00 0.300
KDFW/17L 32.8983002 -97.0098038 524.00 180.300
KDFW/35R 32.8750000 -97.0099030 575.00 0.300
KDFW/17R 32.9156990 -97.0298996 567.00 180.300
KDFW/35L 32.8788986 -97.0300980 563.00 0.300
KDFW/18L 32.9157982 -97.0506973 602.00 180.200
KDFW/36R 32.8790016 -97.0509033 575.00 0.200
KDFW/18R 32.9157982 -97.0546036 607.00 180.300
KDFW/36L 32.8790016 -97.0548019 582.00 0.300
KDGL/03 31.3348999 -109.5090027 4153.00 35.500
KDGL/21 31.3477993 -109.4980011 4173.00 215.500
KDGL/18 31.3469009 -109.5059967 4148.00 190.800
KDGL/36 31.3358002 -109.5080032 4153.00 10.800
KDGW/05 42.7980995 -105.3990021 4898.00 66.800
KDGW/23 42.8031998 -105.3820038 4911.00 246.800
KDGW/11 42.7988014 -105.3929977 4909.00 117.800
KDGW/29 42.7904015 -105.3720016 4932.00 297.800
KDHN/14 31.3306007 -85.4616013 401.00 135.000
KDHN/32 31.3141003 -85.4423981 382.00 315.000
KDHN/18 31.3262259 -85.4456020 394.69 180.000
KDHN/36 31.3127990 -85.4456020 378.00 0.000
KDHT/03 36.0172996 -102.5550003 3983.00 45.000
KDHT/21 36.0284004 -102.5419998 3982.00 225.000
KDHT/17 36.0311012 -102.5459976 3990.00 180.000
KDHT/35 36.0135002 -102.5459976 3986.00 0.000
KDIJ/04 43.7358020 -111.1080020 6141.00 48.000
KDIJ/22 43.7491000 -111.0869980 6229.00 228.000
KDIK/07 46.7961998 -102.8119965 2571.00 80.000
KDIK/25 46.7985001 -102.7929993 2592.00 260.000
KDIK/14 46.8049011 -102.8079987 2587.00 150.400
KDIK/32 46.7896996 -102.7949982 2589.00 330.400
KDKB/02 41.9271011 -88.7070007 915.00 19.500
KDKB/20 41.9458008 -88.6981964 905.00 199.500
KDKB/09 41.9290009 -88.7188034 911.00 90.000
KDKB/27 41.9290009 -88.7033005 912.00 270.000
KDKK/06 42.4901009 -79.2772980 674.00 50.000
KDKK/24 42.4989014 -79.2630997 665.00 230.000
KDKK/15 42.4976006 -79.2770004 661.00 139.000
KDKK/33 42.4892998 -79.2673035 693.00 319.000
KDKR/02 31.3017998 -95.4061966 327.00 21.400
KDKR/20 31.3120995 -95.4014969 348.00 201.400
KDKX/08 35.9626007 -83.8794022 833.00 75.100
KDKX/26 35.9650993 -83.8679962 831.00 255.100
KDLC/07 34.4472008 -79.3731003 133.00 63.900
KDLC/25 34.4509010 -79.3640976 117.00 243.900
KDLF/13C 29.3675003 -100.7880020 1081.00 135.400
KDLF/31C 29.3500996 -100.7679977 1067.00 315.400
KDLF/13L 29.3682003 -100.7839966 1078.00 135.400
KDLF/31R 29.3519001 -100.7659988 1063.00 315.400
KDLF/13R 29.3658009 -100.7880020 1076.00 135.400
KDLF/31L 29.3535995 -100.7750015 1076.00 315.400
KDLH/03 46.8358002 -92.1882019 1413.00 31.500
KDLH/21 46.8490982 -92.1763000 1416.00 211.500
KDLH/09 46.8424988 -92.2202988 1428.00 92.300
KDLH/27 46.8414001 -92.1798019 1419.00 272.300
KDLL/01 43.5162010 -89.7715990 976.00 9.000
KDLL/19 43.5292020 -89.7688980 967.00 189.000
KDLL/14 43.5233002 -89.7757034 976.00 135.000
KDLL/32 43.5180016 -89.7685013 976.00 315.000
KDLN/04 45.2487984 -112.5579987 5217.00 50.000
KDLN/22 45.2551994 -112.5479965 5223.00 230.000
KDLN/17 45.2661018 -112.5520020 5153.00 179.000
KDLN/35 45.2482987 -112.5520020 5241.00 359.000
KDLO/15 35.7486031 -119.2380130 312.42 159.000
KDLO/33 35.7384000 -119.2330020 311.00 339.000
KDLS/07 45.6208421 -121.1762780 214.94 88.000
KDLS/25 45.6212810 -121.1607714 241.69 268.000
KDLS/13 45.6230519 -121.1725474 212.10 145.000
KDLS/31 45.6120990 -121.1620030 239.00 325.000
KDLZ/10 40.2807007 -83.1237030 943.00 98.000
KDLZ/28 40.2787018 -83.1059036 945.00 278.000
KDMA/12 32.1803017 -110.8980026 2589.00 137.500
KDMA/30 32.1525993 -110.8679962 2704.00 317.500
KDMN/04 32.2565994 -107.7310028 4311.00 51.600
KDMN/22 32.2663002 -107.7170029 4303.00 231.600
KDMN/08 32.2630005 -107.7279968 4314.00 89.700
KDMN/26 32.2630997 -107.7070007 4292.00 269.700
KDMO/05 38.7016983 -93.1859970 909.00 54.000
KDMO/23 38.7072983 -93.1760025 888.00 234.000
KDMO/18 38.7154999 -93.1724014 882.00 182.000
KDMO/36 38.7004013 -93.1729965 902.00 2.000
KDMW/16 39.6142006 -77.0124969 789.00 148.000
KDMW/34 39.6022987 -77.0028992 774.00 328.000
KDNL/05 33.4617693 -82.0424403 366.88 45.000
KDNL/23 33.4680430 -82.0349709 327.53 225.000
KDNL/11 33.4694837 -82.0447598 421.74 104.000
KDNL/29 33.4672012 -82.0338974 419.00 284.000
KDNN/14 34.7285004 -84.8765030 708.00 137.000
KDNN/32 34.7173996 -84.8639984 691.00 317.000
KDNS/12 41.9896011 -95.3871002 1273.00 124.300
KDNS/30 41.9818993 -95.3719025 1258.00 304.300
KDNV/03 40.1938019 -87.5996018 651.00 29.200
KDNV/21 40.2081985 -87.5891037 696.00 209.200
KDNV/16 40.2030983 -87.5991974 682.00 164.300
KDNV/34 40.1925011 -87.5952988 656.00 344.300
KDOV/01 39.1171989 -75.4645996 24.00 3.200
KDOV/19 39.1435013 -75.4626999 21.00 183.200
KDOV/14 39.1324860 -75.4739181 20.98 125.800
KDOV/32 39.1185989 -75.4492035 25.00 305.800
KDPA/02L 41.8940010 -88.2535019 751.00 14.000
KDPA/20R 41.9141998 -88.2468033 756.00 194.000
KDPA/02R 41.8933640 -88.2499290 758.00 14.000
KDPA/20L 41.9105400 -88.2441910 754.00 194.000
KDPA/10 41.9135017 -88.2584992 753.00 96.000
KDPA/28 41.9121017 -88.2410965 756.00 276.000
KDPA/15 41.9192260 -88.2457480 757.00 148.000
KDPA/33 41.9118007 -88.2394159 757.94 328.000
KDPL/05 34.9934006 -77.9876022 136.00 36.000
KDPL/23 35.0066986 -77.9757996 137.00 216.000
KDQH/04 31.4701004 -82.8663025 251.00 37.000
KDQH/22 31.4832993 -82.8546982 257.00 217.000
KDRA/02 36.6111984 -116.0390015 3140.00 34.000
KDRA/20 36.6282005 -116.0250015 3314.00 214.000
KDRI/14 30.8366448 -93.3466073 193.90 135.000
KDRI/32 30.8292999 -93.3379974 193.00 315.000
KDRI/18 30.8379993 -93.3377991 201.00 179.400
KDRI/36 30.8229008 -93.3376007 197.00 359.400
KDRM/01 46.0069010 -83.7397000 668.00 358.000
KDRM/19 46.0139010 -83.7410960 668.00 178.000
KDRM/08 46.0075476 -83.7514575 657.00 72.100
KDRM/26 46.0101565 -83.7395377 657.00 252.100
KDRO/03 37.1414986 -107.7630005 6616.00 37.000
KDRO/21 37.1615982 -107.7440033 6685.00 217.000
KDRT/13 29.3802676 -100.9323946 1001.67 140.200
KDRT/31 29.3675003 -100.9209976 995.00 320.200
KDSM/13 41.5456009 -93.6744995 912.00 132.000
KDSM/31 41.5289993 -93.6501999 958.00 312.000
KDSM/23 41.5378990 -93.6505970 935.00 234.000
KDSV/14 42.5733986 -77.7182007 635.00 128.000
KDSV/32 42.5676994 -77.7083969 660.00 308.000
KDTA/12 39.3814482 -112.5182189 4755.00 132.200
KDTA/30 39.3729047 -112.5057196 4755.00 312.200
KDTA/17 39.3912010 -112.5019989 4759.00 180.300
KDTA/35 39.3759995 -112.5019989 4753.00 0.300
KDTL/14 46.8296010 -95.8896030 1396.00 140.000
KDTL/32 46.8200990 -95.8780980 1361.00 320.000
KDTN/05 32.5373577 -93.7483857 173.27 55.300
KDTN/23 32.5419998 -93.7404022 178.00 235.300
KDTN/14 32.5460014 -93.7503967 178.00 140.300
KDTN/32 32.5353012 -93.7399979 179.00 320.300
KDTO/18L 33.2089996 -97.1977997 640.00 181.000
KDTO/36R 33.1925011 -97.1981964 627.00 1.000
KDTS/14 30.4055000 -86.4763030 22.00 142.000
KDTS/32 30.3946000 -86.4665990 21.00 322.000
KDTW/03L 42.2078018 -83.3511963 636.00 29.000
KDTW/21R 42.2282982 -83.3360977 632.00 209.000
KDTW/03R 42.1955986 -83.3517990 633.00 29.000
KDTW/21L 42.2196999 -83.3340988 632.00 209.000
KDTW/04L 42.2022018 -83.3840027 645.00 28.700
KDTW/22R 42.2262001 -83.3663025 642.00 208.700
KDTW/04R 42.2023010 -83.3712997 637.00 29.000
KDTW/22L 42.2312012 -83.3499985 636.00 209.000
KDTW/09L 42.2169990 -83.3631973 638.00 89.000
KDTW/27R 42.2174988 -83.3310013 635.00 269.000
KDTW/09R 42.1990013 -83.3617020 636.00 89.000
KDTW/27L 42.1995010 -83.3303986 629.00 269.000
KDUA/17 33.9490390 -96.3949900 699.00 180.000
KDUA/35 33.9303560 -96.3951250 694.00 0.000
KDUC/17 34.4799995 -97.9599991 1113.00 180.000
KDUC/35 34.4617004 -97.9597015 1090.00 0.000
KDUG/08 31.4741001 -109.6110001 4113.00 90.200
KDUG/26 31.4740009 -109.5950012 4145.00 270.200
KDUG/17 31.4743004 -109.6039963 4126.00 179.800
KDUG/35 31.4542007 -109.6039963 4082.00 359.800
KDUH/09 41.7356891 -83.6599236 669.00 86.900
KDUH/27 41.7363014 -83.6462021 669.00 266.900
KDUJ/07 41.1748009 -78.9076004 1817.00 62.300
KDUJ/25 41.1818008 -78.8898010 1817.00 242.300
KDUX/01 35.8501015 -102.0169983 3705.00 23.100
KDUX/19 35.8639984 -102.0100021 3698.00 203.100
KDUX/14 35.8632011 -102.0149994 3698.00 151.600
KDUX/32 35.8557014 -102.0100021 3700.00 331.600
KDVK/01 37.5782013 -84.7744980 1014.00 8.000
KDVK/19 37.5845985 -84.7733994 1022.00 188.000
KDVK/13 37.5798000 -84.7751010 1015.00 122.000
KDVK/31 37.5727010 -84.7603990 1016.00 302.000
KDVL/03 48.1099548 -98.9161710 1448.66 45.000
KDVL/21 48.1180000 -98.9042969 1441.00 225.000
KDVL/13 48.1203995 -98.9148026 1445.00 138.000
KDVL/31 48.1091995 -98.8996963 1443.00 318.000
KDVN/03 41.6074982 -90.5920029 747.00 29.600
KDVN/21 41.6170006 -90.5847015 749.00 209.600
KDVN/15 41.6153984 -90.5933991 751.00 149.600
KDVN/33 41.6022987 -90.5831986 743.00 329.600
KDVO/13 38.1474991 -122.5589981 2.00 148.000
KDVO/31 38.1397018 -122.5530014 1.00 328.000
KDVP/17 43.9902992 -95.7818985 1615.00 183.000
KDVP/35 43.9827004 -95.7825012 1623.00 3.000
KDVT/07L 33.6892014 -112.0889969 1455.00 86.000
KDVT/25R 33.6899986 -112.0749969 1477.00 266.000
KDVT/07R 33.6869696 -112.0930529 1448.28 86.000
KDVT/25L 33.6884003 -112.0690002 1475.00 266.000
KDWA/16 38.5872002 -121.8570023 96.00 180.300
KDWA/34 38.5708008 -121.8570023 98.00 0.300
KDWH/17L 30.0639000 -95.5523987 150.00 172.800
KDWH/35R 30.0529995 -95.5507965 144.00 352.800
KDWH/17R 30.0705609 -95.5544022 150.99 172.800
KDWH/35L 30.0541992 -95.5520020 145.00 352.800
KDWU/10 38.5555992 -82.7477035 546.00 94.000
KDWU/28 38.5533981 -82.7283020 545.00 274.000
KDXE/18 36.7836990 -89.9409027 305.00 181.900
KDXE/36 36.7713013 -89.9413986 297.00 1.900
KDXR/08 41.3690481 -73.4895383 456.75 69.700
KDXR/26 41.3728981 -73.4756012 454.00 249.700
KDXR/17 41.3758544 -73.4829320 453.07 153.200
KDXR/35 41.3692633 -73.4785832 453.93 333.200
KDXX/09 44.9859010 -96.1822970 1082.00 90.000
KDXX/27 44.9859010 -96.1706010 1082.00 270.000
KDXX/14 44.9900020 -96.1830980 1082.00 140.000
KDXX/32 44.9830020 -96.1748960 1077.00 320.000
KDYA/04 32.4588013 -87.9596024 113.00 43.000
KDYA/22 32.4688988 -87.9486008 106.00 223.000
KDYB/06 33.0601006 -80.2838974 45.00 49.100
KDYB/24 33.0667992 -80.2748032 54.00 229.100
KDYL/05 40.3297997 -75.1256027 391.00 36.100
KDYL/23 40.3366013 -75.1191025 393.00 216.100
KDYR/04 35.9903984 -89.4139023 296.00 40.500
KDYR/22 36.0023003 -89.4013977 333.00 220.500
KDYR/16 36.0055008 -89.4072037 338.00 161.500
KDYR/34 35.9949989 -89.4029999 326.00 341.500
KDYS/16 32.4389992 -99.8588028 1789.00 168.800
KDYS/34 32.4025993 -99.8504028 1787.00 348.800
KDYT/14 46.7249985 -92.0475006 605.00 138.300
KDYT/32 46.7187004 -92.0393982 607.00 318.300
KDZB/17 30.5352993 -98.3585968 1070.00 181.100
KDZB/35 30.5188007 -98.3589020 1117.00 1.100
KDZJ/08 34.8540158 -84.0009643 1894.91 72.000
KDZJ/26 34.8567010 -83.9907990 1851.00 252.000
KE01/01 31.5786991 -102.9110031 2615.00 19.700
KE01/19 31.5862007 -102.9079971 2608.00 199.700
KE01/12 31.5860004 -102.9140015 2606.00 126.800
KE01/30 31.5790005 -102.9029999 2610.00 306.800
KE05/11 32.6623993 -107.2020035 4080.00 112.300
KE05/29 32.6581001 -107.1890030 4078.00 292.300
KE06/03 32.9486999 -103.4140015 3976.00 45.000
KE06/21 32.9603996 -103.4010010 3967.00 225.000
KE06/12 32.9575996 -103.4150009 3979.00 138.000
KE06/30 32.9486008 -103.4059982 3970.00 318.000
KE11/02 32.3274002 -102.5309982 3166.00 26.000
KE11/20 32.3347015 -102.5270004 3168.00 206.000
KE11/11 32.3310013 -102.5309982 3166.00 122.000
KE11/29 32.3264999 -102.5220032 3158.00 302.000
KE11/16 32.3400993 -102.5339966 3174.00 165.000
KE11/34 32.3246994 -102.5289993 3168.00 345.000
KE13/26 31.4150009 -102.3629990 2552.00 270.000
KE13/30 31.4150009 -102.3629990 2552.00 309.000
KE16/14 37.0854988 -121.5989990 281.00 156.000
KE16/32 37.0777016 -121.5950012 271.00 336.000
KE19/02 36.2281990 -101.4359970 3205.00 30.400
KE19/20 36.2392998 -101.4280014 3187.00 210.400
KE25/05 33.9663056 -112.8044692 2385.39 60.900
KE25/23 33.9721985 -112.7910004 2379.00 240.900
KE26/01 32.1272011 -103.1569977 3110.00 17.500
KE26/19 32.1394997 -103.1520004 3110.00 197.500
KE30/17 31.6798992 -99.9769974 1735.00 180.300
KE30/35 31.6690998 -99.9769974 1737.00 0.300
KE34/01 34.9057007 -100.8720016 2833.00 19.300
KE34/19 34.9173012 -100.8669968 2820.00 199.300
KE35/08 31.5156093 -106.1533885 3632.22 89.000
KE35/26 31.5158005 -106.1409988 3679.00 269.000
KE38/01 30.3754005 -103.6869965 4515.00 22.700
KE38/19 30.3906002 -103.6790009 4450.00 202.700
KE38/05 30.3824005 -103.6910019 4510.00 61.700
KE38/23 30.3889008 -103.6770020 4448.00 241.700
KE41/09 31.1965008 -101.4800034 2690.00 98.000
KE41/27 31.1952992 -101.4690018 2692.00 278.000
KE41/16 31.2042999 -101.4739990 2705.00 169.000
KE41/34 31.1933994 -101.4710007 2700.00 349.000
KE42/02 36.2150002 -101.1989975 3086.00 29.000
KE42/20 36.2270012 -101.1900024 3090.00 209.000
KE45/09 37.8633995 -120.1839981 2892.00 110.600
KE45/27 37.8599014 -120.1729965 2930.00 290.600
KE51/05 34.5928993 -113.1770020 4136.00 62.400
KE52/17 35.2378006 -102.3990021 3995.00 178.200
KE52/35 35.2262001 -102.3990021 3981.00 358.200
KE60/02 32.8027992 -111.5910034 1513.00 37.100
KE60/20 32.8111000 -111.5830002 1507.00 217.100
KE78/04 31.9279003 -111.9020004 2348.00 51.600
KE78/22 31.9377995 -111.8870010 2409.00 231.600
KE80/03 34.6388016 -106.8410034 5194.00 45.000
KE80/21 34.6515999 -106.8259964 5174.00 225.000
KE80/13 34.6518400 -106.8458480 5200.00 135.000
KE80/31 34.6415860 -106.8334350 5176.00 315.000
KE89/09 35.3678017 -104.1959991 4230.00 99.400
KEAG/13 42.7133441 -93.9207649 1130.93 136.400
KEAG/31 42.7066002 -93.9121017 1129.00 316.400
KEAN/08 42.0554008 -104.9390030 4774.00 89.400
KEAN/26 42.0555992 -104.9179993 4766.00 269.400
KEAR/13 40.7322998 -99.0086975 2129.00 141.200
KEAR/31 40.7226982 -98.9985962 2128.00 321.200
KEAR/18 40.7364006 -99.0071030 2129.00 187.400
KEAR/36 40.7170982 -99.0103989 2131.00 7.400
KEAT/12 47.4031963 -120.2139940 1221.00 135.000
KEAT/30 47.3937511 -120.1992892 1230.74 315.000
KEAU/04 44.8608493 -91.4905111 889.57 45.000
KEAU/22 44.8750000 -91.4705963 913.00 225.000
KEAU/14 44.8688011 -91.4947968 883.00 139.000
KEAU/32 44.8585014 -91.4821014 888.00 319.000
KEBG/14 26.4472008 -98.1267014 75.00 143.900
KEBG/32 26.4361000 -98.1176987 73.00 323.900
KEBS/14 42.4404983 -93.8732986 1104.00 144.100
KEBS/32 42.4315987 -93.8645020 1121.00 324.100
KECG/10 36.2612991 -76.1841965 11.00 92.400
KECG/28 36.2605019 -76.1596985 10.00 272.400
KECS/14 43.8900922 -104.3208812 4174.00 144.000
KECS/32 43.8795010 -104.3099980 4174.00 324.000
KECU/14 29.9508517 -100.1774814 2367.14 145.200
KECU/32 29.9423008 -100.1699982 2369.00 325.200
KEDC/13 30.4025220 -97.5720628 617.71 131.000
KEDC/31 30.3925990 -97.5590970 597.00 311.000
KEDC/16 30.3971004 -97.5673981 615.00 166.000
KEDC/34 30.3929996 -97.5662003 599.00 346.000
KEDE/01 36.0204010 -76.5698013 18.00 359.900
KEDE/19 36.0368004 -76.5698013 19.00 179.900
KEDG/01 39.3877034 -76.2906588 22.77 355.200
KEDG/19 39.3978996 -76.2917023 16.00 175.200
KEDJ/07 40.3698997 -83.8274002 1104.00 69.300
KEDJ/25 40.3746986 -83.8106003 1123.00 249.300
KEDN/05 31.2954006 -85.9063034 345.00 52.000
KEDN/23 31.3040009 -85.8934021 357.00 232.000
KEDU/17 38.5358009 -121.7860031 61.00 180.000
KEDW/05R 34.8945650 -117.9050000 2303.00 58.000
KEDW/23L 34.9163014 -117.8623665 2284.20 238.000
KEDW/07 34.8946990 -117.8820040 2289.00 77.000
KEDW/25 34.8995020 -117.8560030 2276.00 257.000
KEED/02 34.7644005 -114.6230011 929.00 29.100
KEED/20 34.7745018 -114.6159973 844.00 209.100
KEED/11 34.7671013 -114.6340027 983.00 119.200
KEED/29 34.7603989 -114.6190033 918.00 299.200
KEEN/02 42.8872986 -72.2708969 488.00 3.200
KEEN/20 42.9043007 -72.2695999 482.00 183.200
KEEN/14 42.9057007 -72.2776031 472.00 127.200
KEEN/32 42.9009242 -72.2689800 476.35 307.200
KEEO/03 40.0419006 -107.8929977 6348.00 39.500
KEEO/21 40.0556984 -107.8789978 6421.00 219.500
KEET/16 33.1841010 -86.7864000 573.00 157.000
KEET/34 33.1713980 -86.7800980 586.00 337.000
KEFC/14 44.7397003 -103.8659973 3167.00 152.200
KEFC/32 44.7286987 -103.8580017 3178.00 332.200
KEFC/18 44.7397003 -103.8600006 3189.00 192.600
KEFC/36 44.7299995 -103.8629990 3189.00 12.600
KEFD/17L 29.6184998 -95.1561966 31.00 178.800
KEFD/35R 29.6058006 -95.1558991 30.00 358.800
KEFD/17R 29.6182995 -95.1643982 31.00 178.800
KEFD/35L 29.5935993 -95.1638031 27.00 358.800
KEFK/05 44.8847008 -72.2349014 922.00 29.400
KEFK/23 44.8942986 -72.2273026 926.00 209.400
KEFK/18 44.8931999 -72.2300034 929.00 160.000
KEFK/36 44.8829994 -72.2246018 917.00 340.000
KEFT/02 42.6102982 -89.5954971 1085.00 22.000
KEFT/20 42.6180000 -89.5913010 1085.00 202.000
KEFT/12 42.6188011 -89.5968018 1062.00 122.000
KEFT/30 42.6115990 -89.5810013 1062.00 302.000
KEFW/14 42.0138016 -94.3469009 1042.00 142.800
KEFW/32 42.0068016 -94.3397980 1042.00 322.800
KEFW/36 42.0079994 -94.3411026 1043.00 11.000
KEGE/07 39.6409988 -106.9319992 6461.00 81.900
KEGE/25 39.6437139 -106.9075236 6537.44 261.900
KEGI/18 30.6613007 -86.5226974 190.00 181.000
KEGI/36 30.6394005 -86.5231018 191.00 1.000
KEGQ/13 43.1071014 -94.7117004 1205.00 136.700
KEGQ/31 43.1003990 -94.7029037 1205.00 316.700
KEGT/18 37.3293990 -97.3883970 1276.00 179.000
KEGT/36 37.3179020 -97.3882980 1271.00 359.000
KEGV/04 45.9269981 -89.2761002 1641.00 45.000
KEGV/22 45.9365997 -89.2621002 1638.00 225.000
KEGV/13 45.9362984 -89.2721024 1640.00 132.000
KEGV/31 45.9300003 -89.2621994 1639.00 312.000
KEHA/04 36.9950981 -101.8840027 3622.00 48.400
KEHA/22 37.0041008 -101.8720016 3594.00 228.400
KEHA/17 37.0085983 -101.8820038 3605.00 179.000
KEHA/35 36.9952011 -101.8820038 3616.00 359.000
KEHO/05 35.2501984 -81.6072998 836.00 46.800
KEHO/23 35.2599983 -81.5945969 839.00 226.800
KEHR/09 37.8075980 -87.6951980 385.00 88.000
KEHR/27 37.8081020 -87.6762010 386.00 268.000
KEIK/16 40.0164990 -105.0500030 5072.00 167.000
KEIK/34 40.0038990 -105.0459980 5116.00 347.000
KEIW/18 36.5396996 -89.5997009 294.00 179.800
KEIW/36 36.5308991 -89.5997009 295.00 359.800
KEKA/12 40.8063011 -124.1169968 3.00 135.000
KEKA/30 40.8004990 -124.1090012 7.00 315.000
KEKM/09 41.7209015 -86.0194016 771.00 89.900
KEKM/27 41.7209015 -85.9955978 777.00 269.900
KEKM/18 41.7223015 -85.9933014 778.00 172.000
KEKM/36 41.7113991 -85.9912033 772.00 352.000
KEKN/05 38.8849983 -79.8628006 1973.00 38.800
KEKN/23 38.8945999 -79.8528976 1947.00 218.800
KEKN/14 38.8930016 -79.8626022 1940.00 128.800
KEKN/32 38.8852005 -79.8501968 1970.00 308.800
KEKO/06 40.8190900 -115.8056260 5051.00 69.000
KEKO/24 40.8255103 -115.7841108 5071.54 249.000
KEKO/12 40.8316262 -115.7884875 5125.80 134.000
KEKO/30 40.8278170 -115.7835110 5086.00 314.000
KEKQ/03 36.8507996 -84.8600998 959.00 35.800
KEKQ/21 36.8596992 -84.8520966 963.00 215.800
KEKX/05 37.6804008 -85.9326019 750.00 47.000
KEKX/23 37.6917000 -85.9175034 775.00 227.000
KEKY/05 33.3078003 -86.9329987 699.00 50.000
KEKY/23 33.3179016 -86.9188004 700.00 230.000
KELA/17 29.6058006 -96.3229980 184.00 171.300
KELA/35 29.5955010 -96.3211975 184.00 351.300
KELD/04 33.2139015 -92.8188019 259.00 45.900
KELD/22 33.2266007 -92.8032989 259.00 225.900
KELK/17 35.4382019 -99.3942032 2002.00 180.100
KELK/35 35.4234009 -99.3943024 1974.00 0.100
KELM/05 42.1604000 -76.8904040 944.00 50.000
KELM/23 42.1638980 -76.8845980 944.00 230.000
KELM/06 42.1547012 -76.9016037 940.00 50.000
KELM/24 42.1669006 -76.8817978 954.00 230.000
KELM/10 42.1577988 -76.9029007 934.00 89.000
KELM/28 42.1579818 -76.8844821 942.33 269.000
KELN/11 47.0388985 -120.5350037 1763.00 133.000
KELN/29 47.0307999 -120.5230026 1747.00 313.000
KELO/12 47.8283997 -91.8405991 1440.00 119.800
KELO/30 47.8207016 -91.8208008 1455.00 299.800
KELP/04 31.8015003 -106.4000015 3917.00 50.000
KELP/22 31.8227997 -106.3700027 3945.00 230.000
KELP/08L 31.8057003 -106.3700027 3952.00 88.300
KELP/26R 31.8062000 -106.3519974 3949.00 268.300
KELP/08R 31.8022003 -106.3919983 3925.00 93.300
KELP/26L 31.8008003 -106.3629990 3958.00 273.300
KELY/12 39.3033981 -114.8519974 6240.00 140.700
KELY/30 39.2929001 -114.8410034 6259.00 320.700
KELY/18 39.3087997 -114.8359985 6225.00 193.800
KELY/36 39.2928009 -114.8410034 6259.00 13.800
KELZ/10 42.1094017 -77.9982245 2122.19 90.000
KELZ/28 42.1096001 -77.9802017 2100.00 270.000
KEMM/04 41.8231634 -110.5606998 7282.93 53.900
KEMM/22 41.8275986 -110.5530014 7281.00 233.900
KEMM/10 41.8306007 -110.5609970 7282.00 120.500
KEMM/28 41.8260994 -110.5510025 7277.00 300.500
KEMM/16 41.8330994 -110.5589981 7285.00 173.700
KEMM/34 41.8107987 -110.5559998 7271.00 353.700
KEMP/01 38.3254010 -96.1930010 1204.00 12.000
KEMP/19 38.3387990 -96.1894000 1193.00 192.000
KEMP/06 38.3260994 -96.1946030 1200.00 63.600
KEMP/24 38.3310013 -96.1820984 1200.00 243.600
KEMT/01 34.0817594 -118.0372984 283.80 25.000
KEMT/19 34.0893766 -118.0329266 292.24 205.000
KEMV/16 36.6926000 -77.4877010 127.00 147.000
KEMV/34 36.6810990 -77.4782030 112.00 327.000
KEND/17C 36.3554993 -97.9145966 1276.00 180.000
KEND/35C 36.3302994 -97.9147034 1293.00 0.000
KEND/17L 36.3470001 -97.9110031 1273.00 180.000
KEND/35R 36.3330994 -97.9110031 1284.00 0.000
KEND/17R 36.3492012 -97.9232025 1275.00 180.000
KEND/35L 36.3238983 -97.9232025 1307.00 0.000
KENL/09 38.5152446 -89.0949511 521.82 87.000
KENL/27 38.5156583 -89.0855527 520.18 267.000
KENL/18 38.5217018 -89.0915985 519.00 181.000
KENL/36 38.5079994 -89.0917969 534.00 1.000
KENV/08 40.7188988 -114.0429993 4230.00 90.000
KENV/26 40.7190018 -114.0149994 4226.00 270.000
KENV/12 40.7262001 -114.0429993 4237.00 135.000
KENV/30 40.7107010 -114.0230026 4224.00 315.000
KENW/07L 42.5929990 -87.9417040 742.00 64.000
KENW/25R 42.5997010 -87.9234010 713.00 244.000
KENW/07R 42.5909004 -87.9281006 729.00 64.000
KENW/25L 42.5948982 -87.9170990 706.00 244.000
KENW/15 42.6018982 -87.9307022 716.00 144.000
KENW/33 42.5920982 -87.9208984 716.00 324.000
KEOE/04 34.3054008 -81.6432037 541.00 36.900
KEOE/22 34.3130989 -81.6362000 568.00 216.900
KEOK/08 40.4595985 -91.4360962 668.00 85.700
KEOK/26 40.4607010 -91.4163971 670.00 265.700
KEOK/14 40.4632988 -91.4359970 668.00 142.000
KEOK/32 40.4556007 -91.4281006 666.00 322.000
KEOP/07 39.1637993 -82.9357986 660.00 62.100
KEOP/25 39.1701012 -82.9205017 658.00 242.100
KEOS/01 36.8041000 -94.3935013 1254.00 12.000
KEOS/19 36.8175011 -94.3899002 1218.00 192.000
KEPH/03 47.3059006 -119.5220032 1261.00 43.000
KEPH/21 47.3168983 -119.5070038 1276.00 223.000
KEPH/04 47.3067017 -119.5250015 1261.00 42.000
KEPH/22 47.3137016 -119.5149994 1262.00 222.000
KEPH/11 47.3045998 -119.5240021 1261.00 128.000
KEPH/29 47.2981987 -119.5120010 1257.00 308.000
KEPM/14 44.9133990 -67.0188980 35.00 127.000
KEPM/32 44.9068980 -67.0065000 45.00 307.000
KEQA/04 37.7701988 -96.8230972 1376.00 43.000
KEQA/22 37.7785988 -96.8131027 1378.00 223.000
KEQA/15 37.7792015 -96.8198013 1378.00 159.000
KEQA/33 37.7683983 -96.8144989 1378.00 339.000
KEQY/05 35.0136986 -80.6268997 679.00 47.000
KEQY/23 35.0239983 -80.6135025 662.00 227.000
KERI/02 42.0798034 -80.1796695 730.07 10.100
KERI/20 42.0862725 -80.1782003 727.35 190.100
KERI/06 42.0780671 -80.1816398 731.67 54.400
KERI/24 42.0870018 -80.1649017 729.00 234.400
KERV/03 29.9784458 -99.0898149 1581.19 33.000
KERV/21 29.9867001 -99.0837021 1617.00 213.000
KERV/12 29.9772542 -99.0902193 1576.63 130.500
KERV/30 29.9678001 -99.0774994 1589.00 310.500
KERY/04 46.3064116 -85.4546746 852.66 33.600
KERY/22 46.3107987 -85.4504013 852.00 213.600
KERY/11 46.3157005 -85.4677963 869.00 110.200
KERY/29 46.3115997 -85.4518967 852.00 290.200
KESC/01 45.7183990 -87.0867000 592.00 1.000
KESC/19 45.7321010 -87.0864030 604.00 181.000
KESC/10 45.7207980 -87.1120000 609.00 91.000
KESC/28 45.7205010 -87.0865020 593.00 271.000
KESF/09 31.3944000 -92.3060000 96.00 91.000
KESF/27 31.3941990 -92.2867970 90.00 271.000
KESF/14 31.4018002 -92.3003006 112.00 145.000
KESF/32 31.3892002 -92.2900009 88.00 325.000
KESN/04 38.7974014 -76.0719986 36.00 30.500
KESN/22 38.8103981 -76.0622025 72.00 210.500
KESN/15 38.8086014 -76.0764008 33.00 137.600
KESN/33 38.8004990 -76.0669022 51.00 317.600
KEST/06 43.4048004 -94.7517014 1317.00 72.800
KEST/24 43.4071999 -94.7409973 1314.00 252.800
KEST/16 43.4146996 -94.7482986 1316.00 169.600
KEST/34 43.4017982 -94.7450027 1317.00 349.600
KETB/06 43.4199982 -88.1342011 886.00 59.000
KETB/24 43.4254990 -88.1216965 874.00 239.000
KETB/13 43.4253998 -88.1346970 882.00 127.000
KETB/31 43.4179993 -88.1211014 868.00 307.000
KETC/09 35.9366989 -77.5531998 53.00 83.800
KETC/27 35.9379005 -77.5398026 45.00 263.800
KETH/16 45.7843018 -96.5445023 1017.00 164.000
KETH/34 45.7756004 -96.5410004 1022.00 344.000
KETN/17 32.4191017 -98.8095017 1464.00 181.800
KETN/35 32.4080010 -98.8099976 1445.00 1.800
KEUF/18 31.9582005 -85.1284027 283.00 184.000
KEUF/36 31.9445000 -85.1294022 277.00 4.000
KEUG/16L 44.1329994 -123.2030029 363.00 179.000
KEUG/34R 44.1165009 -123.2020035 374.00 359.000
KEUG/16R 44.1353989 -123.2190018 360.00 179.000
KEUG/34L 44.1134987 -123.2190018 366.00 359.000
KEUL/12 43.6472015 -116.6429977 2426.00 135.000
KEUL/30 43.6365013 -116.6279984 2431.00 315.000
KEVB/02 29.0510576 -80.9489797 8.20 17.000
KEVB/20 29.0594997 -80.9461975 9.00 197.000
KEVB/07 29.0548992 -80.9580002 7.00 62.000
KEVB/25 29.0613995 -80.9441986 10.00 242.000
KEVB/11 29.0559006 -80.9536972 8.00 107.000
KEVB/29 29.0524998 -80.9408035 10.00 287.000
KEVM/09 47.4239998 -92.5044022 1376.00 94.000
KEVM/27 47.4230995 -92.4875031 1369.00 274.000
KEVM/14 47.4285011 -92.5025024 1378.00 139.000
KEVM/32 47.4233017 -92.4959030 1369.00 319.000
KEVU/14 40.3586998 -94.9209976 1138.00 148.300
KEVU/32 40.3493004 -94.9133987 1144.00 328.300
KEVV/04 38.0334095 -87.5331109 387.83 38.000
KEVV/22 38.0480003 -87.5186996 418.00 218.000
KEVV/09 38.0382745 -87.5369797 382.15 91.000
KEVV/27 38.0381012 -87.5267029 383.00 271.000
KEVV/18 38.0460014 -87.5341034 396.00 181.000
KEVV/36 38.0309415 -87.5344527 385.49 1.000
KEVW/05 41.2708015 -111.0469971 7131.00 66.800
KEVW/23 41.2787018 -111.0220032 7133.00 246.800
KEVY/11 39.5224991 -75.7340012 70.00 98.000
KEVY/29 39.5211983 -75.7213974 70.00 278.000
KEVY/17 39.5262985 -75.7225037 66.00 165.000
KEVY/35 39.5144005 -75.7183991 66.00 345.000
KEWB/05 41.6716995 -70.9645004 66.00 38.300
KEWB/23 41.6823998 -70.9531021 78.00 218.300
KEWB/14 41.6803017 -70.9638977 77.00 128.600
KEWB/32 41.6717987 -70.9496002 67.00 308.600
KEWK/08 38.0607986 -97.2789993 1532.00 91.000
KEWK/26 38.0606003 -97.2667999 1533.00 271.000
KEWK/17 38.0648994 -97.2763977 1529.00 180.000
KEWK/35 38.0457001 -97.2763977 1525.00 0.000
KEWN/04 35.0653992 -77.0483017 13.00 30.600
KEWN/22 35.0796013 -77.0380020 14.00 210.600
KEWN/14 35.0769997 -77.0478973 12.00 128.000
KEWN/32 35.0703011 -77.0373001 18.00 308.000
KEWR/11 40.7028150 -74.1807480 18.00 95.000
KEWR/29 40.7012591 -74.1573485 10.28 275.000
KEWR/22R 40.6990641 -74.1644254 10.00 206.000
KEWR/22L 40.6978643 -74.1613919 10.18 206.000
KEXX/06 35.7774010 -80.3200000 733.00 71.000
KEXX/24 35.7818980 -80.3041000 702.00 251.000
KEYE/03 39.8255005 -86.2975998 818.00 25.400
KEYE/21 39.8358994 -86.2911987 823.00 205.500
KEYF/15 34.6073990 -78.5840988 129.00 144.200
KEYF/33 34.5961990 -78.5744019 122.00 324.200
KEYW/09 24.5561010 -81.7668000 3.00 89.000
KEYW/27 24.5562000 -81.7522960 3.00 269.000
KEZF/06 38.2641202 -77.4517360 83.10 45.000
KEZF/24 38.2689420 -77.4455290 85.00 225.000
KEZI/01 41.2025986 -89.9625015 855.00 11.400
KEZI/19 41.2112007 -89.9601974 837.00 191.400
KEZI/09 41.2041016 -89.9738007 854.00 91.100
KEZI/27 41.2038994 -89.9574966 856.00 271.100
KEZM/02 32.2078018 -83.1315002 295.00 15.000
KEZM/20 32.2249985 -83.1259003 298.00 195.000
KEZS/12 44.7893980 -88.5667040 811.00 113.000
KEZS/30 44.7853010 -88.5529020 811.00 293.000
KEZS/17 44.7901993 -88.5615005 809.00 165.000
KEZS/35 44.7843018 -88.5591965 813.00 345.000
KEZZ/17 39.7330017 -94.2768021 1036.00 174.600
KEZZ/35 39.7220993 -94.2753983 1036.00 354.600
KF00/17 33.6185989 -96.1797028 618.00 179.200
KF00/35 33.6076012 -96.1794968 612.00 359.200
KF01/06 34.2738991 -99.7641983 1602.00 64.300
KF01/24 34.2762711 -99.7582782 1595.27 244.300
KF01/11 34.2738991 -99.7641983 1602.00 118.000
KF01/29 34.2712648 -99.7582565 1599.46 298.000
KF01/17 34.2807999 -99.7585983 1601.00 180.000
KF01/35 34.2689018 -99.7585983 1590.00 0.000
KF05/02 34.2197990 -99.2878036 1264.00 31.900
KF05/20 34.2317009 -99.2789001 1255.00 211.900
KF05/16 34.2313004 -99.2860031 1258.00 165.700
KF05/34 34.2197990 -99.2825012 1259.00 345.700
KF10/18 35.4117012 -96.0158005 830.00 181.000
KF10/36 35.4020996 -96.0158005 849.00 1.000
KF14/04 33.9440002 -98.6201019 984.00 49.400
KF14/22 33.9495010 -98.6122971 984.00 229.400
KF14/13 33.9513016 -98.6201019 1004.00 141.000
KF14/31 33.9441986 -98.6132965 982.00 321.000
KF14/16 33.9514999 -98.6156006 983.00 172.900
KF14/34 33.9459000 -98.6147995 995.00 352.900
KF17/17 31.8390999 -94.1578979 319.00 170.500
KF17/35 31.8241005 -94.1549988 291.00 350.500
KF21/17 34.7481995 -100.5309982 2102.00 181.000
KF21/35 34.7354012 -100.5309982 2070.00 1.000
KF22/17 36.3926010 -97.2772980 973.00 180.000
KF22/35 36.3786011 -97.2771988 1000.00 0.000
KF24/01 32.6391983 -93.3003006 278.00 16.600
KF24/19 32.6525002 -93.2956009 262.00 196.600
KF29/17L 35.4930000 -97.8214035 1343.00 180.000
KF29/35R 35.4833984 -97.8215027 1339.00 0.000
KF29/17R 35.4962997 -97.8247986 1350.00 180.000
KF29/35L 35.4798012 -97.8247986 1342.00 0.000
KF34/12 36.8632011 -120.4680023 157.00 139.800
KF34/30 36.8567009 -120.4609985 157.00 319.800
KF35/02 32.9192009 -98.4397965 1008.00 30.500
KF35/20 32.9267998 -98.4345017 1008.00 210.500
KF37/06 33.6458015 -105.9039993 5348.00 68.500
KF37/24 33.6506996 -105.8889999 5355.00 248.500
KF37/15 33.6533012 -105.8919983 5339.00 179.300
KF37/33 33.6468010 -105.8919983 5371.00 359.300
KF41/15 32.3348999 -96.6660004 500.00 161.500
KF41/33 32.3264480 -96.6625675 481.31 341.500
KF44/17 32.1693001 -95.8283997 438.00 180.000
KF44/35 32.1584015 -95.8283005 437.00 0.000
KF45/08L 26.8495007 -80.2251968 23.00 82.000
KF45/26R 26.8509998 -80.2138977 23.00 262.000
KF45/08R 26.8425007 -80.2268982 21.00 85.000
KF45/26L 26.8435001 -80.2136993 21.00 265.000
KF45/13 26.8498993 -80.2269974 21.00 135.000
KF45/31 26.8414993 -80.2176971 21.00 315.000
KF46/17 32.9339224 -96.4360026 559.56 172.500
KF46/35 32.9267841 -96.4349224 562.66 352.500
KF51/01 32.9346008 -95.2805023 493.00 18.000
KF51/19 32.9430008 -95.2772980 513.00 198.000
KF53/13 33.2192993 -95.2417984 394.00 136.500
KF53/31 33.2116013 -95.2330017 411.00 316.500
KF56/17 32.9141998 -99.7360001 1561.00 180.000
KF56/35 32.9040985 -99.7360001 1554.00 0.000
KF62/07 40.5463982 -123.1890030 2304.00 85.700
KF62/25 40.5471992 -123.1740036 2321.00 265.800
KF70/18 33.5821991 -117.1259995 1340.00 192.400
KF70/36 33.5661011 -117.1309967 1340.00 12.400
KF72/09 38.3025017 -121.4319992 16.00 105.000
KF72/27 38.3003006 -121.4209976 19.00 285.000
KF72/18 38.3107987 -121.4229965 21.00 195.500
KF72/36 38.3022003 -121.4260025 17.00 15.500
KF75/01 33.4338989 -99.8143997 1500.00 16.500
KF75/19 33.4424019 -99.8114014 1490.00 196.500
KF84/17 35.2938386 -95.0939026 598.00 180.000
KF84/35 35.2840996 -95.0939026 598.00 0.000
KF85/17 33.7321014 -102.7300034 3746.00 180.000
KF88/17 32.2064018 -92.7330017 249.00 179.200
KF88/35 32.1976013 -92.7329025 256.00 359.200
KF98/03 33.2122993 -102.8320007 3676.00 40.300
KF98/21 33.2228012 -102.8219986 3704.00 220.300
KF98/17 33.2224007 -102.8339996 3687.00 180.500
KF98/35 33.2116013 -102.8339996 3678.00 0.500
KF99/17 35.0903015 -96.4167023 862.00 180.000
KF99/35 35.0814018 -96.4167023 857.00 0.000
KFAF/14 37.1349983 -76.6132965 10.00 128.000
KFAF/32 37.1299019 -76.6045990 9.00 308.000
KFAM/02 37.7564598 -90.4310820 911.81 24.000
KFAM/20 37.7666016 -90.4255981 945.00 204.000
KFAR/09 46.9271011 -96.8273010 896.00 90.000
KFAR/27 46.9269981 -96.8021011 897.00 270.000
KFAR/13 46.9141007 -96.8215027 901.00 137.000
KFAR/31 46.9065018 -96.8112030 899.00 317.000
KFAR/18 46.9328995 -96.8161011 900.00 180.000
KFAR/36 46.9081993 -96.8163986 899.00 0.000
KFAT/11L 36.7835007 -119.7289963 333.00 125.400
KFAT/29R 36.7687988 -119.7040024 333.00 305.400
KFAT/11R 36.7820010 -119.7300030 331.00 125.000
KFAT/29L 36.7705000 -119.7099990 330.00 305.000
KFAY/04 34.9854687 -78.8861362 182.32 31.200
KFAY/22 35.0024986 -78.8737030 158.00 211.200
KFAY/10 34.9878006 -78.8881989 183.00 91.000
KFAY/28 34.9875984 -78.8721008 184.00 271.000
KFBG/10 35.1316017 -78.9407873 237.67 86.000
KFBG/28 35.1323010 -78.9288020 225.00 266.000
KFBL/12 44.3315010 -93.3181000 1057.00 127.000
KFBL/30 44.3244019 -93.3050995 1048.00 307.000
KFBR/04 41.3867989 -110.4160004 7034.00 54.400
KFBR/22 41.3969994 -110.3970032 7002.00 234.400
KFBR/07 41.3946990 -110.4110030 7016.00 78.000
KFBR/25 41.3969000 -110.3970030 7000.00 258.000
KFBY/11 40.1822014 -97.1692963 1465.00 119.700
KFBY/29 40.1789017 -97.1616974 1450.00 299.700
KFBY/17 40.1879997 -97.1691971 1479.00 180.400
KFBY/35 40.1778984 -97.1692963 1464.00 0.400
KFCH/12 36.7343679 -119.8241898 281.23 125.000
KFCH/30 36.7300779 -119.8168509 282.70 305.000
KFCI/15 37.4123001 -77.5307999 237.00 141.000
KFCI/33 37.4006004 -77.5188980 199.00 321.000
KFCM/10L 44.8294983 -93.4638977 905.00 101.000
KFCM/28R 44.8275986 -93.4503021 899.00 281.000
KFCM/10R 44.8283997 -93.4661026 905.00 101.000
KFCM/28L 44.8264008 -93.4513016 898.00 281.000
KFCM/18 44.8288994 -93.4543991 899.00 186.000
KFCM/36 44.8216019 -93.4553986 905.00 6.000
KFCS/13 38.6829987 -104.7620010 5838.00 137.200
KFCS/31 38.6738014 -104.7509995 5823.00 317.200
KFCY/18 34.9460983 -90.7749023 249.00 181.400
KFCY/36 34.9379005 -90.7751007 242.00 1.400
KFDK/05 39.4095993 -77.3804016 303.00 40.000
KFDK/23 39.4205017 -77.3684006 282.00 220.000
KFDK/12 39.4234009 -77.3797989 294.00 116.000
KFDK/30 39.4191017 -77.3684006 281.00 296.000
KFDR/03 34.3462982 -98.9880981 1233.00 44.000
KFDR/21 34.3557014 -98.9772034 1251.00 224.000
KFDR/12 34.3582993 -98.9878006 1250.00 135.000
KFDR/30 34.3493996 -98.9772034 1242.00 315.000
KFDR/17 34.3605995 -98.9893036 1254.00 180.000
KFDR/35 34.3437996 -98.9893036 1236.00 0.000
KFDR/17L 34.3553009 -98.9772034 1251.00 180.000
KFDR/35R 34.3465996 -98.9772034 1233.00 0.000
KFDW/04 34.3101006 -81.1138992 577.00 38.100
KFDW/22 34.3209000 -81.1036987 561.00 218.100
KFDY/07 41.0117209 -83.6801015 795.83 68.700
KFDY/25 41.0163039 -83.6646854 807.45 248.700
KFDY/18 41.0187988 -83.6660995 805.00 180.300
KFDY/36 41.0009995 -83.6662979 804.00 0.300
KFEP/06 42.2398987 -89.5901031 859.00 53.000
KFEP/24 42.2490997 -89.5736008 841.00 233.000
KFEP/13 42.2508011 -89.5846024 835.00 126.000
KFEP/31 42.2471008 -89.5777969 841.00 306.000
KFEP/18 42.2509995 -89.5830994 834.00 179.200
KFEP/36 42.2442017 -89.5829010 845.00 359.200
KFET/14 41.4557991 -96.5287018 1203.00 141.000
KFET/32 41.4440994 -96.5160980 1203.00 321.000
KFFA/03 36.0145990 -75.6735000 13.00 24.000
KFFA/21 36.0220990 -75.6692960 9.00 204.000
KFFC/13 33.3616982 -84.5784988 808.00 128.000
KFFC/31 33.3527985 -84.5651016 808.00 308.000
KFFL/08 41.0532989 -91.9869003 791.00 86.000
KFFL/26 41.0537987 -91.9779968 791.00 266.000
KFFL/18 41.0589981 -91.9815979 799.00 179.600
KFFL/36 41.0480003 -91.9814987 791.00 359.600
KFFM/13 46.2892990 -96.1623001 1181.00 133.300
KFFM/31 46.2787018 -96.1460037 1175.00 313.300
KFFM/17 46.2896004 -96.1611023 1182.00 179.200
KFFM/35 46.2804985 -96.1610031 1157.00 359.200
KFFO/05L 39.8148994 -84.0651016 805.00 48.900
KFFO/23R 39.8376007 -84.0313034 823.00 228.900
KFFO/05R 39.8190994 -84.0516968 808.00 48.900
KFFO/23L 39.8317986 -84.0328979 818.00 228.900
KFFT/07 38.1795010 -84.9124980 803.00 64.000
KFFT/25 38.1855010 -84.8968960 785.00 244.000
KFFX/01 43.4280010 -85.9963990 770.00 0.000
KFFX/19 43.4458010 -85.9965970 754.00 180.000
KFFX/10 43.4439010 -85.9983980 767.00 91.000
KFFX/28 43.4436990 -85.9851990 770.00 271.000
KFFZ/04L 33.4583160 -111.7341860 1366.00 51.000
KFFZ/22R 33.4648460 -111.7245100 1386.00 231.000
KFFZ/04R 33.4558983 -111.7340012 1365.00 51.200
KFFZ/22L 33.4646988 -111.7210007 1394.00 231.200
KFGX/07 38.5395201 -83.7504393 905.30 67.000
KFGX/25 38.5444984 -83.7352982 910.00 247.000
KFHR/16 48.5265999 -123.0250015 113.00 177.000
KFHR/34 48.5172997 -123.0240021 84.00 357.000
KFHU/03 31.5889545 -110.3465894 4629.58 36.700
KFHU/21 31.5956001 -110.3410034 4585.00 216.700
KFHU/08 31.5876007 -110.3669968 4719.00 89.900
KFHU/26 31.5876007 -110.3290024 4599.00 269.900
KFHU/12 31.5928993 -110.3430023 4612.00 126.700
KFHU/30 31.5841007 -110.3290024 4615.00 306.700
KFIG/12 41.0505981 -78.4207993 1516.00 109.000
KFIG/30 41.0466003 -78.4054031 1516.00 289.000
KFIT/14 42.5577011 -71.7654037 340.00 129.000
KFIT/32 42.5504167 -71.7529962 329.53 309.000
KFKA/11 43.6782989 -92.1871033 1276.00 108.000
KFKA/29 43.6749992 -92.1726990 1276.00 288.000
KFKL/03 41.3700981 -79.8632965 1527.00 17.000
KFKL/21 41.3837013 -79.8576965 1533.00 197.000
KFKL/12 41.3806000 -79.8666000 1530.00 106.000
KFKL/30 41.3778992 -79.8536987 1532.00 286.000
KFKN/09 36.6991997 -76.9104996 35.00 80.800
KFKN/27 36.7014008 -76.8939972 41.00 260.800
KFKR/04 40.2719994 -86.5690994 857.00 34.200
KFKR/22 40.2778015 -86.5640030 857.00 214.200
KFKR/09 40.2727013 -86.5689011 857.00 90.000
KFKR/27 40.2727013 -86.5510025 861.00 270.000
KFKS/15 44.6271248 -86.2031544 618.41 139.300
KFKS/33 44.6212291 -86.1960795 606.47 319.300
KFLD/09 43.7715988 -88.4989014 808.00 92.000
KFLD/27 43.7713013 -88.4852982 788.00 272.000
KFLD/18 43.7790985 -88.4861984 783.00 180.000
KFLD/36 43.7627983 -88.4861984 794.00 0.000
KFLG/03 35.1311989 -111.6790009 7011.00 41.000
KFLG/21 35.1456985 -111.6640015 6995.00 221.100
KFLL/10L 26.0769005 -80.1647354 5.94 90.000
KFLL/28R 26.0767994 -80.1409424 5.07 270.000
KFLL/10R 26.0658855 -80.1583481 10.00 90.000
KFLL/28L 26.0657425 -80.1339874 65.00 270.000
KFLO/01 34.1761017 -79.7248001 112.00 1.500
KFLO/19 34.1925011 -79.7242966 143.00 181.500
KFLO/09 34.1852989 -79.7339020 146.00 83.600
KFLO/27 34.1874008 -79.7126007 121.00 263.600
KFLP/04 36.2881507 -92.5945224 678.00 51.000
KFLP/22 36.2952004 -92.5836029 719.00 231.000
KFLV/16 39.3744004 -94.9176593 771.45 159.000
KFLV/34 39.3606990 -94.9110030 767.00 339.000
KFLX/03 39.4945817 -118.7567378 3962.96 48.500
KFLX/21 39.5046997 -118.7409973 3961.00 228.500
KFLX/13 39.5032005 -118.7529984 3959.00 146.000
KFLX/31 39.4936981 -118.7440033 3959.00 326.000
KFME/10 39.0854988 -76.7648010 115.00 93.900
KFME/28 39.0849991 -76.7543030 150.00 273.900
KFMH/05 41.6500015 -70.5306015 112.00 37.900
KFMH/23 41.6670990 -70.5121994 125.00 217.900
KFMH/14 41.6673012 -70.5388031 130.00 126.600
KFMH/32 41.6515007 -70.5112000 111.00 306.600
KFMM/08 40.3328018 -103.8099976 4513.00 89.900
KFMM/26 40.3328018 -103.8010025 4510.00 269.900
KFMM/14 40.3409996 -103.8099976 4568.00 151.600
KFMM/32 40.3283997 -103.8010025 4567.00 331.600
KFMM/17 40.3389015 -103.8010025 4567.00 181.200
KFMM/35 40.3284988 -103.8010025 4503.00 1.200
KFMN/05 36.7373009 -108.2409973 5472.00 64.700
KFMN/23 36.7449989 -108.2210007 5504.00 244.700
KFMN/07 36.7411197 -108.2391807 5480.82 88.300
KFMN/25 36.7415847 -108.2176457 5502.36 268.300
KFMY/05 26.5808418 -81.8700559 14.21 48.000
KFMY/23 26.5910689 -81.8575068 16.81 228.000
KFMY/13 26.5908163 -81.8667581 15.00 130.000
KFMY/31 26.5830994 -81.8567963 15.00 310.000
KFMZ/12 40.5853996 -97.5799026 1636.00 135.000
KFMZ/30 40.5796013 -97.5721970 1633.00 315.000
KFMZ/17 40.5945015 -97.5710983 1635.00 179.800
KFMZ/35 40.5826988 -97.5710983 1634.00 359.800
KFNB/15 40.0835000 -95.5957030 983.00 149.000
KFNB/33 40.0741000 -95.5883030 979.00 329.000
KFNL/06 40.4528008 -105.0120010 4990.00 70.600
KFNL/24 40.4548988 -105.0039978 4987.00 250.600
KFNL/15 40.4622993 -105.0169983 4973.00 160.400
KFNL/33 40.4403000 -105.0070038 5016.00 340.400
KFNT/09 42.9690018 -83.7598038 764.00 88.000
KFNT/27 42.9696007 -83.7329025 763.00 268.000
KFNT/18 42.9721528 -83.7434867 765.35 179.000
KFNT/36 42.9511986 -83.7429962 779.00 359.000
KFOA/03 38.6582985 -88.4570999 473.00 29.700
KFOA/21 38.6702003 -88.4484024 467.00 209.700
KFOA/15 38.6689323 -88.4556953 473.00 147.000
KFOA/33 38.6631012 -88.4508972 473.00 327.000
KFOD/06 42.5475998 -94.2057037 1079.00 65.000
KFOD/24 42.5551987 -94.1837006 1157.00 245.000
KFOD/12 42.5553017 -94.1960983 1112.00 127.000
KFOD/30 42.5466003 -94.1803970 1142.00 307.000
KFOE/03 38.9403992 -95.6731033 1078.00 39.800
KFOE/21 38.9551010 -95.6574020 1043.00 219.800
KFOE/13 38.9655991 -95.6780014 1063.00 137.000
KFOE/31 38.9398003 -95.6473999 1036.00 317.000
KFOK/01 40.8348999 -72.6370010 48.00 357.500
KFOK/19 40.8485985 -72.6378021 65.00 177.500
KFOK/06 40.8362007 -72.6389999 49.00 42.400
KFOK/24 40.8544998 -72.6169968 66.00 222.400
KFOK/15 40.8471985 -72.6396027 63.00 132.600
KFOK/33 40.8378983 -72.6262970 49.00 312.600
KFOM/22 38.9623985 -112.3560028 4988.00 233.300
KFOT/11 40.5573006 -124.1380005 340.00 127.000
KFOT/29 40.5505981 -124.1269989 392.00 307.000
KFOZ/15 47.7865982 -93.6532974 1348.00 151.000
KFOZ/33 47.7790985 -93.6471024 1348.00 331.000
KFPK/03 42.5700000 -84.8136980 880.00 21.000
KFPK/21 42.5789990 -84.8090970 891.00 201.000
KFPR/10R 27.4972992 -80.3794022 23.00 90.000
KFPR/28L 27.4971008 -80.3593979 21.00 270.000
KFPR/14 27.4967995 -80.3719025 23.00 135.000
KFPR/32 27.4874992 -80.3616028 23.00 315.000
KFQD/01 35.4213982 -81.9372025 1072.00 15.000
KFQD/19 35.4347000 -81.9328003 1078.00 195.000
KFRG/01 40.7218018 -73.4142990 63.00 359.200
KFRG/19 40.7369003 -73.4145966 79.00 179.200
KFRG/14 40.7333825 -73.4199336 76.55 132.300
KFRG/32 40.7220001 -73.4035034 63.00 312.300
KFRH/08 38.5043983 -86.6463013 791.00 75.900
KFRH/26 38.5080986 -86.6276016 784.00 255.900
KFRI/04 39.0486984 -96.7706986 1065.00 50.000
KFRI/22 39.0565987 -96.7584000 1065.00 230.000
KFRM/02 43.6397018 -94.4151001 1159.00 28.000
KFRM/20 43.6477013 -94.4093018 1158.00 208.000
KFRM/13 43.6492996 -94.4251022 1158.00 134.200
KFRM/31 43.6388016 -94.4102020 1160.00 314.200
KFRR/10 38.9173010 -78.2586980 694.00 87.000
KFRR/28 38.9177020 -78.2481000 704.00 267.000
KFSD/03 43.5726013 -96.7537003 1423.00 34.900
KFSD/21 43.5928993 -96.7342987 1429.00 214.900
KFSD/09 43.5779991 -96.7474976 1422.00 103.200
KFSD/27 43.5760002 -96.7360001 1421.00 283.200
KFSD/15 43.5931015 -96.7461014 1426.00 155.000
KFSD/33 43.5732002 -96.7332993 1422.00 335.000
KFSE/16 47.5974998 -95.7750015 1265.00 168.000
KFSE/34 47.5881004 -95.7718964 1277.00 348.000
KFSI/18 34.6567000 -98.4021990 1188.00 180.000
KFSI/36 34.6428990 -98.4021990 1188.00 0.000
KFSK/18 37.8044014 -94.7694016 903.00 179.900
KFSK/36 37.7923012 -94.7694016 918.00 359.900
KFSM/07 35.3335991 -94.3814011 469.00 81.200
KFSM/25 35.3370018 -94.3548965 444.00 261.200
KFSO/01 44.9361992 -73.0969009 228.00 354.000
KFSO/19 44.9444008 -73.0979996 228.00 174.000
KFST/03 30.9137001 -102.9189987 3007.00 37.000
KFST/21 30.9234009 -102.9100037 2957.00 217.000
KFST/07 30.9151993 -102.9169998 2995.00 81.000
KFST/25 30.9174004 -102.9000015 2965.00 261.000
KFST/11 30.9151993 -102.9169998 2995.00 128.000
KFST/29 30.9085999 -102.9069977 3005.00 308.000
KFST/12 30.9200993 -102.9270020 2985.00 127.000
KFST/30 30.9078007 -102.9079971 3010.00 307.000
KFST/16 30.9207993 -102.9100037 2964.00 171.000
KFST/34 30.9099998 -102.9079971 3004.00 351.000
KFSU/03 34.4832993 -104.2170029 4165.00 45.400
KFSU/21 34.4944000 -104.2040024 4165.00 225.400
KFSU/08 34.4832993 -104.2259979 4165.00 90.000
KFSU/26 34.4832993 -104.2080002 4165.00 270.000
KFSW/17 40.6645010 -91.3293990 712.00 167.000
KFSW/35 40.6538010 -91.3261030 714.00 347.000
KFTG/08 39.7939987 -104.5650024 5450.00 91.200
KFTG/26 39.7935982 -104.5370026 5485.00 271.200
KFTG/17 39.7855988 -104.5240021 5472.00 180.000
KFTG/35 39.7635994 -104.5240021 5512.00 0.000
KFTK/05 37.9067993 -85.9709015 724.00 46.000
KFTK/23 37.9104004 -85.9663010 743.00 226.000
KFTK/15 37.9112348 -85.9777385 754.00 148.300
KFTK/33 37.9002991 -85.9692001 754.00 328.300
KFTK/18 37.9136526 -85.9702576 754.00 176.600
KFTK/36 37.9000015 -85.9692993 754.00 356.600
KFTT/06 38.8376999 -92.0082016 879.00 57.000
KFTT/24 38.8423996 -91.9988022 881.00 237.000
KFTT/12 38.8415985 -92.0090027 880.00 122.400
KFTT/30 38.8380012 -92.0017014 868.00 302.400
KFTT/18 38.8409996 -91.9999008 877.00 181.900
KFTT/36 38.8300018 -92.0002975 877.00 1.900
KFTW/16 32.8302002 -97.3625031 710.00 171.900
KFTW/34 32.8097992 -97.3590012 674.00 351.900
KFTW/17 32.8247986 -97.3665008 668.00 171.900
KFTW/35 32.8139000 -97.3647003 667.00 351.900
KFTY/08 33.7787018 -84.5300980 800.00 79.700
KFTY/26 33.7815018 -84.5112991 814.00 259.700
KFUL/06 33.8713343 -117.9834644 86.37 77.000
KFUL/24 33.8728440 -117.9756139 94.19 257.000
KFVE/14 47.2882004 -68.3210983 976.00 116.200
KFVE/32 47.2827988 -68.3043976 988.00 296.200
KFVX/03 37.3516998 -78.4406967 410.00 20.200
KFVX/21 37.3632011 -78.4356995 406.00 200.200
KFWA/05 40.9626999 -85.2126999 815.00 44.300
KFWA/23 40.9863014 -85.1824036 797.00 224.300
KFWA/09 40.9758987 -85.1987991 798.00 90.100
KFWA/27 40.9758987 -85.1843033 793.00 270.100
KFWA/14 40.9934998 -85.2036972 802.00 134.700
KFWA/32 40.9780998 -85.1830978 796.00 314.700
KFWC/09 38.3779984 -88.4222031 436.00 90.000
KFWC/27 38.3778992 -88.4082031 413.00 270.000
KFWC/18 38.3827019 -88.4075012 417.00 181.000
KFWC/36 38.3773003 -88.4076004 414.00 1.000
KFWN/03 41.1984985 -74.6237038 411.86 15.900
KFWN/21 41.2047996 -74.6212997 405.00 195.900
KFWQ/08 40.2075996 -79.8380966 1228.00 67.000
KFWQ/26 40.2117996 -79.8247986 1223.00 247.000
KFWS/18L 32.5724980 -97.3063960 694.00 180.000
KFWS/36R 32.5615010 -97.3063960 695.00 0.000
KFWS/18R 32.5724980 -97.3097000 700.00 180.000
KFXE/09 26.1975994 -80.1809006 12.00 84.000
KFXE/27 26.1994000 -80.1626968 12.00 264.000
KFXE/13 26.1989002 -80.1738968 12.00 129.000
KFXE/31 26.1919994 -80.1643982 12.00 309.000
KFXY/09 43.2378998 -93.6330032 1229.00 94.700
KFXY/27 43.2373009 -93.6229019 1203.00 274.700
KFXY/15 43.2406006 -93.6268997 1207.00 154.800
KFXY/33 43.2262001 -93.6176987 1203.00 334.800
KFYE/01 35.2009010 -89.3955994 436.00 7.800
KFYE/19 35.2145004 -89.3933029 423.00 187.800
KFYJ/10 37.5209010 -76.7713010 12.00 86.000
KFYJ/28 37.5218010 -76.7540970 20.00 266.000
KFYM/02 35.0528646 -86.5660791 961.56 13.800
KFYM/20 35.0662426 -86.5621063 981.01 193.800
KFYV/16 36.0131989 -94.1719971 1250.00 169.000
KFYV/34 35.9970017 -94.1680985 1237.00 349.000
KFZG/02 31.6765000 -83.2745970 356.00 12.000
KFZG/20 31.6900010 -83.2713010 364.00 192.000
KFZG/15 31.6882000 -83.2704010 365.00 141.000
KFZG/33 31.6809998 -83.2634964 332.00 321.000
KFZI/09 41.1907997 -83.4021988 751.00 89.900
KFZI/27 41.1907997 -83.3869019 751.00 269.900
KFZY/06 43.3465004 -76.3936005 457.00 46.800
KFZY/24 43.3540001 -76.3825989 469.00 226.800
KFZY/15 43.3563995 -76.3946991 447.00 137.000
KFZY/33 43.3460007 -76.3814011 475.00 317.000
KGAD/06 33.9658012 -86.1010971 569.00 61.000
KGAD/24 33.9749985 -86.0814972 549.00 241.000
KGAF/17 48.4108009 -97.3656006 820.00 180.000
KGAF/35 48.4000015 -97.3656006 820.00 0.000
KGAG/17 36.3030014 -99.7763977 2162.00 180.000
KGAG/35 36.2881012 -99.7764969 2222.00 0.000
KGAI/14 39.1717987 -77.1718979 493.00 127.400
KGAI/32 39.1647987 -77.1601028 539.00 307.400
KGAS/05 38.8303986 -82.1686020 562.00 47.900
KGAS/23 38.8377991 -82.1582031 563.00 227.900
KGBD/11 38.3427010 -98.8694992 1887.00 120.000
KGBD/29 38.3362999 -98.8553009 1883.00 300.000
KGBD/17 38.3578987 -98.8573990 1881.00 180.000
KGBD/35 38.3362999 -98.8572006 1883.00 0.000
KGBG/03 40.9309006 -90.4365006 754.00 28.100
KGBG/21 40.9449005 -90.4265976 764.00 208.100
KGBG/10 40.9390984 -90.4368973 758.00 101.000
KGBG/28 40.9371986 -90.4241028 758.00 281.000
KGBN/17 32.8992004 -112.7200012 825.00 181.200
KGBN/35 32.8758011 -112.7200012 858.00 1.200
KGBR/11 42.1844489 -73.4077767 738.67 96.500
KGBR/29 42.1837238 -73.3992777 734.15 276.500
KGCC/03 44.3451996 -105.5439987 4343.00 38.300
KGCC/21 44.3577004 -105.5299988 4317.00 218.300
KGCC/16 44.3569984 -105.5439987 4337.00 169.700
KGCC/34 44.3367996 -105.5390015 4365.00 349.700
KGCD/09 44.4039993 -118.9810028 3648.00 110.000
KGCD/27 44.3997994 -118.9639969 3695.00 290.000
KGCD/17 44.4109001 -118.9639969 3675.00 182.000
KGCD/35 44.3965988 -118.9639969 3703.00 2.000
KGCK/12 37.9309006 -100.7330017 2890.00 135.400
KGCK/30 37.9197006 -100.7190018 2876.00 315.400
KGCK/17 37.9392013 -100.7229996 2888.00 180.400
KGCK/35 37.9192009 -100.7229996 2875.00 0.400
KGCM/18 36.2999000 -95.4795990 697.00 180.000
KGCN/03 35.9430008 -112.1569977 6533.00 40.600
KGCN/21 35.9617004 -112.1370010 6609.00 220.600
KGCT/18 41.6917000 -94.4350967 1221.00 180.000
KGCT/36 41.6823006 -94.4350967 1219.00 0.000
KGCY/05 36.1870995 -82.8228989 1564.00 47.400
KGCY/23 36.1987991 -82.8071976 1604.00 227.400
KGDB/15 44.7579994 -95.5587997 1047.00 157.100
KGDB/33 44.7486000 -95.5531998 1038.00 337.100
KGDJ/01 32.4353040 -97.8269130 835.00 17.000
KGDJ/19 32.4489740 -97.8219850 783.00 197.000
KGDM/18 42.5537987 -72.0175018 955.00 164.900
KGDM/36 42.5458984 -72.0146027 924.00 344.900
KGDV/02 47.1372986 -104.8140030 2454.00 36.000
KGDV/20 47.1439018 -104.8069992 2452.00 216.000
KGDV/12 47.1433983 -104.8140030 2456.00 136.000
KGDV/30 47.1320992 -104.7979965 2452.00 316.000
KGDW/09 43.9716988 -84.4829025 770.00 87.700
KGDW/27 43.9723015 -84.4649963 772.00 267.700
KGDW/15 43.9714012 -84.4785995 776.00 162.000
KGDW/33 43.9649010 -84.4756012 776.00 342.000
KGED/04 38.6841010 -75.3648990 49.00 33.000
KGED/22 38.6955990 -75.3553010 49.00 213.000
KGED/10 38.6847992 -75.3625031 49.00 90.000
KGED/28 38.6847992 -75.3516006 53.00 270.000
KGEG/03 47.6138990 -117.5439990 2385.00 45.000
KGEG/21 47.6311990 -117.5179980 2322.00 225.000
KGEG/08 47.6170010 -117.5530010 2376.00 90.000
KGEG/26 47.6167980 -117.5199970 2372.00 270.000
KGEO/18 38.8867000 -83.8837970 956.00 170.000
KGEO/36 38.8772010 -83.8816990 953.00 350.000
KGEU/01 33.5198263 -112.2989891 1045.16 26.100
KGEU/19 33.5355987 -112.2900009 1065.00 206.100
KGEV/10 36.4323010 -81.4270020 3180.00 89.000
KGEV/28 36.4325980 -81.4123990 3102.00 269.000
KGEY/16 44.5267980 -108.0820010 3904.00 169.000
KGEY/34 44.5098000 -108.0780030 3913.00 349.000
KGEY/26 44.5145000 -108.0810010 3916.00 266.000
KGEZ/01 39.5710983 -85.8043976 802.00 6.400
KGEZ/19 39.5848007 -85.8023987 803.00 186.400
KGEZ/09 39.5770504 -85.8094615 803.31 92.200
KGEZ/27 39.5769005 -85.8016968 800.00 272.200
KGFD/36 39.7883453 -85.7372759 896.73 250.000
KGFK/09L 47.9524002 -97.1848984 841.00 90.000
KGFK/27R 47.9524002 -97.1678009 843.00 270.000
KGFK/09R 47.9379960 -97.1695980 841.00 90.000
KGFK/27L 47.9379880 -97.1561370 843.00 270.000
KGFK/17L 47.9514008 -97.1661987 842.00 180.100
KGFK/35R 47.9407005 -97.1661987 843.00 0.100
KGFK/17R 47.9593010 -97.1811981 843.00 180.000
KGFK/35L 47.9390984 -97.1811981 845.00 0.000
KGFL/01 43.3357010 -73.6087036 321.00 358.400
KGFL/19 43.3493996 -73.6091995 327.00 178.400
KGFL/12 43.3414993 -73.6191025 328.00 110.500
KGFL/30 43.3376007 -73.6050034 324.00 290.500
KGFZ/07 41.3266983 -94.4661026 1361.00 74.100
KGFZ/25 41.3292007 -94.4543991 1361.00 254.100
KGFZ/14 41.3297005 -94.4505997 1356.00 142.000
KGFZ/32 41.3241997 -94.4449997 1361.00 322.000
KGGE/05 33.3096008 -79.3262024 39.00 41.400
KGGE/23 33.3199005 -79.3153992 34.00 221.400
KGGE/11 33.3096008 -79.3255005 37.00 101.400
KGGE/29 33.3070984 -79.3108978 23.00 281.400
KGGF/15 40.8751984 -101.7369995 3419.00 150.000
KGGF/33 40.8638001 -101.7289963 3422.00 330.000
KGGG/13 32.3925018 -94.7201004 357.00 133.800
KGGG/31 32.3735008 -94.6967010 354.00 313.800
KGGG/18 32.3940010 -94.7166977 354.00 179.000
KGGG/36 32.3772011 -94.7163010 365.00 359.000
KGGI/13 41.7146125 -92.7419810 990.69 135.000
KGGI/31 41.7052865 -92.7295155 1007.31 315.000
KGGP/09 40.7112114 -86.3822148 736.09 89.000
KGGP/27 40.7113000 -86.3667980 738.00 269.000
KGGW/08 48.2127991 -106.5999985 2282.00 90.000
KGGW/26 48.2127991 -106.5790024 2293.00 270.000
KGGW/12 48.2164001 -106.6220016 2288.00 134.000
KGGW/30 48.2069015 -106.6070023 2282.00 314.000
KGHG/06 42.0954018 -70.6761017 3.00 46.000
KGHG/24 42.1011009 -70.6680985 9.00 226.000
KGHM/02 35.8321991 -87.4475021 764.00 18.100
KGHM/20 35.8419504 -87.4435610 767.75 198.100
KGHW/05 45.6444015 -95.3253021 1380.00 58.000
KGHW/23 45.6486015 -95.3161011 1393.00 238.000
KGHW/15 45.6481018 -95.3228989 1390.00 161.000
KGHW/33 45.6363983 -95.3175964 1393.00 341.000
KGIC/07 45.9425955 -116.1326091 3282.55 91.000
KGIC/25 45.9425011 -116.1129990 3310.00 271.000
KGIF/05 28.0585000 -81.7578960 142.00 45.000
KGIF/23 28.0683000 -81.7469020 141.00 225.000
KGIF/11 28.0633081 -81.7590603 142.76 103.000
KGIF/29 28.0611000 -81.7483980 141.00 283.000
KGJT/04 39.1099014 -108.5299988 4784.00 54.400
KGJT/22 39.1186981 -108.5139999 4857.00 234.400
KGJT/11 39.1349980 -108.5439990 4841.00 116.000
KGJT/29 39.1184010 -108.5140000 4861.00 296.000
KGKJ/07 41.6231995 -80.2227020 1393.00 61.100
KGKJ/25 41.6297989 -80.2067032 1397.00 241.200
KGKT/10 35.8588982 -83.5379028 1014.00 98.800
KGKT/28 35.8567439 -83.5206338 1003.68 278.800
KGKY/16 32.6720009 -97.0962982 628.00 168.000
KGKY/34 32.6557007 -97.0922012 597.00 348.000
KGLD/05 39.3684998 -101.7050018 3656.00 63.100
KGLD/23 39.3728981 -101.6940002 3637.00 243.100
KGLD/12 39.3746986 -101.7050018 3644.00 134.400
KGLD/30 39.3642006 -101.6910019 3652.00 314.400
KGLE/13 33.6551020 -97.1990970 826.00 133.000
KGLE/31 33.6470990 -97.1886980 792.00 313.000
KGLE/18 33.6612010 -97.1995010 845.00 181.000
KGLE/36 33.6447980 -97.1998980 792.00 1.000
KGLH/18L 33.4968987 -90.9821014 129.00 180.000
KGLH/36R 33.4748993 -90.9821014 129.00 0.000
KGLH/18R 33.4942017 -90.9871979 128.00 180.000
KGLH/36L 33.4748993 -90.9871979 130.00 0.000
KGLR/09 45.0144997 -84.7170029 1319.00 90.100
KGLR/27 45.0144997 -84.6915970 1328.00 270.100
KGLR/18 45.0155983 -84.7020035 1321.00 173.800
KGLR/36 45.0074005 -84.7020035 1317.00 353.800
KGLS/14 29.2717000 -94.8675990 5.00 140.000
KGLS/32 29.2591000 -94.8555980 5.00 320.000
KGLS/18 29.2735000 -94.8591000 6.00 181.000
KGLS/36 29.2570000 -94.8593980 5.00 1.000
KGLW/07 37.0294991 -85.9624023 705.00 71.400
KGLW/25 37.0338364 -85.9460785 714.43 251.400
KGLY/04 38.3526993 -93.6891022 819.00 44.900
KGLY/22 38.3605003 -93.6792984 822.00 224.900
KGMJ/18 36.6138990 -94.7386020 821.00 180.000
KGMJ/36 36.5994990 -94.7386020 827.00 0.000
KGMU/01 34.8404999 -82.3486023 988.00 4.700
KGMU/19 34.8553009 -82.3481979 1048.00 184.700
KGMU/10 34.8480772 -82.3579181 994.33 91.700
KGMU/28 34.8478012 -82.3454971 1013.00 271.700
KGNB/09 40.0909996 -105.9260025 8162.00 100.800
KGNB/27 40.0884018 -105.9079971 8203.00 280.800
KGNC/08 32.6785011 -102.6650009 3313.00 89.700
KGNC/26 32.6786003 -102.6480026 3283.00 269.700
KGNC/17 32.6786995 -102.6490021 3284.00 179.400
KGNC/35 32.6650009 -102.6480026 3265.00 359.400
KGNF/04 33.8246002 -89.8022003 193.00 52.000
KGNF/22 33.8330994 -89.7891998 201.00 232.000
KGNF/13 33.8414001 -89.8085022 208.00 132.000
KGNF/31 33.8286018 -89.7913971 197.00 312.000
KGNG/07 42.9165001 -114.7740021 3661.00 84.000
KGNG/25 42.9178009 -114.7559967 3728.00 264.000
KGNT/13 35.1773987 -107.9100037 6537.00 145.000
KGNT/31 35.1612015 -107.8960037 6515.00 325.000
KGNV/07 29.6903000 -82.2824020 152.00 61.000
KGNV/25 29.6958008 -82.2708969 130.00 241.000
KGNV/11 29.6905994 -82.2806015 147.00 102.000
KGNV/29 29.6861992 -82.2574997 105.00 282.000
KGOK/16 35.8552020 -97.4173970 1056.00 165.000
KGOK/34 35.8443990 -97.4138030 1064.00 345.000
KGON/05 41.3250008 -72.0479965 5.00 34.000
KGON/23 41.3363991 -72.0378036 6.00 214.000
KGON/15 41.3325043 -72.0522089 8.77 135.000
KGON/33 41.3256957 -72.0432308 6.15 315.000
KGOO/07 39.2237587 -121.0107574 3071.00 87.000
KGOO/25 39.2243576 -120.9943390 3158.00 267.000
KGOV/05 44.6791992 -84.7348022 1151.00 46.000
KGOV/23 44.6887016 -84.7210007 1158.00 226.000
KGOV/14 44.6817017 -84.7363968 1153.00 136.200
KGOV/32 44.6717987 -84.7229996 1150.00 316.200
KGPH/18 39.3400002 -94.3084030 777.00 187.000
KGPH/36 39.3250008 -94.3108978 775.00 7.000
KGPI/02 48.2988014 -114.2679977 2962.00 35.000
KGPI/20 48.3190994 -114.2470016 2976.00 215.000
KGPI/12 48.3179016 -114.2580032 2973.00 136.000
KGPI/30 48.3110008 -114.2480011 2970.00 316.000
KGPM/18 32.7043000 -97.0468980 589.00 180.000
KGPT/14 30.4150009 -89.0822983 20.00 135.000
KGPT/32 30.3974991 -89.0621033 22.00 315.000
KGPT/18 30.4160004 -89.0662994 24.00 180.000
KGPT/36 30.4023991 -89.0662003 26.00 0.000
KGPZ/05 47.2109985 -93.5137024 1302.00 47.000
KGPZ/23 47.2164001 -93.5047989 1294.00 227.000
KGPZ/16 47.2135752 -93.5127772 1303.12 165.700
KGPZ/34 47.1994019 -93.5074005 1355.00 345.700
KGQQ/05 40.7504480 -82.7279004 1223.68 47.400
KGQQ/23 40.7565994 -82.7191009 1218.00 227.400
KGRB/06 44.4823990 -88.1380005 692.00 59.900
KGRB/24 44.4930000 -88.1125031 682.00 239.900
KGRB/18 44.4938011 -88.1336975 695.00 179.900
KGRB/36 44.4712982 -88.1335983 682.00 359.900
KGRD/09 34.2481995 -82.1672974 629.00 85.200
KGRD/27 34.2492981 -82.1508026 620.00 265.200
KGRE/09 38.8367004 -89.3864975 541.00 90.000
KGRE/27 38.8367004 -89.3753967 541.00 270.000
KGRE/18 38.8412018 -89.3765030 540.00 180.000
KGRE/36 38.8302002 -89.3764038 531.00 0.000
KGRF/15 47.0873985 -122.5839996 290.00 167.000
KGRF/33 47.0709991 -122.5780029 301.00 347.000
KGRI/13 40.9784012 -98.3116989 1842.00 135.300
KGRI/31 40.9654999 -98.2948990 1842.00 315.300
KGRI/17 40.9771996 -98.3147964 1844.00 180.300
KGRI/35 40.9580002 -98.3149033 1847.00 0.300
KGRK/15 31.0799007 -97.8350983 1019.00 157.300
KGRK/33 31.0545998 -97.8227997 970.00 337.300
KGRN/04 42.8019981 -102.1809998 3544.00 48.600
KGRN/22 42.8114014 -102.1669998 3562.00 228.600
KGRN/11 42.8059998 -102.1819992 3549.00 122.800
KGRN/29 42.8026009 -102.1750031 3542.00 302.800
KGRR/08L 42.8888016 -85.5401993 786.00 81.300
KGRR/26R 42.8908997 -85.5217972 784.00 261.300
KGRR/08R 42.8765984 -85.5421982 792.00 81.300
KGRR/26L 42.8807983 -85.5053024 790.00 261.300
KGRR/17 42.8894997 -85.5193024 782.00 171.300
KGRR/35 42.8665009 -85.5145035 789.00 351.300
KGSB/08 35.3347015 -77.9794998 72.00 73.100
KGSB/26 35.3441009 -77.9417038 109.00 253.100
KGSH/05 41.5259018 -85.7967987 815.00 44.300
KGSH/23 41.5309982 -85.7901993 823.00 224.300
KGSH/09 41.5252991 -85.8016968 819.00 89.300
KGSH/27 41.5253983 -85.7834015 827.00 269.300
KGSO/05L 36.0993004 -79.9590988 916.00 46.000
KGSO/23R 36.1164017 -79.9371033 856.00 226.000
KGSO/05R 36.0910990 -79.9447020 900.00 46.000
KGSO/23L 36.1101000 -79.9203030 886.00 226.000
KGSO/14 36.0994987 -79.9524002 926.00 135.100
KGSO/32 36.0871010 -79.9372025 900.00 315.100
KGSP/04 34.8829002 -82.2285995 964.00 32.200
KGSP/22 34.9085007 -82.2090988 964.00 212.200
KGTB/03 44.0491010 -75.7243636 684.59 16.000
KGTB/21 44.0718002 -75.7153015 663.00 196.000
KGTB/08 44.0452004 -75.7286987 678.00 70.400
KGTB/26 44.0493011 -75.7126007 688.00 250.400
KGTB/15 44.0617981 -75.7247009 666.00 133.800
KGTB/33 44.0522995 -75.7109985 690.00 313.800
KGTE/03 40.9236506 -100.1508436 2556.08 38.300
KGTE/21 40.9291000 -100.1449966 2559.00 218.300
KGTE/14 40.9287987 -100.1480026 2555.00 148.600
KGTE/32 40.9210014 -100.1419983 2555.00 328.600
KGTF/03 47.4692993 -111.3840027 3677.00 45.000
KGTF/21 47.4897003 -111.3539963 3659.00 225.000
KGTF/07 47.4837990 -111.3809967 3652.00 90.000
KGTF/25 47.4837990 -111.3629990 3668.00 270.000
KGTF/17 47.4935989 -111.3730011 3645.00 180.000
KGTF/35 47.4762001 -111.3730011 3669.00 0.000
KGTG/05 45.7967987 -92.6682968 927.00 55.900
KGTG/23 45.8017998 -92.6575012 927.00 235.900
KGTG/12 45.8002014 -92.6694031 924.00 120.800
KGTG/30 45.7960014 -92.6593018 924.00 300.800
KGTR/18 33.4593010 -88.5913010 260.00 180.000
KGTR/36 33.4413986 -88.5914993 256.00 0.000
KGTU/11 30.6814003 -97.6862030 789.00 120.600
KGTU/29 30.6756992 -97.6750031 759.00 300.600
KGTU/18 30.6858997 -97.6779022 785.00 183.600
KGTU/36 30.6721992 -97.6789017 747.00 3.600
KGUC/17 38.5325012 -106.9390030 7660.00 180.000
KGUC/35 38.5242996 -106.9390030 7673.00 0.000
KGUC/25 38.5397000 -106.9140010 7680.00 254.000
KGUP/06 35.5083008 -108.8010025 6465.00 73.900
KGUP/24 35.5138016 -108.7770004 6472.00 253.900
KGUS/05 40.6357994 -86.1679001 810.00 44.400
KGUS/23 40.6603012 -86.1363983 800.00 224.400
KGUY/18 36.6931000 -101.5070038 3101.00 186.100
KGUY/36 36.6769981 -101.5090027 3107.00 6.100
KGVE/05 38.1534996 -78.1681976 453.00 38.000
KGVE/23 38.1585007 -78.1632996 442.00 218.000
KGVL/05 34.2671013 -83.8378982 1275.00 41.000
KGVL/23 34.2784996 -83.8259964 1238.00 221.000
KGVL/11 34.2741013 -83.8341980 1274.00 108.000
KGVL/29 34.2708015 -83.8215027 1260.00 288.000
KGVQ/10 43.0318985 -78.1799011 912.00 91.000
KGVQ/28 43.0317001 -78.1594009 911.00 271.000
KGVT/17 33.0788994 -96.0652008 520.00 181.000
KGVT/35 33.0568008 -96.0654984 524.00 1.000
KGWB/09 41.3070984 -85.0734024 870.00 89.000
KGWB/27 41.3072014 -85.0552979 879.00 269.000
KGWO/05 33.4931984 -90.0911026 141.00 52.000
KGWO/23 33.5014992 -90.0781021 154.00 232.000
KGWO/09 33.4987984 -90.0807037 152.00 87.000
KGWO/27 33.4990997 -90.0718994 162.00 267.000
KGWO/18 33.4990997 -90.0879974 145.00 181.000
KGWO/36 33.4813003 -90.0885010 139.00 1.000
KGWR/06 46.2188988 -97.6501007 1266.00 62.000
KGWR/24 46.2228012 -97.6395035 1251.00 242.000
KGWR/16 46.2243996 -97.6454010 1254.00 164.000
KGWR/34 46.2111015 -97.6398010 1254.00 344.000
KGWS/15 39.5121990 -107.3140030 5916.00 153.000
KGWS/33 39.5038990 -107.3089980 5906.00 333.000
KGWW/05 35.4551010 -77.9712982 133.00 43.300
KGWW/23 35.4659996 -77.9586029 134.00 223.300
KGXY/10 40.4306984 -104.6460037 4661.00 105.400
KGXY/28 40.4264984 -104.6259995 4645.00 285.400
KGXY/17 40.4561996 -104.6320038 4697.00 177.800
KGXY/35 40.4318117 -104.6311488 4657.84 357.800
KGYB/17 30.1746998 -96.9806976 483.00 174.300
KGYB/35 30.1637993 -96.9794006 438.00 354.300
KGYH/05 34.7499008 -82.3850021 955.00 39.800
KGYH/23 34.7667007 -82.3678970 918.00 219.900
KGYI/18L 33.7262990 -96.6726000 741.00 182.000
KGYI/36R 33.7015990 -96.6735000 749.00 2.000
KGYL/13 44.7589989 -94.0859985 992.00 131.000
KGYL/31 44.7531013 -94.0764008 990.00 311.000
KGYR/03 33.4136009 -112.3850021 968.00 38.000
KGYR/21 33.4273639 -112.3722426 968.00 218.000
KGYY/02 41.6123009 -87.4184036 589.00 21.200
KGYY/20 41.6214981 -87.4136963 589.00 201.200
KGYY/12 41.6202040 -87.4195346 591.00 124.100
KGYY/30 41.6105995 -87.4004974 591.00 304.100
KGZH/01 31.4092999 -87.0475006 250.00 5.000
KGZH/19 31.4202003 -87.0463028 257.00 185.000
KGZH/10 31.4178009 -87.0475998 258.00 100.000
KGZH/28 31.4158993 -87.0350037 243.00 280.000
KGZS/16 35.1598015 -87.0606003 685.00 153.000
KGZS/34 35.1475983 -87.0530014 644.00 333.000
KH-0003/05 13.4029999 103.8040009 51.00 47.800
KH-0003/23 13.4183998 103.8219986 60.00 227.800
KH21/15 37.9790001 -92.6940994 1050.00 155.000
KH21/33 37.9690018 -92.6882019 1062.00 335.000
KH34/12 36.0806007 -93.7587967 1744.00 126.000
KH34/30 36.0747986 -93.7488022 1744.00 306.000
KH35/09 35.4711990 -93.4347000 449.00 93.100
KH35/27 35.4701996 -93.4196014 481.00 273.100
KH37/06 40.1377983 -120.1839981 4040.00 77.400
KH37/24 40.1397018 -120.1729965 4050.00 257.400
KH70/04 36.3432007 -102.0530014 3668.00 53.900
KH70/22 36.3480988 -102.0449982 3652.00 233.900
KH71/18 36.2322998 -95.3301010 621.00 180.000
KH71/36 36.2184982 -95.3301010 602.00 0.000
KH88/01 37.6004982 -90.2890015 875.00 14.500
KH88/19 37.6110992 -90.2855988 875.00 194.500
KH96/18 38.0139999 -88.9345017 443.00 179.000
KH96/36 38.0029983 -88.9344025 444.00 359.000
KHAB/18 34.1245003 -87.9979019 441.00 182.000
KHAB/36 34.1094017 -87.9984970 408.00 2.000
KHAE/17 39.7310982 -91.4451981 771.00 170.000
KHAE/35 39.7192001 -91.4424973 766.00 350.000
KHAF/12 37.5169717 -122.5052055 55.49 137.000
KHAF/30 37.5099296 -122.4968009 39.51 317.000
KHAI/05 41.9560013 -85.5953980 822.00 45.000
KHAI/23 41.9612999 -85.5884018 821.00 225.000
KHAI/09 41.9603996 -85.6011963 820.00 90.000
KHAI/27 41.9604988 -85.5865021 822.00 270.000
KHAO/12 39.3664020 -84.5310970 632.00 120.000
KHAO/30 39.3610990 -84.5128020 619.00 300.000
KHBC/13 48.7715988 -101.5410004 1645.00 140.000
KHBC/31 48.7650986 -101.5329971 1647.00 320.000
KHBG/13 31.2687018 -89.2578794 147.85 131.000
KHBG/31 31.2595005 -89.2454987 142.00 311.000
KHBI/03 35.6474991 -79.8981018 669.00 22.000
KHBI/21 35.6615982 -79.8912964 673.00 202.000
KHBR/03 34.9828000 -99.0560990 1564.00 45.000
KHBR/21 34.9930990 -99.0436020 1543.00 225.000
KHBR/17 34.9989014 -99.0543976 1541.00 180.200
KHBR/35 34.9836998 -99.0544968 1561.00 0.200
KHBV/13 27.3544010 -98.7425000 660.00 134.000
KHBV/31 27.3448010 -98.7314000 662.00 314.000
KHBZ/06 35.5088997 -92.0187988 620.00 60.000
KHBZ/24 35.5144997 -92.0072021 632.00 240.000
KHCD/15 44.8647003 -94.3861008 1055.00 152.000
KHCD/33 44.8549995 -94.3788986 1060.00 332.000
KHCO/13 48.7569008 -96.9484024 817.00 140.000
KHCO/31 48.7485008 -96.9376984 819.00 320.000
KHCR/04 40.4757004 -111.4380035 5583.00 50.000
KHCR/22 40.4878998 -111.4189987 5637.00 230.000
KHDC/13 30.5279999 -90.4255981 43.00 136.000
KHDC/31 30.5165405 -90.4127045 40.31 316.000
KHDC/18 30.5286007 -90.4191971 44.00 179.500
KHDC/36 30.5147991 -90.4190979 41.00 359.500
KHDE/11 40.4519005 -99.3367996 2306.00 126.000
KHDE/29 40.4491005 -99.3315964 2310.00 306.000
KHDE/18 40.4589996 -99.3358994 2306.00 189.600
KHDE/36 40.4463005 -99.3386993 2308.00 9.600
KHDN/10 40.4861362 -107.2323181 6581.12 113.700
KHDN/28 40.4757004 -107.2009964 6602.00 293.700
KHDO/04 29.3560691 -99.1827492 920.33 45.000
KHDO/22 29.3649681 -99.1725852 925.41 225.000
KHDO/08 29.3640003 -99.1850967 930.00 89.900
KHDO/26 29.3640003 -99.1660995 922.00 269.900
KHDO/13 29.3615101 -99.1847796 926.72 135.000
KHDO/31 29.3500004 -99.1715012 911.00 315.000
KHDO/17L 29.3663998 -99.1719971 927.00 180.000
KHDO/35R 29.3498001 -99.1719971 910.00 0.000
KHDO/17R 29.3617564 -99.1832962 926.45 180.000
KHDO/35L 29.3540993 -99.1832962 917.00 0.000
KHEE/09 34.5723000 -90.6779020 237.00 90.000
KHEE/27 34.5723000 -90.6679000 242.00 270.000
KHEE/18 34.5858990 -90.6775970 241.00 180.000
KHEF/16L 38.7276993 -77.5187988 192.00 150.600
KHEF/34R 38.7140999 -77.5090027 177.00 330.600
KHEF/16R 38.7266998 -77.5211029 185.00 150.600
KHEF/34L 38.7178001 -77.5147018 175.00 330.600
KHEG/07 30.2763996 -81.8149033 87.00 65.000
KHEG/25 30.2810993 -81.8033981 87.00 245.000
KHEG/11 30.2784004 -81.8075027 87.00 110.000
KHEG/29 30.2751007 -81.7969971 87.00 290.000
KHEI/12 46.0200005 -102.6610031 2704.00 135.000
KHEI/30 46.0111008 -102.6490021 2698.00 315.000
KHEQ/14 40.5752983 -102.2770004 3730.00 148.700
KHEQ/32 40.5635986 -102.2679977 3724.00 328.700
KHEZ/14 31.6206000 -91.3059010 262.00 136.000
KHEZ/32 31.6077000 -91.2914960 269.00 316.000
KHEZ/18 31.6198997 -91.2955017 270.00 181.000
KHEZ/36 31.6061993 -91.2957001 261.00 1.000
KHFD/02 41.7327144 -72.6495670 12.56 9.000
KHFD/20 41.7420828 -72.6476225 17.24 189.000
KHFD/11 41.7341995 -72.6576004 14.00 99.000
KHFD/29 41.7333137 -72.6501619 12.23 279.000
KHFF/04 35.0343018 -79.5063019 376.00 35.100
KHFF/22 35.0455017 -79.4966965 376.00 215.100
KHFF/11 35.0331446 -79.5039220 376.00 109.400
KHFF/29 35.0293007 -79.4906006 376.00 289.400
KHFJ/18 36.9131012 -94.0129013 1313.00 179.200
KHFJ/36 36.8992996 -94.0126038 1298.00 359.200
KHFY/01 39.6226010 -86.0888980 821.00 8.000
KHFY/19 39.6343000 -86.0868990 820.00 188.000
KHGR/02 39.7042007 -77.7287979 690.00 14.900
KHGR/20 39.7126007 -77.7258987 703.00 194.900
KHGR/09 39.7066994 -77.7403030 659.00 80.500
KHGR/27 39.7092018 -77.7211990 702.00 260.500
KHHF/04 35.8900986 -100.4100037 2386.00 44.000
KHHF/22 35.9000015 -100.3980026 2376.00 224.000
KHHF/18 35.8990429 -100.4030276 2366.88 185.000
KHHF/36 35.8911018 -100.4029999 2394.00 5.000
KHHG/09 40.8531990 -85.4661026 804.00 92.000
KHHG/27 40.8526993 -85.4479980 805.00 272.000
KHHR/07 33.9226538 -118.3398000 63.40 86.700
KHHR/25 33.9231987 -118.3270035 61.00 266.700
KHHW/17 34.0405998 -95.5419006 568.00 179.900
KHHW/35 34.0312996 -95.5419006 571.00 359.900
KHIB/04 47.3862991 -92.8466034 1348.00 49.000
KHIB/22 47.3917999 -92.8371964 1350.00 229.000
KHIB/13 47.3917007 -92.8478012 1353.00 132.000
KHIB/31 47.3792000 -92.8275986 1337.00 312.000
KHIE/10 44.3672981 -71.5534973 1048.00 87.100
KHIE/28 44.3678017 -71.5382004 1072.00 267.100
KHIF/14 41.1403999 -111.9840012 4783.00 152.900
KHIF/32 41.1074982 -111.9619980 4780.00 332.900
KHIG/16 39.0783005 -93.6792984 840.00 165.000
KHIG/34 39.0666008 -93.6753998 796.00 345.000
KHII/14 34.5806007 -114.3649979 746.00 149.800
KHII/32 34.5615997 -114.3519974 783.00 329.800
KHIO/02 45.5335999 -122.9530029 201.00 40.000
KHIO/20 45.5420990 -122.9420013 204.00 220.000
KHIO/13R 45.5495987 -122.9599991 196.00 144.000
KHIO/31L 45.5349998 -122.9440002 194.00 324.000
KHJH/03 40.1488991 -97.5839996 1468.00 41.600
KHJH/21 40.1540985 -97.5780029 1452.00 221.600
KHJH/12 40.1553001 -97.5920029 1462.00 128.500
KHJH/30 40.1492004 -97.5819016 1466.00 308.500
KHJO/14 36.3230019 -119.6320038 244.00 152.000
KHJO/32 36.3105011 -119.6230011 242.00 332.000
KHKA/18 35.9473000 -89.8310013 255.00 178.900
KHKA/36 35.9334984 -89.8305969 254.00 358.900
KHKS/11 32.3348176 -90.2259704 312.89 115.000
KHKS/29 32.3300018 -90.2135010 322.00 295.000
KHKS/16 32.3428993 -90.2266998 342.00 159.000
KHKS/34 32.3291016 -90.2203979 306.00 339.000
KHKY/06 35.7350006 -81.3973007 1136.00 55.000
KHKY/24 35.7449989 -81.3796005 1189.00 235.000
KHLB/18 39.3499284 -85.2584000 974.92 180.000
KHLB/36 39.3390706 -85.2584000 974.08 0.000
KHLC/18 39.3871000 -99.8312990 2238.00 181.000
KHLC/36 39.3732990 -99.8315960 2188.00 1.000
KHLG/03 40.1685982 -80.6512985 1171.00 26.000
KHLG/21 40.1809006 -80.6435013 1195.00 206.000
KHLG/16 40.1806984 -80.6489029 1172.00 151.000
KHLG/34 40.1698990 -80.6410980 1191.00 331.000
KHLN/05 46.6055984 -111.9970016 3877.00 66.000
KHLN/23 46.6106987 -111.9810028 3820.00 246.000
KHLN/09 46.6083984 -111.9980011 3864.00 103.000
KHLN/27 46.6030006 -111.9629974 3845.00 283.000
KHLN/16 46.6122017 -111.9810028 3811.00 179.300
KHLN/34 46.6040001 -111.9810028 3862.00 359.300
KHLX/01 36.7603989 -80.8247986 2693.00 10.000
KHLX/19 36.7718010 -80.8223038 2642.00 190.000
KHMN/04 32.8468018 -106.1330032 4056.00 47.800
KHMN/22 32.8662987 -106.1070023 4084.00 227.800
KHMN/07 32.8461990 -106.1250000 4051.00 79.500
KHMN/25 32.8526993 -106.0830002 4093.00 259.500
KHMN/16 32.8666000 -106.1080017 4083.00 167.800
KHMN/34 32.8339996 -106.0989990 4049.00 347.800
KHMT/04 33.7339810 -117.0241460 1506.00 64.000
KHMT/22 33.7364970 -117.0182450 1510.00 244.000
KHMT/05 33.7307470 -117.0291500 1499.00 63.000
KHMT/23 33.7361520 -117.0165300 1508.00 243.000
KHMY/18 35.0290990 -97.2315980 1092.00 176.000
KHMY/36 35.0236020 -97.2316970 1090.00 356.000
KHMZ/14 40.0903015 -78.5205994 1156.00 127.600
KHMZ/32 40.0819015 -78.5064011 1161.00 307.600
KHNB/09 38.2491000 -86.9624020 513.00 91.000
KHNB/27 38.2490010 -86.9450000 528.00 271.000
KHND/17L 35.9808006 -115.1330032 2406.00 180.000
KHND/35R 35.9672012 -115.1330032 2475.00 0.000
KHND/17R 35.9808006 -115.1350021 2402.00 180.700
KHND/35L 35.9631004 -115.1360016 2492.00 0.700
KHNR/15 41.5900002 -95.3427963 1231.00 156.300
KHNR/33 41.5797005 -95.3367996 1194.00 336.300
KHNZ/06 36.3576433 -78.5352666 524.35 51.200
KHNZ/24 36.3658981 -78.5225983 507.00 231.200
KHOB/04 32.6786990 -103.2259980 3652.00 45.000
KHOB/22 32.6930010 -103.2090000 3646.00 225.000
KHOB/13 32.6939010 -103.2210010 3661.00 135.000
KHOB/31 32.6822010 -103.2080000 3638.00 315.000
KHOB/17 32.6948527 -103.2210035 3659.76 180.100
KHOB/35 32.6823998 -103.2210007 3650.00 0.100
KHOC/05 39.1856003 -83.5435028 977.00 49.000
KHOC/23 39.1918983 -83.5341034 931.00 229.000
KHOE/14 31.0597992 -82.7786026 185.00 135.000
KHOE/32 31.0520001 -82.7696991 182.00 315.000
KHON/12 44.3923988 -98.2414017 1288.00 128.100
KHON/30 44.3801994 -98.2197037 1283.00 308.100
KHON/18 44.3904000 -98.2257000 1282.00 180.000
KHON/36 44.3767010 -98.2255020 1284.00 0.000
KHOP/05 36.6629603 -87.5029642 573.00 44.200
KHOP/23 36.6845017 -87.4769974 573.00 224.200
KHOP/18 36.6772003 -87.4963989 563.00 179.100
KHOP/36 36.6647987 -87.4961014 557.00 359.100
KHOT/05 34.4729996 -93.1063004 501.00 54.100
KHOT/23 34.4828149 -93.0898226 533.40 234.200
KHOT/13 34.4814987 -93.0991974 520.00 134.400
KHOT/31 34.4737015 -93.0895004 505.00 314.400
KHOU/04 29.6390991 -95.2853012 42.00 44.000
KHOU/22 29.6541996 -95.2686996 39.00 224.000
KHOU/13L 29.6525990 -95.2838970 45.00 134.000
KHOU/31R 29.6427990 -95.2722020 40.00 314.000
KHOU/13R 29.6489311 -95.2831540 45.46 134.000
KHOU/31L 29.6367808 -95.2687567 42.11 314.000
KHPN/11 41.0671005 -73.7157974 398.00 102.000
KHPN/29 41.0651388 -73.7046093 390.21 282.000
KHPN/16 41.0755997 -73.7133026 439.00 150.000
KHPN/34 41.0600014 -73.7014008 380.00 330.000
KHPT/17 42.7291985 -93.2263031 1176.00 180.400
KHPT/35 42.7182007 -93.2264023 1158.00 0.400
KHPY/14 29.7901089 -94.9561956 33.49 142.700
KHPY/32 29.7812996 -94.9485016 27.00 322.700
KHQG/02 37.1554985 -101.3750000 3133.00 25.000
KHQG/20 37.1679993 -101.3669968 3128.00 205.000
KHQG/13 37.1680985 -101.3730011 3132.00 135.200
KHQG/31 37.1629982 -101.3669968 3126.00 315.200
KHQM/06 46.9700012 -123.9459991 18.00 80.000
KHQM/24 46.9724007 -123.9270020 15.00 260.000
KHQU/10 33.5299988 -82.5250015 452.00 93.000
KHQU/28 33.5293999 -82.5078964 498.00 273.000
KHQZ/17 32.7551994 -96.5302963 446.00 181.000
KHQZ/35 32.7387009 -96.5306015 442.00 1.000
KHRI/05 45.8254013 -119.2669983 641.00 62.000
KHRI/23 45.8311005 -119.2509995 638.00 242.000
KHRJ/05 35.3749008 -78.7376022 189.00 40.000
KHRJ/23 35.3838997 -78.7284012 198.00 220.000
KHRL/13 26.2332001 -97.6640015 34.00 135.600
KHRL/31 26.2189007 -97.6484985 36.00 315.600
KHRL/18L 26.2339990 -97.6486970 34.00 181.000
KHRL/36R 26.2181207 -97.6488929 34.97 1.000
KHRL/18R 26.2404000 -97.6586000 34.00 181.000
KHRL/36L 26.2176000 -97.6588970 36.00 1.000
KHRO/18 36.2699013 -93.1537018 1363.00 186.000
KHRO/36 36.2531013 -93.1557007 1351.00 6.000
KHRT/18 30.4421005 -86.6899033 33.00 176.000
KHRT/36 30.4158001 -86.6876984 35.00 356.000
KHRU/17 38.6889992 -96.8079987 1480.00 180.000
KHRU/35 38.6775017 -96.8079987 1480.00 0.000
KHRX/02 34.8549995 -102.3290024 3786.00 29.000
KHRX/20 34.8700981 -102.3190002 3786.00 209.000
KHRX/14 34.8619995 -102.3310013 3783.00 151.200
KHRX/32 34.8527985 -102.3249969 3783.00 331.200
KHSA/18 30.3794994 -89.4545975 23.00 180.000
KHSA/36 30.3561001 -89.4546967 13.00 0.000
KHSB/06 37.8089981 -88.5595016 387.00 63.200
KHSB/24 37.8152008 -88.5438995 396.00 243.200
KHSB/14 37.8126984 -88.5505981 387.00 141.000
KHSB/32 37.8068008 -88.5446014 382.00 321.000
KHSD/17 35.6086998 -97.7064972 1153.00 178.000
KHSD/35 35.5950012 -97.7059021 1193.00 358.000
KHSE/07 35.2304993 -75.6220017 10.00 56.600
KHSE/25 35.2350998 -75.6136017 17.00 236.600
KHSI/04 40.5988998 -98.4337997 1939.00 46.600
KHSI/22 40.6073990 -98.4219971 1948.00 226.600
KHSI/14 40.6143990 -98.4337006 1961.00 150.400
KHSI/32 40.6012632 -98.4237904 1943.09 330.400
KHSP/07 37.9474983 -79.8422012 3790.00 59.000
KHSP/25 37.9553986 -79.8255997 3763.00 239.000
KHSR/01 43.3633995 -103.3919983 3148.00 21.600
KHSR/19 43.3749008 -103.3860016 3140.00 201.600
KHSR/06 43.3658981 -103.3939972 3145.00 76.000
KHSR/24 43.3684998 -103.3799973 3141.00 256.000
KHST/05 25.4785004 -80.3964005 6.00 49.300
KHST/23 25.4986000 -80.3706970 6.00 229.300
KHSV/18L 34.6530990 -86.7655030 609.00 181.000
KHSV/36R 34.6261471 -86.7659874 589.40 1.000
KHSV/18R 34.6528015 -86.7820969 628.00 181.000
KHSV/36L 34.6181984 -86.7827988 611.00 1.000
KHTH/10 38.5475998 -118.6429977 4176.00 116.000
KHTH/28 38.5402985 -118.6240005 4214.00 296.000
KHTH/15 38.5514984 -118.6320038 4156.00 164.000
KHTH/33 38.5423012 -118.6289978 4210.00 344.000
KHTL/09 44.3611984 -84.6762009 1149.00 88.800
KHTL/27 44.3614006 -84.6610031 1145.00 268.800
KHTL/18 44.3597499 -84.6778030 1148.73 180.000
KHTL/36 44.3547467 -84.6778030 1146.27 0.000
KHTO/10 40.9589000 -72.2603000 55.00 89.000
KHTO/28 40.9590990 -72.2449040 31.00 269.000
KHTO/16 40.9627640 -72.2515954 41.67 149.200
KHTO/34 40.9575996 -72.2475967 30.00 329.200
KHTS/12 38.3717003 -82.5700989 827.00 112.400
KHTS/30 38.3647995 -82.5490036 828.00 292.400
KHTW/08 38.4184740 -82.5003025 568.00 81.000
KHTW/26 38.4197998 -82.4898987 568.00 261.000
KHUA/17 34.6884995 -86.6869965 685.00 169.000
KHUA/35 34.6688004 -86.6826019 655.00 349.000
KHUF/05 39.4404983 -87.3231964 572.00 47.000
KHUF/23 39.4572983 -87.2996979 583.00 227.000
KHUF/14 39.4597015 -87.3104019 568.00 134.900
KHUF/32 39.4458008 -87.2923965 589.00 314.900
KHUL/01 46.1175000 -67.7914960 493.00 352.000
KHUL/19 46.1311000 -67.7941970 478.00 172.000
KHUL/05 46.1171989 -67.7972031 481.00 31.100
KHUL/23 46.1288986 -67.7869034 489.00 211.100
KHUM/12 29.5709000 -90.6669006 6.00 125.500
KHUM/30 29.5629005 -90.6540985 9.00 305.500
KHUM/18 29.5750010 -90.6603010 8.00 179.000
KHUM/36 29.5571000 -90.6604000 6.00 359.000
KHUT/04 38.0593081 -97.8627619 1518.45 42.400
KHUT/22 38.0707016 -97.8496018 1543.00 222.400
KHUT/13 38.0741997 -97.8711014 1525.00 138.300
KHUT/31 38.0598984 -97.8548966 1515.00 318.300
KHUT/17 38.0700989 -97.8628006 1523.00 177.300
KHUT/35 38.0583992 -97.8620987 1517.00 357.300
KHVC/08 36.8554001 -87.4643021 537.00 77.800
KHVC/26 36.8586006 -87.4459000 564.00 257.800
KHVE/09 38.4185119 -110.7139067 4444.00 93.000
KHVE/27 38.4178871 -110.6980953 4444.00 273.000
KHVE/17 38.4317017 -110.7030029 4444.00 185.200
KHVE/35 38.4180985 -110.7040024 4444.00 5.200
KHVN/02 41.2560997 -72.8881989 6.00 3.000
KHVN/20 41.2704342 -72.8872668 8.81 183.000
KHVR/03 48.5378990 -109.7679977 2588.00 44.900
KHVR/21 48.5451012 -109.7570038 2581.00 224.900
KHVR/08 48.5439987 -109.7730026 2581.00 90.000
KHVR/26 48.5439987 -109.7509995 2580.00 270.000
KHVS/03 34.3967018 -80.1223984 342.00 22.400
KHVS/21 34.4094009 -80.1160965 363.00 202.400
KHWD/10L 37.6624985 -122.1269989 28.00 120.000
KHWD/28R 37.6581993 -122.1179962 37.00 300.000
KHWD/10R 37.6608871 -122.1275454 32.01 119.800
KHWD/28L 37.6552216 -122.1150300 47.51 299.800
KHWO/10L 26.0022136 -80.2442501 7.00 100.000
KHWO/28R 26.0021992 -80.2349014 7.00 280.000
KHWO/10R 25.9980781 -80.2434358 8.00 100.000
KHWO/28L 25.9981995 -80.2342987 8.00 280.000
KHWO/19L 26.0062031 -80.2396593 7.00 190.000
KHWO/01R 25.9979984 -80.2396020 7.00 10.000
KHWO/19R 26.0060552 -80.2441884 7.00 190.000
KHWO/01L 25.9987458 -80.2439166 7.00 10.000
KHWV/06 40.8216019 -72.8729019 70.00 45.000
KHWV/24 40.8297996 -72.8621979 81.00 225.000
KHWV/15 40.8223000 -72.8716965 69.00 135.000
KHWV/33 40.8142013 -72.8609009 60.00 315.000
KHWY/15 38.5914001 -77.7164001 313.00 139.000
KHWY/33 38.5811005 -77.7049026 336.00 319.000
KHXD/03 32.2198327 -80.7000782 18.64 26.000
KHXD/21 32.2287051 -80.6949695 13.48 206.000
KHXF/09 43.3506710 -88.3960336 1051.00 91.000
KHXF/27 43.3504900 -88.3832530 1070.00 271.000
KHXF/18 43.3525009 -88.3904038 1065.00 178.000
KHYA/06 41.6653202 -70.2816626 44.55 49.700
KHYA/24 41.6741982 -70.2676010 39.00 229.700
KHYA/15 41.6748009 -70.2919006 54.00 139.900
KHYA/33 41.6637993 -70.2795029 44.00 319.900
KHYI/08 29.8917999 -97.8770981 588.00 87.800
KHYI/26 29.8924999 -97.8571014 580.00 267.800
KHYI/13 29.8969994 -97.8700027 593.00 132.900
KHYI/31 29.8866005 -97.8571014 574.00 312.900
KHYI/17 29.9016991 -97.8576965 594.00 177.900
KHYI/35 29.8873997 -97.8571014 574.00 357.900
KHYR/03 46.0196000 -91.4484020 1209.00 25.000
KHYR/21 46.0321010 -91.4401020 1216.00 205.000
KHYR/16 46.0253983 -91.4451981 1210.00 160.000
KHYR/34 46.0222015 -91.4436035 1211.00 340.000
KHYS/04 38.8353004 -99.2780991 1980.00 48.000
KHYS/22 38.8436012 -99.2664032 1992.00 228.000
KHYS/16 38.8527985 -99.2762985 1998.00 167.400
KHYS/34 38.8353996 -99.2713013 1983.00 347.400
KHYW/04 33.8232994 -79.1259994 33.00 31.800
KHYW/22 33.8335991 -79.1184006 34.00 211.800
KHYX/05 43.4298364 -83.8655835 598.92 44.000
KHYX/23 43.4352989 -83.8582993 597.00 224.000
KHYX/10 43.4338990 -83.8719020 599.00 90.000
KHYX/28 43.4338990 -83.8531040 598.00 270.000
KHZD/01 36.0831985 -88.4648972 496.00 12.200
KHZD/19 36.0979996 -88.4609985 496.00 192.200
KHZE/15 47.2957990 -101.5849990 1786.00 152.000
KHZE/33 47.2836000 -101.5759960 1813.00 332.000
KHZL/10 40.9873010 -76.0037000 1596.00 94.000
KHZL/28 40.9863010 -75.9860000 1596.00 274.000
KHZR/18 30.7252007 -91.4781036 39.00 184.300
KHZR/36 30.7115002 -91.4793014 32.00 4.300
KHZX/14 46.6223984 -93.3142014 1228.00 140.000
KHZX/32 46.6152000 -93.3054962 1226.00 320.000
KHZY/09 41.7766000 -80.7048030 907.00 79.000
KHZY/27 41.7794000 -80.6862030 923.00 259.000
KI06/18 34.5732994 -101.7799988 3488.00 193.500
KI06/36 34.5602989 -101.7829971 3503.00 13.500
KI10/05 39.7970009 -81.5407028 876.00 40.500
KI10/23 39.8040403 -81.5328555 878.67 220.500
KI12/05 40.2365990 -84.1551971 1034.00 40.000
KI12/23 40.2429008 -84.1483002 1040.00 220.000
KI12/10 40.2428045 -84.1571783 1038.48 94.200
KI12/28 40.2420006 -84.1417999 1043.00 274.200
KI16/08 37.5987015 -81.5652008 1724.00 70.000
KI16/26 37.6016464 -81.5552171 1773.59 250.000
KI17/08 40.1632996 -84.3153992 993.00 75.500
KI17/26 40.1660995 -84.3014984 985.00 255.500
KI18/04 38.9249992 -81.8229980 738.00 29.600
KI18/22 38.9345017 -81.8160019 758.00 209.600
KI22/07 40.1671982 -84.9337006 1115.00 72.700
KI22/25 40.1703436 -84.9208610 1116.90 252.700
KI22/09 40.1692009 -84.9266968 1119.00 91.900
KI22/27 40.1691292 -84.9206842 1118.15 271.900
KI23/05 39.5646019 -83.4255981 978.00 34.000
KI23/23 39.5761986 -83.4154968 976.00 214.000
KI34/18 39.3305038 -85.5225859 911.18 179.500
KI34/36 39.3224749 -85.5225022 905.20 359.500
KI35/08 36.8582001 -83.3641968 1524.00 76.000
KI35/26 36.8605003 -83.3526993 1564.00 256.000
KI39/18 37.6367554 -84.3330701 966.61 174.600
KI39/36 37.6246986 -84.3315964 1000.00 354.600
KI40/04 40.3046989 -81.8578033 972.00 37.400
KI40/22 40.3135986 -81.8488998 978.00 217.400
KI43/01 38.9751051 -82.5785955 722.25 5.000
KI43/19 38.9884987 -82.5770035 726.00 185.000
KI58/01 34.9230003 -104.6449966 4774.00 21.400
KI58/19 34.9389992 -104.6380005 4790.00 201.400
KI58/08 34.9392013 -104.6529999 4765.00 88.700
KI58/26 34.9393997 -104.6380005 4783.00 268.700
KI63/36 39.9772987 -90.8042984 715.00 0.000
KI66/03 39.4989014 -83.8657989 1028.00 28.000
KI67/01 39.2556459 -84.7742939 580.22 0.300
KI67/19 39.2630997 -84.7742996 582.00 180.300
KI68/01 39.4577240 -84.2522472 885.10 4.000
KI68/19 39.4682999 -84.2512970 898.00 184.000
KI69/04 39.0761696 -84.2122509 840.54 37.000
KI69/22 39.0822983 -84.2064972 813.00 217.000
KI71/12 39.6561212 -81.8075222 1000.00 120.000
KI71/30 39.6517982 -81.7977982 1000.00 300.000
KI73/08 39.6825714 -84.2472117 720.00 91.000
KI73/26 39.6825054 -84.2372855 720.00 271.000
KI74/02 40.1268997 -83.7557983 1057.00 17.900
KI74/20 40.1384010 -83.7509995 1067.00 197.900
KI75/18 41.0578003 -93.6896973 1110.00 179.000
KI75/36 41.0469017 -93.6893997 1110.00 359.000
KI76/01 40.7808991 -86.1468964 769.00 4.600
KI76/19 40.7918015 -86.1457977 779.00 184.600
KI86/08 39.6901016 -82.2036972 1051.00 72.100
KI86/26 39.6931000 -82.1919022 1041.00 252.100
KI95/04 40.6063003 -83.6483994 1023.00 39.700
KI95/22 40.6152000 -83.6387024 1003.00 219.700
KIAB/01L 37.6072998 -97.2734985 1337.00 13.000
KIAB/19R 37.6394997 -97.2645035 1371.00 193.000
KIAB/01R 37.6068001 -97.2706986 1336.00 13.000
KIAB/19L 37.6389999 -97.2618027 1364.00 193.000
KIAD/01C 38.9390984 -77.4598007 286.00 1.000
KIAD/19C 38.9706001 -77.4592972 269.00 181.000
KIAD/01L 38.9450000 -77.4748200 286.00 1.000
KIAD/19R 38.9707800 -77.4744500 269.00 181.000
KIAD/01R 38.9238014 -77.4364014 312.00 0.700
KIAD/19L 38.9552994 -77.4359970 293.00 180.700
KIAD/12 38.9438019 -77.4904022 310.00 110.600
KIAD/30 38.9336014 -77.4559021 288.00 290.600
KIAG/06 43.1010017 -78.9468994 583.00 50.000
KIAG/24 43.1100998 -78.9319992 589.00 230.000
KIAG/10 43.1095010 -78.9661747 585.21 90.000
KIAG/28 43.1095010 -78.9319990 588.00 270.000
KIAH/08L 30.0072002 -95.3588028 92.00 89.900
KIAH/26R 30.0072002 -95.3303986 95.00 269.900
KIAH/08R 29.9934006 -95.3550034 95.00 89.900
KIAH/26L 29.9934006 -95.3253021 92.00 269.900
KIAH/09 29.9776001 -95.3340988 91.00 90.000
KIAH/27 29.9776001 -95.3024979 84.00 270.000
KIAH/15L 29.9878998 -95.3579025 97.00 152.000
KIAH/33R 29.9587994 -95.3399963 86.00 332.000
KIAH/15R 29.9878006 -95.3613968 95.00 152.000
KIAH/33L 29.9634991 -95.3464966 88.00 332.000
KIBM/10 41.1902008 -103.6880035 4926.00 104.800
KIBM/28 41.1859016 -103.6660004 4900.00 284.800
KICL/02 40.7150993 -95.0306015 994.00 24.400
KICL/20 40.7276001 -95.0232010 991.00 204.400
KICL/31 40.7200012 -95.0227966 981.00 321.400
KICR/13 43.3941000 -99.8472980 2008.00 135.000
KICT/01L 37.6349983 -97.4459992 1313.00 20.000
KICT/19R 37.6615982 -97.4337997 1330.00 200.000
KICT/01R 37.6427994 -97.4263000 1321.00 20.000
KICT/19L 37.6615982 -97.4177017 1320.00 200.000
KICT/14 37.6575012 -97.4401016 1332.00 150.000
KICT/32 37.6426010 -97.4291992 1322.00 330.000
KIDA/02 43.5024986 -112.0849991 4742.00 38.000
KIDA/20 43.5219994 -112.0640030 4731.00 218.000
KIDA/17 43.5225983 -112.0619965 4731.00 182.000
KIDA/35 43.5115013 -112.0619965 4731.00 2.000
KIDG/12 42.3343958 -95.4487936 1237.77 121.700
KIDG/30 42.3307171 -95.4408181 1243.36 301.700
KIDI/11 40.6328010 -79.1127010 1360.00 96.000
KIDI/29 40.6315990 -79.0983960 1405.00 276.000
KIDL/18 33.4953990 -90.6789020 126.00 180.000
KIDL/36 33.4761010 -90.6788020 121.00 0.000
KIDP/04 37.1570015 -95.7854004 821.00 45.300
KIDP/22 37.1636009 -95.7770996 820.00 225.300
KIDP/17 37.1646996 -95.7766037 819.00 180.000
KIDP/35 37.1496010 -95.7766037 819.00 0.000
KIEN/12 43.0256004 -102.5139999 3298.00 129.000
KIEN/30 43.0169983 -102.4990005 3331.00 309.000
KIER/07 31.7378006 -93.1073990 115.00 76.400
KIER/25 31.7404003 -93.0949020 117.00 256.400
KIER/17 31.7397003 -93.0995026 116.00 166.500
KIER/35 31.7262993 -93.0957031 121.00 346.500
KIFA/13 42.4747010 -93.2752000 1127.00 135.000
KIFA/31 42.4669000 -93.2647020 1137.00 315.000
KIFP/16 35.1677017 -114.5599976 622.00 176.500
KIFP/34 35.1470985 -114.5589981 695.00 356.500
KIGM/03 35.2514992 -113.9479980 3409.00 44.900
KIGM/21 35.2647018 -113.9319992 3392.00 224.900
KIGM/17 35.2700996 -113.9359970 3358.00 180.000
KIGM/35 35.2515984 -113.9359970 3446.00 0.000
KIGQ/09 41.5399017 -87.5379028 615.00 90.000
KIGQ/27 41.5399017 -87.5254974 617.00 270.000
KIGQ/18 41.5352421 -87.5277023 616.26 180.000
KIGQ/36 41.5251999 -87.5277023 619.00 0.000
KIIB/18 42.4590990 -91.9477010 963.00 179.000
KIIB/36 42.4481010 -91.9475020 978.00 359.000
KIIY/13 33.7826004 -82.8211975 645.00 126.000
KIIY/31 33.7761002 -82.8105011 640.00 306.000
KIJD/09 41.7435942 -72.1842805 240.00 74.300
KIJD/27 41.7466011 -72.1700974 240.00 254.400
KIJD/18 41.7462997 -72.1856995 235.00 165.000
KIJD/36 41.7388992 -72.1827011 246.00 345.000
KIJX/04 39.7709007 -90.2431030 617.00 45.000
KIJX/22 39.7787018 -90.2330017 618.00 225.000
KIJX/13 39.7793007 -90.2446976 617.00 135.300
KIJX/31 39.7695999 -90.2322006 621.00 315.300
KIKG/13 27.5571995 -98.0369034 131.00 140.000
KIKG/31 27.5445003 -98.0250015 125.00 320.000
KIKK/04 41.0657997 -87.8547974 625.00 38.100
KIKK/22 41.0787010 -87.8414001 629.00 218.100
KIKK/16 41.0760002 -87.8462982 622.00 161.100
KIKK/34 41.0646019 -87.8411026 618.00 341.100
KIKV/04 41.6889000 -93.5725021 910.00 45.000
KIKV/22 41.6963318 -93.5624927 900.82 225.000
KIKV/18 41.6977005 -93.5658035 903.00 180.000
KIKV/36 41.6825981 -93.5658035 888.00 0.000
KILE/01 31.0808147 -97.6882222 843.54 16.800
KILE/19 31.0930996 -97.6839981 841.00 196.800
KILG/01 39.6693001 -75.6037979 79.00 5.000
KILG/19 39.6884003 -75.6016006 62.00 185.000
KILG/09 39.6781006 -75.6201019 79.00 77.700
KILG/27 39.6823006 -75.5952988 72.00 257.700
KILG/14 39.6801987 -75.6166992 75.00 131.000
KILG/32 39.6720009 -75.6043014 74.00 311.000
KILM/06 34.2619019 -77.9103012 21.00 48.400
KILM/24 34.2765007 -77.8905029 20.00 228.400
KILM/17 34.2812004 -77.9091034 30.00 159.200
KILM/35 34.2631989 -77.9009018 18.00 339.200
KILN/04L 39.4193993 -83.8093033 1053.00 37.300
KILN/22R 39.4426994 -83.7863007 1077.00 217.300
KILN/04R 39.4143982 -83.7949982 1043.00 37.300
KILN/22L 39.4339981 -83.7757034 1077.00 217.300
KIML/03 40.5093002 -101.6230011 3270.00 45.400
KIML/21 40.5152016 -101.6149979 3275.00 225.400
KIML/13 40.5148010 -101.6259995 3272.00 144.000
KIML/31 40.5037003 -101.6149979 3264.00 324.000
KIMM/09 26.4370003 -81.4054031 35.00 88.000
KIMM/27 26.4375000 -81.3901977 33.00 268.000
KIMM/18 26.4372006 -81.4051971 36.00 178.000
KIMM/36 26.4235001 -81.4047012 33.00 358.000
KIMS/03 38.7547000 -85.4688030 806.00 32.000
KIMS/21 38.7649990 -85.4607010 817.00 212.000
KIMT/01 45.8105011 -88.1150971 1132.00 7.700
KIMT/19 45.8282013 -88.1117020 1182.00 187.700
KIMT/13 45.8202019 -88.1220017 1124.00 132.000
KIMT/31 45.8132019 -88.1109009 1125.00 312.000
KIND/05L 39.7064018 -86.3208008 738.00 44.500
KIND/23R 39.7282982 -86.2929001 783.00 224.500
KIND/05R 39.7001991 -86.3043976 789.00 44.600
KIND/23L 39.7197990 -86.2795029 788.00 224.600
KIND/14 39.7341995 -86.2888031 788.00 134.600
KIND/32 39.7196007 -86.2695999 781.00 314.600
KINJ/16 32.0887985 -97.0988998 686.00 164.800
KINJ/34 32.0782013 -97.0954971 676.00 344.800
KINK/04 31.7796993 -103.2050018 2818.00 50.500
KINK/22 31.7858009 -103.1959991 2811.00 230.500
KINK/13 31.7830010 -103.2080002 2822.00 140.500
KINK/31 31.7723999 -103.1979980 2812.00 320.500
KINL/04 48.5625992 -93.4067001 1170.00 41.800
KINL/22 48.5686989 -93.3983994 1181.00 221.800
KINL/13 48.5727997 -93.4126968 1185.00 136.000
KINL/31 48.5600014 -93.3939972 1164.00 316.000
KINS/08 36.5844994 -115.6959991 3133.00 92.300
KINS/26 36.5834999 -115.6650009 3102.00 272.300
KINS/13 36.5940012 -115.6772161 3096.73 144.900
KINS/31 36.5839005 -115.6679993 3106.00 324.900
KINT/04 36.1330986 -80.2291031 950.00 31.000
KINT/22 36.1423988 -80.2222977 960.00 211.000
KINT/15 36.1374858 -80.2251623 962.10 145.000
KINT/33 36.1239014 -80.2132034 901.00 325.000
KINW/04 35.0143013 -110.7379990 4938.00 58.500
KINW/22 35.0231997 -110.7205932 4896.39 238.500
KINW/11 35.0288397 -110.7274449 4896.25 119.800
KINW/29 35.0200089 -110.7080841 4870.47 299.800
KIOB/03 38.0519981 -83.9834976 1019.00 27.100
KIOB/21 38.0642013 -83.9756012 984.00 207.100
KIOW/07 41.6389010 -91.5550000 668.00 71.000
KIOW/25 41.6427651 -91.5405212 650.54 251.000
KIOW/12 41.6418990 -91.5526960 662.00 125.000
KIOW/30 41.6357990 -91.5410000 649.00 305.000
KIPJ/05 35.4785729 -81.1675066 874.72 47.000
KIPJ/23 35.4884990 -81.1544040 867.00 227.000
KIPL/08 32.8320999 -115.5899963 -57.00 90.000
KIPL/26 32.8320999 -115.5749969 -57.00 270.000
KIPL/14 32.8424988 -115.5790024 -58.00 152.800
KIPL/32 32.8296013 -115.5709991 -56.00 332.800
KIPT/09 41.2387009 -76.9344025 514.00 77.000
KIPT/27 41.2426987 -76.9114990 525.00 257.000
KIPT/12 41.2449989 -76.9264984 523.00 106.000
KIPT/30 41.2417984 -76.9114990 525.00 286.000
KIRK/18 40.1007004 -92.5441971 966.00 180.000
KIRK/36 40.0843010 -92.5444031 964.00 0.000
KIRS/01 41.8060000 -85.4408040 909.00 0.000
KIRS/19 41.8202020 -85.4409030 912.00 180.000
KIRS/06 41.8111992 -85.4413986 913.00 59.000
KIRS/24 41.8161011 -85.4307022 925.00 239.000
KISB/17 43.3736000 -95.7598038 1537.00 180.000
KISB/35 43.3653984 -95.7598038 1537.00 0.000
KISM/06 28.2868004 -81.4440994 80.00 58.000
KISM/24 28.2940998 -81.4309006 78.00 238.000
KISM/15 28.2950375 -81.4408790 79.75 148.000
KISM/33 28.2821999 -81.4318008 77.00 328.000
KISO/05 35.3206154 -77.6203055 92.72 41.100
KISO/23 35.3432999 -77.5961990 87.00 221.100
KISP/06 40.7886009 -73.1123962 92.00 45.000
KISP/24 40.8022003 -73.0945969 99.00 225.000
KISP/15L 40.7989998 -73.0983963 91.00 135.000
KISP/33R 40.7929001 -73.0903015 81.00 315.000
KISP/15R 40.8022003 -73.1072998 99.00 135.000
KISP/33L 40.7921982 -73.0941010 79.00 315.000
KISQ/01 45.9706001 -86.1706009 677.00 359.000
KISQ/19 45.9774017 -86.1707001 681.00 179.000
KISQ/10 45.9749985 -86.1822968 685.00 90.000
KISQ/28 45.9748993 -86.1625977 673.00 270.000
KISW/02 44.3534012 -89.8417969 1010.00 20.000
KISW/20 44.3675003 -89.8347015 1021.00 200.000
KISW/11 44.3630981 -89.8442001 1020.00 116.000
KISW/29 44.3590033 -89.8322890 1012.37 296.000
KITH/14 42.4972992 -76.4673004 1077.00 134.000
KITH/32 42.4846992 -76.4496002 1099.00 314.000
KITR/15 39.2491989 -102.2890015 4219.00 159.900
KITR/33 39.2358017 -102.2819977 4202.00 339.900
KIWA/12C 33.3176003 -111.6660004 1346.00 135.700
KIWA/30C 33.2975998 -111.6429977 1378.00 315.700
KIWA/12L 33.3176002 -111.6610031 1353.00 135.700
KIWA/30R 33.2993011 -111.6399994 1380.00 315.700
KIWA/12R 33.3176994 -111.6729965 1339.00 135.700
KIWA/30L 33.2972984 -111.6490021 1372.00 315.700
KIWD/09 46.5275993 -90.1443024 1223.00 90.200
KIWD/27 46.5275002 -90.1184006 1230.00 270.200
KIWH/09 40.7610016 -85.8078995 793.00 89.300
KIWH/27 40.7612000 -85.7919998 792.00 269.300
KIWH/18 40.7654999 -85.7959646 790.41 178.700
KIWH/36 40.7612991 -85.7957993 792.00 358.700
KIWI/07 43.9584999 -69.7175980 70.00 51.400
KIWI/25 43.9642982 -69.7074966 56.00 231.400
KIWS/15 29.8230991 -95.6753006 111.00 154.700
KIWS/33 29.8132992 -95.6698990 110.00 334.700
KIXD/04 38.8282013 -94.8951034 1061.00 47.000
KIXD/22 38.8377991 -94.8818970 1087.00 227.000
KIXD/18 38.8395004 -94.8916016 1085.00 180.000
KIXD/36 38.8194008 -94.8916016 1051.00 0.000
KIYK/02 35.6483002 -117.8330002 2442.00 30.700
KIYK/20 35.6623993 -117.8229980 2455.00 210.800
KIYK/10 35.6679001 -117.8349991 2455.00 115.500
KIYK/28 35.6631012 -117.8219986 2413.00 295.500
KIYK/15 35.6669006 -117.8339996 2455.00 165.800
KIYK/33 35.6477013 -117.8280029 2427.00 345.800
KIZA/08 34.6073990 -120.0800018 652.00 98.300
KIZA/26 34.6063003 -120.0709991 671.00 278.300
KIZG/14 43.9944000 -70.9549026 452.00 126.600
KIZG/32 43.9877014 -70.9419022 420.00 306.600
KJAC/01 43.5992012 -110.7419968 6413.00 19.500
KJAC/19 43.6155014 -110.7340012 6451.00 199.500
KJAN/16L 32.3282013 -90.0776978 305.00 158.000
KJAN/34R 32.3064995 -90.0673981 346.00 338.000
KJAN/16R 32.3157997 -90.0843964 305.00 158.000
KJAN/34L 32.2942009 -90.0740967 329.00 338.000
KJAS/18 30.8932991 -94.0347977 213.00 180.900
KJAS/36 30.8780994 -94.0351028 177.00 0.900
KJAU/05 36.3302002 -84.1678009 1134.00 45.700
KJAU/23 36.3378983 -84.1580963 1180.00 225.700
KJAX/08 30.4962006 -81.6999969 29.00 71.000
KJAX/26 30.5053997 -81.6699982 26.00 251.000
KJAX/14 30.4922009 -81.7007980 27.00 131.000
KJAX/32 30.4783993 -81.6822968 24.00 311.000
KJBR/05 35.8288002 -90.6511993 254.00 50.200
KJBR/23 35.8396988 -90.6352005 258.00 230.200
KJBR/13 35.8317986 -90.6561966 262.00 134.600
KJBR/31 35.8238983 -90.6464005 251.00 314.600
KJCT/26 30.5116997 -99.7565994 1691.00 272.500
KJCT/17 30.5172005 -99.7643967 1751.00 180.200
KJCT/35 30.5034008 -99.7645035 1702.00 0.200
KJDD/18 32.7476997 -95.4962006 403.00 182.100
KJDD/36 32.7366982 -95.4966965 433.00 2.100
KJEF/09 38.5909996 -92.1641006 546.00 91.000
KJEF/27 38.5909004 -92.1521988 546.00 271.000
KJEF/12 38.5956993 -92.1638031 547.00 123.000
KJEF/30 38.5868988 -92.1461029 547.00 303.000
KJER/09 42.7279015 -114.4660034 3961.00 100.000
KJER/27 42.7254982 -114.4469986 4053.00 280.000
KJES/11 31.5552006 -81.8911972 107.00 99.000
KJES/29 31.5527000 -81.8738022 66.00 279.000
KJFK/04L 40.6230899 -73.7847378 12.04 31.000
KJFK/22R 40.6424653 -73.7697181 12.78 211.000
KJFK/04R 40.6254005 -73.7703018 13.00 30.600
KJFK/22L 40.6451988 -73.7548981 13.00 210.600
KJFK/13L 40.6565213 -73.7873961 13.00 121.000
KJFK/31R 40.6451541 -73.7624895 13.00 301.000
KJFK/13R 40.6455145 -73.8103775 13.00 121.000
KJFK/31L 40.6325052 -73.7817015 13.00 301.000
KJFX/09 33.9023018 -87.3219986 482.00 92.000
KJFX/27 33.9017982 -87.3056030 473.00 272.000
KJFZ/07 37.0612984 -81.8050003 2652.00 65.600
KJFZ/25 37.0662003 -81.7916031 2652.00 245.600
KJGG/13 37.2414017 -76.7208023 48.00 120.500
KJGG/31 37.2369003 -76.7113037 22.00 300.500
KJHW/07 42.1482010 -79.2680969 1721.00 59.000
KJHW/25 42.1557007 -79.2514038 1719.00 239.000
KJHW/13 42.1581001 -79.2632980 1723.00 119.000
KJHW/31 42.1521988 -79.2487030 1707.00 299.000
KJKA/09 30.2903004 -87.6787289 14.13 90.000
KJKA/27 30.2903004 -87.6582031 16.00 270.000
KJKA/17 30.2933006 -87.6772003 16.00 175.000
KJKA/35 30.2833996 -87.6763000 11.00 355.000
KJKJ/12 46.8418999 -96.6714020 914.00 116.000
KJKJ/30 46.8367004 -96.6560974 917.00 296.000
KJKL/01 37.5878983 -83.3182983 1353.00 8.000
KJKL/19 37.5998001 -83.3162003 1381.00 188.000
KJLN/13 37.1570104 -94.5064107 952.61 138.000
KJLN/31 37.1445007 -94.4924011 978.00 318.000
KJLN/18 37.1641007 -94.4973984 950.00 182.000
KJLN/36 37.1461983 -94.4981995 972.00 2.000
KJMR/11 45.8843002 -93.2773972 1010.00 117.000
KJMR/29 45.8813019 -93.2687988 1008.00 297.000
KJMR/17 45.8935013 -93.2721024 1000.00 172.000
KJMR/35 45.8827019 -93.2697983 1009.00 352.000
KJMS/04 46.9244995 -98.6866989 1493.00 44.700
KJMS/22 46.9356995 -98.6705017 1498.00 224.700
KJMS/13 46.9356995 -98.6871033 1498.00 134.800
KJMS/31 46.9230995 -98.6686020 1495.00 314.800
KJNX/03 35.5343018 -78.3948975 148.00 30.000
KJNX/21 35.5474014 -78.3856964 165.00 210.000
KJOT/04 41.5149002 -88.1798019 574.00 44.000
KJOT/22 41.5211983 -88.1715012 581.00 224.000
KJOT/13 41.5195384 -88.1790595 580.08 127.000
KJOT/31 41.5150986 -88.1710968 581.00 307.000
KJQF/02 35.3778000 -80.7114029 640.00 10.500
KJQF/20 35.3978004 -80.7069015 700.00 190.500
KJSO/14 31.8745995 -95.2226028 677.00 140.000
KJSO/32 31.8640003 -95.2121963 657.00 320.000
KJST/05 40.3103981 -78.8393021 2270.00 39.400
KJST/23 40.3196983 -78.8293991 2278.00 219.400
KJST/15 40.3236999 -78.8422012 2270.00 144.100
KJST/33 40.3081016 -78.8274994 2260.00 324.100
KJSV/17 35.4436989 -94.8028030 527.00 180.300
KJSV/35 35.4327011 -94.8029022 518.00 0.300
KJVL/04 42.6118011 -89.0497971 804.00 41.400
KJVL/22 42.6255989 -89.0333023 805.00 221.400
KJVL/14 42.6281014 -89.0551987 795.00 134.000
KJVL/32 42.6142998 -89.0354996 806.00 314.000
KJVL/18 42.6278000 -89.0362015 808.00 179.100
KJVL/36 42.6141014 -89.0360031 805.00 359.100
KJVY/14 38.3708000 -85.7432022 469.00 138.000
KJVY/32 38.3628006 -85.7341003 461.00 318.000
KJVY/18 38.3720017 -85.7378998 474.00 180.000
KJVY/36 38.3568993 -85.7378998 461.00 0.000
KJWG/17 35.8702011 -98.4207993 1550.00 180.000
KJWG/35 35.8591995 -98.4207993 1533.00 0.000
KJWN/02 36.1749990 -86.8890990 458.00 15.000
KJWN/20 36.1883771 -86.8847395 490.08 195.000
KJWY/18 32.4630012 -96.9117966 713.00 184.000
KJWY/36 32.4491997 -96.9130020 686.00 4.000
KJXI/18 32.7034988 -94.9487991 415.00 180.200
KJXI/36 32.6925011 -94.9488983 415.00 0.200
KJXN/07 42.2568556 -84.4654374 993.67 51.000
KJXN/25 42.2653010 -84.4513020 990.00 231.000
KJXN/14 42.2616005 -84.4645996 986.00 133.400
KJXN/32 42.2551002 -84.4552002 1000.00 313.400
KJYG/15 43.9910011 -94.5617981 1061.00 150.000
KJYG/33 43.9816017 -94.5540008 1065.00 330.000
KJYL/05 32.6399994 -81.6006012 169.00 48.000
KJYL/23 32.6492996 -81.5886993 187.00 228.000
KJYL/15 32.6505013 -81.6037979 175.00 145.500
KJYL/33 32.6418991 -81.5968018 175.00 325.500
KJYM/10 41.9216000 -84.5931020 1160.00 94.000
KJYM/28 41.9208980 -84.5784000 1182.00 274.000
KJYO/17 39.0850983 -77.5606003 377.00 161.000
KJYO/35 39.0708008 -77.5543976 387.00 341.000
KJYR/05 40.8922005 -97.6325989 1665.00 53.800
KJYR/23 40.8997994 -97.6188965 1664.00 233.800
KJYR/17 40.9026238 -97.6235147 1664.54 174.300
KJYR/35 40.8897898 -97.6219448 1667.73 354.400
KJZI/04 32.6911011 -80.0057983 10.00 32.200
KJZI/22 32.6995059 -79.9995903 10.84 212.200
KJZI/09 32.7048990 -80.0118030 17.00 89.000
KJZI/27 32.7050020 -79.9954990 10.00 269.000
KJZP/16 34.4598007 -84.4602966 1501.00 159.000
KJZP/34 34.4468994 -84.4543991 1535.00 339.000
KK02/02 37.8595009 -89.8656998 368.00 17.000
KK02/20 37.8778000 -89.8584976 371.00 197.000
KK06/18 39.9782982 -90.4039993 464.00 178.000
KK06/36 39.9673996 -90.4032974 465.00 358.000
KK15/14 38.1138992 -92.6839981 875.00 142.300
KK15/32 38.1069984 -92.6772003 857.00 322.300
KK20/06 37.3898873 -83.2689766 1242.91 59.300
KK20/24 37.3940010 -83.2602005 1242.00 239.300
KK20/14 37.3904991 -83.2658005 1243.00 138.900
KK20/32 37.3801002 -83.2545013 1253.00 318.900
KK22/03 37.7450981 -82.6411972 1170.00 31.000
KK22/21 37.7569008 -82.6322021 1221.00 211.000
KK24/17 37.0164986 -85.1034012 1011.00 175.400
KK24/35 37.0028992 -85.1019974 959.00 355.400
KK33/17 37.6193008 -91.6055984 1220.00 167.500
KK33/35 37.6111984 -91.6033020 1241.00 347.500
KK44/17 36.8030014 -100.5260010 2457.00 178.600
KK44/35 36.7947006 -100.5260010 2467.00 358.600
KK49/03 36.5026021 -101.8145304 3460.00 47.000
KK49/21 36.5076652 -101.8078472 3460.00 227.000
KK49/17 36.5127983 -101.8130035 3460.00 182.000
KK49/35 36.5064011 -101.8140030 3460.00 2.000
KK52/09 39.6346016 -91.7332001 737.00 91.900
KK52/27 39.6343002 -91.7208023 734.00 271.900
KK57/18 40.4499208 -95.3672367 912.40 181.000
KK57/36 40.4410019 -95.3674011 909.00 1.000
KK59/16 39.5746002 -95.1809006 1040.00 173.000
KK59/34 39.5669482 -95.1797903 1069.85 353.000
KK61/04 39.4679985 -98.1334000 1409.00 45.000
KK61/22 39.4725990 -98.1275024 1411.00 225.000
KK61/08 39.4687004 -98.1333008 1407.00 91.000
KK61/26 39.4686012 -98.1275024 1413.00 271.000
KK61/17 39.4777985 -98.1269989 1416.00 179.000
KK61/35 39.4678993 -98.1268005 1415.00 359.000
KK62/03 38.6991997 -84.3948975 898.00 27.000
KK62/21 38.7089996 -84.3884964 879.00 207.000
KK74/12 46.6509018 -97.0044022 946.00 118.000
KK74/30 46.6465988 -96.9927979 943.00 298.000
KK79/17 37.9902000 -99.8942032 2462.00 181.000
KK79/35 37.9786987 -99.8945007 2465.00 1.000
KK81/03 38.5374985 -94.9232025 930.00 38.000
KK81/21 38.5447998 -94.9159012 931.00 218.000
KK81/15 38.5432014 -94.9237976 926.00 153.000
KK81/33 38.5367012 -94.9195023 939.00 333.000
KK82/14 39.7686000 -98.7989000 1786.00 151.000
KK82/32 39.7581000 -98.7911000 1800.00 331.000
KK88/01 37.8646011 -95.3880005 1009.00 13.000
KK88/19 37.8755989 -95.3846970 1015.00 193.000
KK89/02 39.7243996 -92.4591980 874.00 20.000
KK89/20 39.7328987 -92.4552002 869.00 200.000
KKIC/11 36.2322006 -121.1279984 366.00 132.900
KKIC/29 36.2238998 -121.1159973 370.00 312.900
KKLS/12 46.1226006 -122.9039993 20.00 140.000
KKLS/30 46.1133995 -122.8929977 16.00 320.000
KKNB/01 37.0026016 -112.5350037 4823.00 20.900
KKNB/19 37.0185013 -112.5279999 4868.00 200.900
KL04/26 32.8400002 -115.2580032 59.00 272.000
KL05/17 35.7331009 -118.4189987 2614.00 188.200
KL05/35 35.7235985 -118.4209976 2608.00 8.200
KL08/08 33.2588997 -116.3290024 519.00 88.800
KL08/26 33.2592010 -116.3130035 519.00 268.800
KL09/05 36.6013985 -117.1640015 25.00 54.300
KL09/23 36.6067009 -117.1539993 15.00 234.400
KL19/12 35.6221633 -119.3559896 301.75 138.700
KL19/30 35.6165945 -119.3505326 312.08 318.700
KL22/06 34.1261175 -116.4138718 3201.06 71.300
KL22/24 34.1294097 -116.4020361 3222.11 251.300
KL23/18 37.1096992 -116.3109970 5068.00 193.900
KL23/36 37.0945015 -116.3150024 4975.00 13.900
KL35/26 34.2636990 -116.8469910 6750.90 270.000
KL38/17 30.1781998 -90.9415970 14.00 171.000
KL38/35 30.1672993 -90.9396973 14.00 351.000
KL39/18 31.1734009 -93.3423996 280.00 180.100
KL39/36 31.1630001 -93.3424988 266.00 0.100
KL41/03 36.8086014 -111.6510010 3586.00 40.800
KL41/21 36.8163986 -111.6429977 3603.00 220.800
KL45/16 35.3302994 -118.9970016 376.00 174.600
KL45/34 35.3194008 -118.9950027 370.00 354.600
KL64/05 33.7463989 -115.3290024 559.00 67.300
KL64/23 33.7508011 -115.3170013 520.00 247.300
KL70/04 34.5006554 -118.3174596 2628.03 53.000
KL70/22 34.5060181 -118.3092254 2567.85 233.000
KL71/06 35.1492004 -118.0260010 2453.00 76.000
KL71/24 35.1533012 -118.0070038 2401.00 256.000
KL72/17 35.8182983 -117.3270035 1716.00 177.000
KL72/35 35.8019981 -117.3270035 1638.00 357.000
KL77/06 33.6636009 -115.7180023 1713.00 76.000
KL77/24 33.6666985 -115.7030029 1670.00 256.000
KLAA/08 38.0738983 -102.6940002 3683.00 89.600
KLAA/26 38.0740013 -102.6760025 3689.00 269.600
KLAA/18 38.0749016 -102.6900024 3679.00 189.600
KLAA/36 38.0578003 -102.6930008 3706.00 9.600
KLAF/05 40.4081993 -86.9390030 593.00 47.300
KLAF/23 40.4156990 -86.9274979 603.00 227.300
KLAF/10 40.4140015 -86.9508972 600.00 100.000
KLAF/28 40.4110985 -86.9274979 598.00 280.000
KLAL/05 27.9834003 -82.0204010 130.00 45.000
KLAL/23 27.9932003 -82.0093994 141.00 225.000
KLAL/10 27.9892006 -82.0338974 132.00 90.000
KLAL/28 27.9892998 -82.0074997 142.00 270.000
KLAM/09 35.8814011 -106.2789993 7171.00 102.400
KLAM/27 35.8782005 -106.2600021 7132.00 282.400
KLAN/06 42.7732010 -84.6009979 859.00 53.000
KLAN/24 42.7813988 -84.5861969 848.00 233.000
KLAN/10L 42.7818985 -84.5849991 846.00 90.600
KLAN/28R 42.7817993 -84.5716019 851.00 270.600
KLAN/10R 42.7781982 -84.6010971 861.00 90.600
KLAN/28L 42.7779999 -84.5740967 852.00 270.600
KLAR/03 41.3027000 -105.6869965 7283.00 45.600
KLAR/21 41.3190002 -105.6650009 7272.00 225.600
KLAR/12 41.3196983 -105.6809998 7273.00 134.600
KLAR/30 41.3075981 -105.6650009 7275.00 314.600
KLAS/01L 36.0767566 -115.1691568 2170.41 25.000
KLAS/19R 36.0976982 -115.1579971 2083.00 205.000
KLAS/01R 36.0753868 -115.1667963 2165.48 25.000
KLAS/19L 36.0985000 -115.1535000 2080.00 205.000
KLAS/08L 36.0763328 -115.1640786 2139.00 90.000
KLAS/26R 36.0763330 -115.1210000 2044.00 270.000
KLAS/08R 36.0736008 -115.1610031 2157.00 90.000
KLAS/26L 36.0737000 -115.1259995 2048.00 270.000
KLAW/17 34.5786018 -98.4171982 1110.00 176.900
KLAW/35 34.5550003 -98.4156036 1070.00 356.900
KLAX/24R 33.9521120 -118.4019540 117.00 263.000
KLAX/24L 33.9502027 -118.4016869 110.78 263.000
KLAX/25R 33.9395636 -118.3829095 95.84 263.000
KLAX/25L 33.9373710 -118.3827000 95.00 263.000
KLBB/08 33.6622038 -101.8283437 3256.95 89.700
KLBB/26 33.6623001 -101.8030014 3255.00 269.700
KLBB/17L 33.6598015 -101.8170013 3255.00 179.600
KLBB/35R 33.6519013 -101.8170013 3262.00 359.600
KLBB/17R 33.6823997 -101.8290024 3282.00 179.700
KLBB/35L 33.6507988 -101.8290024 3243.00 359.700
KLBE/06 40.2681010 -79.4170000 1184.00 46.000
KLBE/24 40.2816010 -79.3990020 1138.00 226.000
KLBF/12 41.1321983 -100.6900024 2776.00 126.000
KLBF/30 41.1194000 -100.6669998 2768.00 306.000
KLBF/17 41.1329994 -100.6930008 2774.00 181.100
KLBF/35 41.1217241 -100.6929798 2773.07 1.100
KLBL/04 37.0387001 -100.9710007 2884.00 45.000
KLBL/22 37.0498009 -100.9570007 2876.00 225.000
KLBL/17 37.0539017 -100.9560013 2875.00 180.000
KLBL/35 37.0344009 -100.9560013 2874.00 0.000
KLBO/18 37.6552010 -92.6521988 1306.00 181.700
KLBO/36 37.6414986 -92.6527023 1319.00 1.700
KLBT/05 34.6046310 -79.0668986 123.97 45.000
KLBT/23 34.6148987 -79.0543976 123.00 225.000
KLBT/13 34.6139984 -79.0649033 122.00 124.900
KLBT/31 34.6060982 -79.0513000 126.00 304.900
KLBX/17 29.1182995 -95.4620972 25.00 180.000
KLBX/35 29.0990009 -95.4620972 24.00 0.000
KLCG/05 42.2374990 -96.9879000 1431.00 54.000
KLCG/23 42.2430000 -96.9776990 1426.00 234.000
KLCG/13 42.2419014 -96.9871979 1427.00 136.000
KLCG/31 42.2378998 -96.9820023 1426.00 316.000
KLCG/18 42.2490010 -96.9801030 1427.00 181.000
KLCG/36 42.2374990 -96.9804990 1431.00 1.000
KLCH/05 30.1285000 -93.2296982 13.00 51.800
KLCH/23 30.1373005 -93.2167969 15.00 231.800
KLCH/15 30.1287003 -93.2278976 12.00 154.800
KLCH/33 30.1126003 -93.2191010 11.00 334.800
KLCI/08 43.5699997 -71.4281006 545.00 67.500
KLCI/26 43.5755005 -71.4096985 518.00 247.500
KLCK/05L 39.8050708 -82.9417686 741.92 45.300
KLCK/23R 39.8264008 -82.9139023 741.00 225.300
KLCK/05R 39.8011017 -82.9420013 735.00 45.300
KLCK/23L 39.8244019 -82.9113998 739.00 225.300
KLCQ/05 30.1772995 -82.5804977 186.00 52.000
KLCQ/23 30.1840992 -82.5705032 195.00 232.000
KLCQ/10 30.1840992 -82.5901032 198.00 97.000
KLCQ/28 30.1814003 -82.5650024 196.00 277.000
KLDJ/27 40.6185059 -74.2392591 20.39 256.000
KLDM/01 43.9592018 -86.4130020 641.00 2.000
KLDM/19 43.9687996 -86.4125977 637.00 182.000
KLDM/08 43.9593010 -86.4134979 641.00 71.000
KLDM/26 43.9636993 -86.3955002 646.00 251.000
KLEB/07 43.6258011 -72.3121033 562.00 59.000
KLEB/25 43.6334991 -72.2941971 574.00 239.000
KLEB/18 43.6292992 -72.3074036 563.00 168.000
KLEB/36 43.6153984 -72.3032990 603.00 348.000
KLEE/04 28.8168714 -81.8112615 68.30 35.000
KLEE/22 28.8266029 -81.8034583 72.69 215.000
KLEE/13 28.8288000 -81.8161010 75.00 130.000
KLEE/31 28.8200000 -81.8041000 69.00 310.000
KLEM/11 45.9226990 -102.1119995 2566.00 125.900
KLEM/29 45.9155006 -102.0979996 2568.00 305.900
KLEW/04 44.0421982 -70.2881012 270.00 24.300
KLEW/22 44.0546989 -70.2801971 264.00 204.300
KLEW/17 44.0516014 -70.2851028 256.00 148.000
KLEW/35 44.0452003 -70.2796021 288.00 328.000
KLEX/04 38.0276985 -84.6150971 944.00 42.000
KLEX/22 38.0420990 -84.5989990 972.00 222.000
KLEX/09 38.0393257 -84.6182785 967.00 87.000
KLEX/27 38.0406723 -84.6045074 974.00 267.000
KLFI/08 37.0775986 -76.3764038 9.00 67.600
KLFI/26 37.0881004 -76.3447037 8.00 247.600
KLFK/07 31.2343006 -94.7574005 284.00 75.000
KLFK/25 31.2381000 -94.7406998 296.00 255.000
KLFK/16 31.2369000 -94.7535020 275.00 160.000
KLFK/34 31.2260705 -94.7489171 275.00 340.000
KLFT/04L 30.2014008 -91.9924011 42.00 38.600
KLFT/22R 30.2101994 -91.9842987 42.00 218.600
KLFT/04R 30.1965008 -91.9927979 40.00 38.700
KLFT/22L 30.2129002 -91.9776993 33.00 218.700
KLFT/11 30.2075996 -91.9981003 38.00 110.000
KLFT/29 30.2026005 -91.9821014 37.00 290.000
KLGA/04 40.7691994 -73.8841019 22.00 32.000
KLGA/22 40.7854004 -73.8706970 13.00 212.000
KLGA/13 40.7822990 -73.8785019 13.00 122.000
KLGA/31 40.7720985 -73.8571014 8.00 302.000
KLGB/08L 33.8227659 -118.1592261 49.26 90.000
KLGB/26R 33.8227040 -118.1449194 40.12 270.000
KLGB/08R 33.8139040 -118.1613110 50.00 90.000
KLGB/26L 33.8139080 -118.1484450 29.00 270.000
KLGB/12 33.8235923 -118.1584033 49.03 135.000
KLGB/30 33.8107465 -118.1428256 34.40 315.000
KLGC/03 33.0042992 -85.0767975 678.00 24.000
KLGC/21 33.0167999 -85.0700989 684.00 204.000
KLGC/13 33.0119019 -85.0792007 680.00 127.000
KLGC/31 33.0027008 -85.0644989 675.00 307.000
KLGD/12 45.2955017 -118.0120010 2717.00 135.000
KLGD/30 45.2846985 -117.9970016 2707.00 315.000
KLGD/17 45.2943678 -118.0110020 2713.29 180.000
KLGD/35 45.2850000 -118.0110020 2709.00 0.000
KLGF/06 32.8597984 -114.4010010 365.00 76.000
KLGF/24 32.8638001 -114.3820038 422.00 256.000
KLGF/18 32.8754005 -114.3929977 406.00 190.700
KLGF/36 32.8590012 -114.3970032 360.00 10.700
KLGU/10 41.7910004 -111.8649979 4440.00 122.000
KLGU/28 41.7839122 -111.8506687 4451.37 302.000
KLGU/17 41.8058014 -111.8479996 4457.00 183.000
KLGU/35 41.7808991 -111.8489990 4457.00 3.000
KLHB/18 30.8773003 -96.6222000 287.00 180.000
KLHB/36 30.8663006 -96.6222000 287.00 0.000
KLHM/15 38.9170990 -121.3539963 120.00 165.000
KLHM/33 38.9011993 -121.3489990 120.00 345.000
KLHQ/10 39.7560997 -82.6660004 857.00 94.000
KLHQ/28 39.7551994 -82.6482010 864.00 274.000
KLHV/09L 41.1352997 -77.4291992 556.00 82.300
KLHV/27R 41.1366997 -77.4154968 555.00 262.300
KLHW/06L 31.8841991 -81.5711975 43.00 50.600
KLHW/24R 31.8929997 -81.5587006 33.00 230.600
KLHW/06R 31.8850002 -81.5677032 42.00 49.000
KLHW/24L 31.8897991 -81.5612030 39.00 229.000
KLHW/15L 31.8943996 -81.5635986 37.00 140.600
KLHW/33R 31.8838005 -81.5533981 33.00 320.600
KLHW/15R 31.8896007 -81.5606995 39.00 141.000
KLHW/33L 31.8841991 -81.5556030 40.00 321.000
KLHX/08 38.0480995 -103.5230026 4225.00 89.800
KLHX/26 38.0481987 -103.5000000 4151.00 269.800
KLHX/12 38.0572014 -103.5139999 4238.00 135.200
KLHX/30 38.0458984 -103.5000000 4155.00 315.200
KLHZ/05 36.0176010 -78.3364029 366.00 41.000
KLHZ/23 36.0289993 -78.3242035 330.00 221.000
KLIC/16 39.2811012 -103.6669998 5374.00 169.600
KLIC/34 39.2683983 -103.6640015 5349.00 349.600
KLIT/04L 34.7230551 -92.2372745 254.29 47.000
KLIT/22R 34.7382011 -92.2180023 262.00 227.000
KLIT/04R 34.7213614 -92.2186380 259.87 47.000
KLIT/22L 34.7350006 -92.2013016 259.00 227.000
KLIT/18 34.7397804 -92.2381134 258.00 182.000
KLIT/36 34.7231399 -92.2386207 253.13 2.000
KLIU/01 33.9199982 -102.3880005 3611.00 17.300
KLIU/19 33.9305000 -102.3850021 3608.00 197.300
KLIU/13 33.9243011 -102.3899994 3616.00 135.600
KLIU/31 33.9193993 -102.3840027 3607.00 315.600
KLJF/13 45.1012001 -94.5123978 1139.00 138.600
KLJF/31 45.0929985 -94.5020981 1139.00 318.600
KLKP/14 44.2700996 -73.9682999 1743.00 127.100
KLKP/32 44.2631989 -73.9554977 1745.00 307.100
KLKR/06 34.7186012 -80.8630981 459.00 58.500
KLKR/24 34.7271996 -80.8460999 486.00 238.500
KLKU/09 38.0089989 -77.9775009 469.00 82.000
KLKU/27 38.0106010 -77.9626999 493.00 262.000
KLKV/17 42.1684000 -120.3990020 4733.00 180.000
KLKV/35 42.1538010 -120.3990020 4724.00 0.000
KLLJ/17 44.5292020 -114.2170030 4999.00 182.000
KLLJ/35 44.5167010 -114.2180020 5072.00 2.000
KLLN/26 33.5603981 -102.3679962 3507.00 271.600
KLLN/17 33.5582008 -102.3720016 3505.00 181.600
KLLN/35 33.5414009 -102.3730011 3510.00 1.600
KLLQ/03 33.6327019 -91.7553024 268.00 31.700
KLLQ/21 33.6444015 -91.7466965 243.00 211.700
KLLR/11 39.2660700 -123.7604668 545.03 128.500
KLLR/29 39.2574997 -123.7460022 572.00 308.500
KLLU/03 37.4860990 -94.3142010 1005.00 33.000
KLLU/21 37.4929010 -94.3088000 998.00 213.000
KLMO/11 40.1678010 -105.1709980 5055.00 123.000
KLMO/29 40.1607020 -105.1569980 5031.00 303.000
KLMS/17 33.1523018 -89.0637970 548.00 170.000
KLMS/35 33.1400986 -89.0612030 562.00 350.000
KLMT/07 42.1562996 -121.7418610 4091.82 90.000
KLMT/25 42.1562004 -121.7249002 4089.29 270.000
KLMT/14 42.1692009 -121.7399979 4091.00 158.000
KLMT/32 42.1430016 -121.7259979 4095.00 338.000
KLNA/04 26.5900990 -80.0893020 13.00 32.000
KLNA/22 26.5977000 -80.0840000 14.00 212.000
KLNA/10 26.5912000 -80.0910030 12.00 92.000
KLNA/28 26.5909000 -80.0802990 13.00 272.000
KLNA/16 26.5983010 -80.0854030 14.00 152.000
KLNA/34 26.5900000 -80.0804980 13.00 332.000
KLNC/13 32.5844994 -96.7241974 501.00 140.300
KLNC/31 32.5738983 -96.7138977 480.00 320.300
KLND/04 42.8102000 -108.7360000 5586.00 42.000
KLNK/14 40.8664830 -96.7689444 1198.16 145.000
KLNK/32 40.8489557 -96.7527774 1180.09 325.000
KLNK/17 40.8613010 -96.7508010 1219.00 180.000
KLNK/35 40.8465000 -96.7508010 1176.00 0.000
KLNK/18 40.8629990 -96.7617035 1195.00 180.000
KLNK/36 40.8275986 -96.7619019 1175.00 0.000
KLNL/05 46.1512985 -89.2161026 1697.00 46.000
KLNL/23 46.1562004 -89.2087021 1703.00 226.000
KLNL/14 46.1582612 -89.2159238 1704.00 143.000
KLNL/32 46.1498985 -89.2069016 1704.00 323.000
KLNN/05 41.6812362 -81.3962969 623.66 44.600
KLNN/23 41.6903000 -81.3844986 620.00 224.600
KLNN/10 41.6824894 -81.3946348 624.19 90.500
KLNN/28 41.6824266 -81.3846260 625.47 270.500
KLNP/06 36.9835014 -82.5374985 2670.00 56.200
KLNP/24 36.9916000 -82.5224991 2684.00 236.200
KLNR/09 43.2126007 -90.1872025 716.00 90.000
KLNR/27 43.2126999 -90.1684036 718.00 270.000
KLNS/08 40.1201051 -76.3034353 396.39 68.000
KLNS/26 40.1271019 -76.2810974 376.00 248.000
KLNS/13 40.1231995 -76.3038025 394.00 119.300
KLNS/31 40.1176987 -76.2910004 400.00 299.300
KLOL/02 40.0619010 -118.5729980 3900.00 30.000
KLOL/20 40.0750010 -118.5630040 3904.00 210.000
KLOL/08 40.0643010 -118.5709990 3900.00 90.000
KLOL/26 40.0642010 -118.5544308 3901.95 270.000
KLOM/06 40.1347790 -75.2699142 300.04 53.000
KLOM/24 40.1405983 -75.2598038 280.00 233.000
KLOT/02 41.5992012 -88.1008987 680.00 13.700
KLOT/20 41.6128006 -88.0964966 663.00 193.700
KLOT/09 41.6086998 -88.1044998 673.00 90.000
KLOT/27 41.6086998 -88.0836029 666.00 270.000
KLOU/06 38.2265599 -85.6668436 542.86 60.000
KLOU/24 38.2314987 -85.6564026 534.00 240.000
KLOU/15 38.2309486 -85.6680702 536.85 143.000
KLOU/33 38.2234993 -85.6611023 518.00 323.000
KLOZ/06 37.0820999 -84.0851974 1211.00 52.000
KLOZ/24 37.0917015 -84.0696030 1184.00 232.000
KLPC/07 34.6656990 -120.4749985 78.00 91.000
KLPC/25 34.6655195 -120.4613153 87.14 271.000
KLPR/07 41.3414001 -82.1858978 793.00 65.000
KLPR/25 41.3471985 -82.1694031 787.00 245.000
KLQK/05 34.8050003 -82.7087021 963.00 43.800
KLQK/23 34.8148994 -82.6970978 1013.00 223.800
KLQR/04 38.2041016 -99.0902023 2009.00 45.100
KLQR/22 38.2103004 -99.0823975 2008.00 225.100
KLQR/12 38.2102013 -99.0906982 2006.00 135.300
KLQR/30 38.2042007 -99.0830994 2006.00 315.300
KLQR/17 38.2164001 -99.0850983 2010.00 179.900
KLQR/35 38.2048988 -99.0850983 2012.00 359.900
KLRD/14 27.5495000 -99.4666980 505.00 147.000
KLRD/32 27.5357000 -99.4568020 467.00 327.000
KLRD/18L 27.5564000 -99.4592970 499.00 183.000
KLRD/36R 27.5337010 -99.4605030 475.00 3.000
KLRD/18R 27.5540010 -99.4625020 504.00 183.000
KLRD/36L 27.5324990 -99.4636000 484.00 3.000
KLRF/07 34.9113998 -92.1654968 286.00 71.000
KLRF/25 34.9221001 -92.1276016 290.00 251.000
KLRG/17 45.3653984 -68.5376968 196.00 147.000
KLRG/35 45.3588982 -68.5317993 206.00 327.000
KLRJ/18 42.7834010 -96.1927030 1193.00 188.000
KLRJ/36 42.7734882 -96.1945513 1195.83 8.000
KLRO/17 32.9030991 -79.7842026 12.00 167.300
KLRO/35 32.8928986 -79.7815018 12.00 347.300
KLRU/04 32.2845990 -106.9319990 4436.00 55.000
KLRU/22 32.2965010 -106.9120030 4452.00 235.000
KLRU/08 32.2849998 -106.9319992 4437.00 90.000
KLRU/26 32.2849998 -106.9130020 4436.00 270.000
KLRU/12 32.2991982 -106.9300003 4456.00 135.000
KLRU/30 32.2845993 -106.9130020 4436.00 315.000
KLRY/17 38.6156998 -94.3439026 915.00 177.000
KLRY/35 38.6046982 -94.3432007 875.00 357.000
KLSB/01 32.3307991 -108.6930008 4289.00 21.100
KLSB/12 32.3372002 -108.6969986 4278.00 130.200
KLSB/30 32.3283005 -108.6849976 4277.00 310.200
KLSE/04 43.8699989 -91.2598038 647.00 36.000
KLSE/22 43.8816986 -91.2479019 653.00 216.000
KLSE/13 43.8848000 -91.2649002 653.00 134.000
KLSE/31 43.8746276 -91.2505485 651.25 314.000
KLSE/18 43.8931999 -91.2589035 652.00 179.000
KLSE/36 43.8698006 -91.2585983 648.00 359.000
KLSF/15 32.3429985 -84.9964981 226.00 144.700
KLSF/33 32.3205986 -84.9777985 226.00 324.700
KLSK/10 42.7568016 -104.4130020 4964.00 115.500
KLSK/28 42.7508011 -104.3960037 4952.00 295.500
KLSN/14 37.0666008 -120.8720016 117.00 153.400
KLSN/32 37.0592003 -120.8669968 119.00 333.400
KLSV/03L 36.2266998 -115.0469971 1834.00 41.000
KLSV/21R 36.2476006 -115.0240021 1870.00 221.000
KLSV/03R 36.2248993 -115.0439987 1826.00 41.000
KLSV/21L 36.2456016 -115.0220032 1866.00 221.000
KLTS/18L 34.6824990 -99.2595980 1382.00 180.000
KLTS/36R 34.6577990 -99.2594990 1354.00 0.000
KLTS/18R 34.6824990 -99.2738040 1379.00 180.000
KLTS/36L 34.6455000 -99.2738040 1346.00 0.000
KLUD/17 33.2599983 -97.5813980 1041.00 172.400
KLUD/35 33.2492981 -97.5796967 1035.00 352.400
KLUF/03L 33.5229988 -112.3990021 1077.00 42.600
KLUF/21R 33.5432014 -112.3759995 1084.00 222.600
KLUF/03R 33.5267982 -112.3899994 1071.00 42.600
KLUF/21L 33.5469017 -112.3679962 1084.00 222.600
KLUG/02 35.5003014 -86.8065033 717.00 17.900
KLUG/20 35.5135002 -86.8013000 709.00 197.900
KLUK/03L 39.0996017 -84.4242020 483.00 23.000
KLUK/21R 39.1091995 -84.4189987 479.00 203.000
KLUK/03R 39.0927010 -84.4195023 481.00 21.000
KLUK/21L 39.1083984 -84.4117966 475.00 201.000
KLUK/07 39.1031650 -84.4265330 481.40 62.000
KLUK/25 39.1091995 -84.4120026 475.00 242.000
KLUL/13 31.6784000 -89.1790008 238.00 135.000
KLUL/31 31.6676998 -89.1664963 234.00 315.000
KLUM/09 44.8908005 -91.8770981 892.00 91.000
KLUM/27 44.8907013 -91.8574982 893.00 271.000
KLUM/18 44.8997002 -91.8700027 895.00 183.100
KLUM/36 44.8902016 -91.8706970 893.00 3.100
KLUX/08 34.5054016 -81.9533997 697.00 67.900
KLUX/26 34.5087013 -81.9410019 693.00 247.900
KLVJ/14 29.5261002 -95.2461014 44.00 144.700
KLVJ/32 29.5165005 -95.2381973 39.00 324.700
KLVK/07L 37.6939011 -121.8290024 373.00 91.000
KLVK/25R 37.6938019 -121.8109970 400.00 271.000
KLVK/07R 37.6925011 -121.8249969 379.00 90.600
KLVK/25L 37.6925011 -121.8160019 395.00 270.600
KLVL/18 36.7787018 -77.7945023 329.00 172.500
KLVL/36 36.7705002 -77.7930984 312.00 352.500
KLVM/04 45.6932983 -110.4550018 4646.00 54.700
KLVM/22 45.7024002 -110.4369965 4643.00 234.700
KLVM/08 45.7015991 -110.4570007 4655.00 95.000
KLVM/26 45.7008018 -110.4420013 4647.00 275.000
KLVM/13 45.7033005 -110.4540024 4656.00 148.300
KLVM/31 45.6968994 -110.4489975 4650.00 328.300
KLVN/12 44.6304016 -93.2350998 960.00 118.000
KLVN/30 44.6253014 -93.2210999 952.00 298.000
KLVS/02 35.6483002 -105.1470032 6866.00 35.000
KLVS/20 35.6595001 -105.1380005 6861.00 215.000
KLVS/14 35.6642990 -105.1490021 6840.00 152.000
KLVS/32 35.6445007 -105.1360016 6877.00 332.000
KLWA/05 42.3479000 -86.2600020 651.00 44.000
KLWA/23 42.3564131 -86.2490914 664.44 224.000
KLWA/14 42.3504332 -86.2600486 666.00 132.000
KLWA/32 42.3460999 -86.2537003 666.00 312.000
KLWB/04 37.8504982 -80.4065018 2288.00 35.300
KLWB/22 37.8661995 -80.3925018 2293.00 215.300
KLWC/01 39.0052986 -95.2200012 832.00 19.000
KLWC/19 39.0153999 -95.2154999 830.00 199.000
KLWC/15 39.0186997 -95.2201004 831.00 153.000
KLWC/33 39.0046997 -95.2110977 827.00 333.000
KLWL/01 41.1164017 -114.9240036 5734.00 27.000
KLWL/19 41.1230011 -114.9189987 5711.00 207.000
KLWL/09 41.1172980 -114.9319990 5708.00 101.000
KLWL/27 41.1144980 -114.9130020 5769.00 281.000
KLWM/05 42.7108993 -71.1288986 135.00 38.000
KLWM/23 42.7216988 -71.1174011 134.00 218.000
KLWM/14 42.7211990 -71.1299973 119.00 123.000
KLWM/32 42.7155991 -71.1175995 148.00 303.000
KLWS/08 46.3737984 -117.0279999 1427.00 99.000
KLWS/26 46.3709984 -117.0019989 1434.00 279.000
KLWS/12 46.3818016 -117.0240021 1370.00 131.000
KLWS/30 46.3726997 -117.0090027 1442.00 311.000
KLWT/03 47.0404010 -109.4810030 4170.00 38.000
KLWT/21 47.0525020 -109.4670030 4131.00 218.000
KLWT/08 47.0530014 -109.4700012 4128.00 90.000
KLWT/26 47.0530014 -109.4449997 4112.00 27.000
KLWT/13 47.0518000 -109.4759980 4132.00 140.000
KLWT/31 47.0432010 -109.4649960 4163.00 320.000
KLWV/09 38.7676010 -87.6191025 426.00 89.400
KLWV/27 38.7677994 -87.6008987 430.00 269.400
KLWV/18 38.7680016 -87.6010971 430.00 180.000
KLWV/36 38.7537003 -87.6009979 425.00 0.000
KLXL/13 45.9525986 -94.3510971 1119.00 131.000
KLXL/31 45.9454994 -94.3391037 1122.00 311.000
KLXL/18 45.9530455 -94.3469191 1116.50 181.300
KLXL/36 45.9453011 -94.3471985 1110.00 1.300
KLXN/01 40.7853012 -99.7753983 2400.00 18.200
KLXN/19 40.7935982 -99.7717972 2406.00 198.200
KLXN/14 40.7970009 -99.7832031 2413.00 143.100
KLXN/32 40.7849998 -99.7713013 2403.00 323.100
KLXV/16 39.2280998 -106.3180008 9925.00 170.300
KLXV/34 39.2108002 -106.3150024 9919.00 350.300
KLXY/18 31.6453000 -96.5137020 544.00 189.000
KLXY/36 31.6343990 -96.5158000 533.00 9.000
KLYH/04 37.3179016 -79.2059021 899.00 27.800
KLYH/22 37.3320007 -79.1966019 938.00 207.800
KLYH/17 37.3340988 -79.2008972 918.00 161.100
KLYH/35 37.3252983 -79.1971970 918.00 341.100
KLYO/17 38.3455010 -98.2286000 1692.00 180.000
KLYO/35 38.3372990 -98.2285000 1676.00 0.000
KLZD/13 41.8216019 -71.9052963 231.00 120.000
KLZD/31 41.8179016 -71.8966980 234.00 300.000
KLZU/07 33.9743996 -83.9711990 1061.00 64.000
KLZU/25 33.9817009 -83.9534988 1031.00 244.000
KLZZ/16 31.1119003 -98.1969986 1215.00 170.700
KLZZ/34 31.1005001 -98.1948013 1157.00 350.700
KM01/17 35.2057991 -90.0554962 224.00 166.500
KM01/35 35.1955986 -90.0524979 224.00 346.500
KM02/17 36.1348000 -87.4309998 892.00 172.200
KM02/35 36.1211014 -87.4287033 868.00 352.200
KM04/01 35.5765991 -89.5885010 280.00 9.000
KM04/19 35.5901985 -89.5858994 272.00 189.000
KM05/18 36.1745987 -89.6765976 268.00 179.000
KM05/36 36.1636009 -89.6763992 266.00 359.000
KM08/01 35.2089996 -89.0441971 490.00 6.900
KM08/19 35.2198982 -89.0426025 499.00 186.900
KM13/34 30.7808990 -89.5022964 320.00 340.000
KM16/12 32.3064000 -90.4139020 238.00 124.000
KM16/30 32.3003010 -90.4030990 244.00 304.000
KM17/18 37.6016006 -93.3473969 1092.00 183.000
KM18/04 33.7169844 -93.6665879 334.71 48.000
KM18/22 33.7251015 -93.6559982 351.00 228.000
KM18/16 33.7276993 -93.6568985 359.00 167.600
KM18/34 33.7128983 -93.6529007 340.00 347.600
KM19/04 35.6300011 -91.1831970 235.00 43.900
KM19/22 35.6398010 -91.1715012 237.00 223.900
KM19/18 35.6473999 -91.1753006 238.00 181.000
KM19/36 35.6337013 -91.1755981 239.00 1.000
KM21/05 37.2224007 -87.1634979 415.00 55.800
KM21/23 37.2294824 -87.1504386 419.60 235.800
KM22/02 34.4378014 -87.7142029 688.00 16.000
KM22/20 34.4509836 -87.7095569 716.18 196.000
KM23/13 32.3147011 -89.1395035 369.00 132.000
KM25/18 36.7755013 -88.5840988 520.00 184.000
KM25/36 36.7627983 -88.5852966 520.00 4.000
KM27/09 34.8762016 -94.1159973 695.00 93.000
KM27/27 34.8759003 -94.1026001 695.00 273.000
KM30/18 37.1884003 -88.7506027 383.00 181.000
KM30/36 37.1773987 -88.7507019 373.00 1.000
KM32/01 33.3406982 -91.3172989 125.00 13.800
KM32/19 33.3512993 -91.3141022 123.00 193.800
KM33/17 36.3835983 -86.4101028 584.00 171.100
KM33/35 36.3700981 -86.4074020 542.00 351.100
KM36/02 34.8759120 -91.1789192 193.75 27.000
KM36/20 34.8852005 -91.1735001 190.00 207.000
KM37/18 33.7804985 -90.5250015 137.00 180.000
KM37/36 33.7723007 -90.5250015 133.00 0.000
KM40/18 33.8806000 -88.4888000 225.00 186.200
KM40/36 33.8669014 -88.4906006 223.00 6.200
KM41/18 34.8087997 -89.5212021 518.00 179.100
KM41/36 34.7999992 -89.5210037 553.00 359.100
KM43/12 31.5977001 -89.9107971 448.00 123.000
KM43/30 31.5928993 -89.9020996 454.00 303.000
KM44/03 33.8827019 -89.0255966 329.00 29.000
KM44/21 33.8917007 -89.0194015 337.00 209.000
KM45/17 38.7407990 -119.7669983 5827.00 184.000
KM45/35 38.7286987 -119.7679977 5871.00 4.000
KM46/06 45.8510017 -106.7190018 3426.00 75.000
KM46/24 45.8546982 -106.6999969 3382.00 255.000
KM50/04 45.8120995 -119.8280029 396.00 62.000
KM50/22 45.8175011 -119.8130035 366.00 242.000
KM52/15 35.6549301 -88.3806239 513.30 148.700
KM52/33 35.6442986 -88.3727036 507.00 328.700
KM53/04 35.7984009 -88.8797989 407.00 46.000
KM53/22 35.8059998 -88.8701019 421.00 226.000
KM54/01 36.1847952 -86.3172412 585.86 6.600
KM54/19 36.1959385 -86.3156936 553.90 186.600
KM54/04 36.1884995 -86.3158035 568.00 46.300
KM54/22 36.1908651 -86.3128747 566.00 226.300
KM55/17 33.8515015 -88.1168976 463.00 165.000
KM55/35 33.8418999 -88.1139984 457.00 345.000
KM60/09 35.2719994 -91.2767029 198.00 91.000
KM60/27 35.2718010 -91.2639999 198.00 271.000
KM70/18 36.2509995 -90.9551010 271.00 180.800
KM70/36 36.2400017 -90.9552994 271.00 0.800
KM71/09 38.9019012 -90.9660034 529.00 92.000
KM71/27 38.9015999 -90.9546967 559.00 272.000
KM73/10 34.4154015 -91.4675980 209.00 105.600
KM73/28 34.4132004 -91.4580002 204.00 285.600
KM73/18 34.4156990 -91.4674988 209.00 180.500
KM73/36 34.4061012 -91.4675980 203.00 0.500
KM75/08 48.3658981 -107.9290009 2254.00 84.700
KM75/26 48.3670006 -107.9100037 2253.00 264.700
KM77/19 34.0017013 -93.8368988 540.00 192.000
KM78/04 34.3305847 -92.7640329 535.83 38.000
KM78/22 34.3359985 -92.7590027 533.00 218.000
KM79/18 32.4875114 -91.7722317 82.00 181.900
KM79/36 32.4798012 -91.7725983 82.00 1.900
KM83/18 33.5882237 -88.6666031 204.80 180.000
KM83/36 33.5787010 -88.6667023 203.00 0.000
KM85/15 36.4491005 -89.9076996 267.00 150.100
KM85/33 36.4384003 -89.9000015 269.00 330.100
KM89/04 34.0947990 -93.0717011 179.00 42.100
KM89/22 34.1049004 -93.0606003 181.00 222.100
KM90/15 36.7631989 -120.3730011 160.00 161.000
KM90/33 36.7562138 -120.3708682 160.78 341.000
KM91/04 36.5313988 -86.9253006 700.00 33.600
KM91/22 36.5429001 -86.9160004 707.00 213.600
KM95/18 33.7180523 -87.8147328 362.23 182.000
KM95/36 33.7053986 -87.8153000 336.00 2.000
KMAC/10 32.8228567 -83.5701854 413.11 102.000
KMAC/28 32.8217468 -83.5566114 414.89 282.000
KMAE/07 36.9833984 -120.1190033 244.00 90.000
KMAE/25 36.9833984 -120.1070023 253.00 270.000
KMAE/12 36.9939995 -120.1190033 249.00 135.000
KMAE/30 36.9832001 -120.1060028 253.00 315.000
KMAF/04 31.9316998 -102.2040024 2850.00 54.000
KMAF/22 31.9391994 -102.1920013 2853.00 234.000
KMAF/10 31.9475994 -102.2160034 2869.00 114.000
KMAF/28 31.9392698 -102.1940404 2855.25 294.000
KMAF/16L 31.9465008 -102.1969986 2863.00 177.000
KMAF/34R 31.9346008 -102.1969986 2846.00 357.000
KMAF/16R 31.9594002 -102.2060013 2871.00 175.000
KMAF/34L 31.9333992 -102.2030029 2850.00 355.000
KMAI/08 30.8405991 -85.1857986 110.00 82.000
KMAI/26 30.8425007 -85.1704025 109.00 262.000
KMAI/18 30.8407990 -85.1856990 109.00 180.000
KMAL/05 44.8474998 -74.3352966 790.00 37.900
KMAL/23 44.8560982 -74.3257980 790.00 217.900
KMAO/04 34.1761017 -79.3388977 92.00 34.600
KMAO/22 34.1862984 -79.3304977 90.00 214.600
KMAW/14 36.6007996 -89.9975967 292.00 136.000
KMAW/32 36.5909004 -89.9857025 291.00 316.000
KMAW/18 36.6073990 -89.9934006 294.00 180.600
KMAW/36 36.5937004 -89.9935989 292.00 0.600
KMBG/12 45.5500984 -100.4150009 1702.00 126.800
KMBG/30 45.5429001 -100.4010010 1699.00 306.800
KMBG/17 45.5494003 -100.4029999 1715.00 180.000
KMBG/35 45.5428009 -100.4029999 1691.00 0.000
KMBL/10 44.2728000 -86.2547990 616.00 91.000
KMBL/28 44.2724000 -86.2338030 621.00 271.000
KMBO/17 32.4448013 -90.1036987 326.00 175.000
KMBO/35 32.4331443 -90.1025575 326.00 355.000
KMBS/05 43.5267982 -84.0892029 666.00 45.500
KMBS/23 43.5421982 -84.0675964 650.00 225.500
KMBS/14 43.5372009 -84.0895004 668.00 135.700
KMBS/32 43.5247002 -84.0726013 660.00 315.700
KMBT/18 35.8828011 -86.3772965 600.00 183.000
KMBT/36 35.8721008 -86.3778000 615.00 3.000
KMBY/05 39.4620018 -92.4325027 867.00 53.000
KMBY/23 39.4674988 -92.4229965 860.00 233.000
KMBY/13 39.4668999 -92.4322968 862.00 130.000
KMBY/31 39.4594002 -92.4206009 864.00 310.000
KMCB/16 31.1847000 -90.4751970 413.00 156.000
KMCB/34 31.1721990 -90.4685970 389.00 336.000
KMCC/16 38.6822014 -121.4010010 75.00 179.700
KMCC/34 38.6530991 -121.4010010 70.00 359.700
KMCD/08 45.8637009 -84.6439972 725.00 75.300
KMCD/26 45.8661995 -84.6306992 738.00 255.300
KMCE/12 37.2907982 -120.5210037 155.00 138.600
KMCE/30 37.2787018 -120.5070038 155.00 318.600
KMCF/04 27.8374004 -82.5326996 8.00 40.500
KMCF/22 27.8612995 -82.5096970 14.00 220.500
KMCI/01L 39.2933006 -94.7293015 1011.00 12.900
KMCI/19R 39.3222008 -94.7208023 977.00 192.900
KMCI/01R 39.2815018 -94.7089996 1016.00 12.900
KMCI/19L 39.3069000 -94.7014999 978.00 192.900
KMCI/09 39.2909012 -94.7266006 1014.00 96.100
KMCI/27 39.2881012 -94.6931992 1026.00 276.100
KMCK/04 40.2028008 -100.5999985 2563.00 46.000
KMCK/22 40.2103996 -100.5889969 2556.00 226.000
KMCK/12 40.2125015 -100.5989990 2583.00 131.500
KMCK/30 40.2008018 -100.5820007 2546.00 311.500
KMCK/17 40.2055016 -100.5920029 2558.00 181.500
KMCK/35 40.2018013 -100.5920029 2560.00 1.500
KMCN/05 32.6860010 -83.6605990 331.00 48.000
KMCN/23 32.6980020 -83.6448970 354.00 228.000
KMCN/14 32.6983990 -83.6508030 354.00 130.000
KMCN/32 32.6894990 -83.6382980 346.00 310.000
KMCO/17L 28.4437008 -81.2826004 90.00 179.500
KMCO/35R 28.4188995 -81.2823029 90.00 359.500
KMCO/17R 28.4356003 -81.2958984 90.00 179.000
KMCO/35L 28.4081001 -81.2956009 87.00 359.000
KMCO/18L 28.4482994 -81.3223038 93.00 179.000
KMCO/36R 28.4153004 -81.3219986 91.00 359.000
KMCO/18R 28.4482994 -81.3270035 93.00 179.000
KMCO/36L 28.4153004 -81.3265991 91.00 359.000
KMCW/12 43.1598015 -93.3439026 1209.00 124.900
KMCW/30 43.1511993 -93.3270035 1193.00 304.900
KMCW/18 43.1685982 -93.3276978 1213.00 179.900
KMCW/36 43.1507988 -93.3276978 1193.00 359.900
KMCX/18 40.7142982 -86.7668991 676.00 178.800
KMCX/36 40.7033005 -86.7666016 670.00 358.800
KMCZ/03 35.8558998 -77.1816025 66.00 23.600
KMCZ/21 35.8684998 -77.1747971 76.00 203.600
KMDD/07 32.0373001 -102.1090012 2803.00 75.000
KMDD/25 32.0409012 -102.0930023 2790.00 255.000
KMDD/16 32.0385017 -102.1029968 2800.00 164.900
KMDD/34 32.0279999 -102.0989990 2797.00 344.900
KMDF/17 36.4896011 -99.1941986 1970.00 180.100
KMDF/35 36.4799995 -99.1941986 1966.00 0.100
KMDH/06 37.7755012 -89.2587967 411.00 60.600
KMDH/24 37.7811012 -89.2462006 405.00 240.600
KMDH/18L 37.7905006 -89.2479019 404.00 181.200
KMDH/36R 37.7727013 -89.2483978 400.00 1.200
KMDH/18R 37.7797012 -89.2584991 405.00 181.200
KMDH/36L 37.7700996 -89.2586975 410.00 1.200
KMDQ/18 34.8683014 -86.5572968 718.00 181.000
KMDQ/36 34.8544998 -86.5576019 755.00 1.000
KMDS/03 44.0115013 -97.0873032 1710.00 33.900
KMDS/21 44.0175018 -97.0817032 1704.00 213.900
KMDS/15 44.0228996 -97.0908966 1717.00 153.700
KMDS/33 44.0106010 -97.0824966 1710.00 333.700
KMDT/13 40.1981745 -76.7754218 308.00 116.800
KMDT/31 40.1882287 -76.7497809 308.00 296.800
KMDW/04L 41.7829183 -87.7592996 615.49 43.000
KMDW/22R 41.7905410 -87.7495007 607.75 223.000
KMDW/04R 41.7802400 -87.7580016 617.96 43.000
KMDW/22L 41.7919998 -87.7431030 606.00 223.000
KMDW/13L 41.7907174 -87.7598765 608.28 134.000
KMDW/31R 41.7805273 -87.7455384 611.57 314.000
KMDW/13R 41.7881012 -87.7587967 607.00 134.000
KMDW/31L 41.7807999 -87.7485962 613.00 314.000
KMDZ/09 45.1030998 -90.3102035 1454.00 89.000
KMDZ/27 45.1032982 -90.2908020 1470.00 269.000
KMDZ/16 45.1034012 -90.3100967 1454.00 156.000
KMDZ/34 45.0931015 -90.3035965 1450.00 336.000
KMEB/05 34.7904015 -79.3720017 216.00 45.800
KMEB/23 34.8027992 -79.3564987 200.00 225.800
KMEB/13 34.7876015 -79.3731003 217.00 135.200
KMEB/31 34.7803001 -79.3643036 208.00 315.200
KMEI/01 32.3204068 -88.7558936 287.60 9.000
KMEI/19 32.3420917 -88.7517054 292.40 189.000
KMEI/04 32.3310013 -88.7528992 290.00 44.000
KMEI/22 32.3400993 -88.7425003 297.00 224.000
KMEJ/08 37.2817993 -100.3619995 2529.00 90.000
KMEJ/26 37.2817993 -100.3539963 2510.00 270.000
KMEJ/17 37.2839012 -100.3560028 2517.00 176.000
KMEJ/35 37.2706985 -100.3550034 2502.00 356.000
KMEM/09 35.0586014 -89.9857025 253.00 92.000
KMEM/27 35.0578003 -89.9559021 292.00 272.000
KMEM/18C 35.0545998 -89.9761963 271.00 179.000
KMEM/36C 35.0241013 -89.9755020 341.00 359.000
KMEM/18L 35.0488014 -89.9729996 278.00 179.000
KMEM/36R 35.0241013 -89.9723969 335.00 359.000
KMEM/18R 35.0494995 -89.9873962 288.00 179.000
KMEM/36L 35.0238991 -89.9869003 321.00 359.000
KMER/13 37.3931007 -120.5810013 188.00 141.000
KMER/31 37.3679008 -120.5550003 178.00 321.000
KMEV/12 39.0055008 -119.7590027 4700.00 135.000
KMEV/30 38.9952011 -119.7450027 4722.00 315.000
KMEV/16 39.0115013 -119.7519989 4708.00 180.000
KMEV/34 38.9911995 -119.7519989 4717.00 0.000
KMEY/02 42.1748009 -95.7957993 1116.00 24.100
KMEY/20 42.1818008 -95.7914963 1116.00 204.100
KMEZ/09 34.5429993 -94.2080994 1077.00 91.300
KMEZ/27 34.5424004 -94.1882019 1050.00 271.300
KMEZ/17 34.5555000 -94.2089996 1040.00 174.000
KMEZ/35 34.5418015 -94.2070999 1079.00 354.000
KMFD/05 40.8115005 -82.5248032 1287.00 46.900
KMFD/23 40.8242989 -82.5068970 1276.00 226.900
KMFD/14 40.8330994 -82.5282974 1245.00 136.900
KMFD/32 40.8149986 -82.5061035 1290.00 316.900
KMFE/13 26.1826093 -98.2460341 106.90 140.600
KMFE/31 26.1678009 -98.2324982 102.00 320.600
KMFE/18 26.1807003 -98.2357025 104.00 188.700
KMFE/36 26.1735001 -98.2369995 96.00 8.700
KMFI/04 44.6320000 -90.1924973 1252.00 46.900
KMFI/22 44.6388016 -90.1824036 1248.00 226.900
KMFI/16 44.6442986 -90.1940994 1277.00 158.600
KMFI/34 44.6315994 -90.1871033 1254.00 338.600
KMFR/14 42.3862240 -122.8791990 1298.00 159.000
KMFR/32 42.3637190 -122.8674070 1335.00 339.000
KMFV/03 37.6405983 -75.7643967 46.00 23.000
KMFV/21 37.6531982 -75.7576981 47.00 203.000
KMGC/02 41.6989292 -86.8234463 653.86 20.000
KMGC/20 41.7085991 -86.8186035 642.00 200.000
KMGE/11 33.9191017 -84.5322037 1068.00 106.200
KMGE/29 33.9113998 -84.5005035 989.00 286.200
KMGG/10 45.2368011 -93.9908981 1028.00 102.000
KMGG/28 45.2351990 -93.9803009 1028.00 282.000
KMGJ/04 41.5079990 -74.2682040 355.00 22.000
KMGJ/22 41.5208020 -74.2612990 370.00 202.000
KMGJ/08 41.5063020 -74.2680970 352.00 66.000
KMGJ/26 41.5099488 -74.2568514 362.97 246.000
KMGM/03 32.2949982 -86.3940964 221.00 33.000
KMGM/21 32.3041992 -86.3871002 186.00 213.000
KMGM/10 32.3023987 -86.4100037 219.00 96.000
KMGM/28 32.2998009 -86.3809967 195.00 276.000
KMGN/10 45.4259742 -84.9199710 679.75 96.000
KMGN/28 45.4249000 -84.9056015 686.00 276.000
KMGR/04 31.0804997 -83.8095017 269.00 39.000
KMGR/22 31.0914993 -83.7992020 294.00 219.000
KMGR/16 31.0878324 -83.8037067 286.79 159.300
KMGR/34 31.0785007 -83.7995987 270.00 339.300
KMGW/18 39.6506996 -79.9188004 1236.00 172.400
KMGW/36 39.6365013 -79.9162979 1244.00 352.400
KMGY/02 39.5825996 -84.2282028 936.00 22.000
KMGY/20 39.5937993 -84.2222828 952.76 202.000
KMHE/13 43.7808990 -98.0514980 1296.00 134.000
KMHE/31 43.7681010 -98.0334010 1303.00 314.000
KMHE/18 43.7827990 -98.0339970 1283.00 180.000
KMHE/36 43.7676010 -98.0338970 1303.00 0.000
KMHK/03 39.1324005 -96.6792984 1054.00 40.000
KMHK/21 39.1470985 -96.6634979 1043.00 220.000
KMHK/13 39.1473007 -96.6738968 1057.00 142.000
KMHK/31 39.1389999 -96.6657028 1044.00 322.000
KMHL/18 39.1013500 -93.2003144 770.32 181.000
KMHL/36 39.0890007 -93.2005997 778.00 1.000
KMHP/10 32.3740997 -82.0849991 195.00 93.000
KMHP/28 32.3736992 -82.0733032 196.00 273.000
KMHR/04L 38.5530014 -121.3050003 78.00 54.200
KMHR/22R 38.5626984 -121.2880020 95.00 234.200
KMHR/04R 38.5447006 -121.3140030 75.00 53.600
KMHR/22L 38.5630989 -121.2819977 96.00 233.600
KMHT/06 42.9298024 -71.4471958 221.04 42.000
KMHT/24 42.9427990 -71.4310000 238.00 222.000
KMHT/17 42.9409514 -71.4391065 219.71 157.000
KMHT/35 42.9206437 -71.4270397 260.68 337.000
KMHV/04 35.0596008 -118.1640015 2778.00 52.000
KMHV/22 35.0676994 -118.1520004 2779.00 232.000
KMHV/08 35.0592003 -118.1660004 2777.00 90.000
KMHV/26 35.0592003 -118.1429977 2751.00 270.000
KMHV/12 35.0671997 -118.1579971 2791.00 135.000
KMHV/30 35.0486984 -118.1360016 2693.00 315.000
KMIA/08L 25.8029003 -80.3014984 8.00 87.400
KMIA/26R 25.8040009 -80.2753983 8.00 267.400
KMIA/08R 25.8006992 -80.3013992 8.00 87.000
KMIA/26L 25.8020000 -80.2695007 8.00 267.000
KMIA/09 25.7862936 -80.3106919 7.10 87.000
KMIA/27 25.7876627 -80.2762097 7.98 267.000
KMIA/12 25.7980365 -80.2997703 8.00 119.000
KMIA/30 25.7866000 -80.2774960 8.00 299.000
KMIB/11 48.4262009 -101.3799973 1668.00 125.000
KMIB/29 48.4053993 -101.3359985 1648.00 305.000
KMIC/06L 45.0619417 -93.3575941 868.53 53.000
KMIC/24R 45.0653992 -93.3509979 866.00 233.000
KMIC/14 45.0644856 -93.3563144 867.94 141.000
KMIC/32 45.0585124 -93.3495875 867.06 321.000
KMIE/03 40.2356990 -85.3983000 937.00 16.000
KMIE/21 40.2490010 -85.3934020 934.00 196.000
KMIE/14 40.2486992 -85.4058990 929.00 136.000
KMIE/32 40.2358017 -85.3898010 936.00 316.000
KMIO/17 36.9160995 -94.8873978 808.00 180.000
KMIO/35 36.9023018 -94.8876038 801.00 0.000
KMIT/12 35.5107002 -119.2009964 410.00 133.000
KMIT/30 35.5022011 -119.1900024 410.00 313.000
KMIT/17 35.5093002 -119.1859970 421.00 180.000
KMIT/35 35.5010986 -119.1859970 412.00 0.000
KMIV/10 39.3670006 -75.0823975 74.00 90.000
KMIV/28 39.3670006 -75.0612030 85.00 270.000
KMIV/14 39.3736000 -75.0790024 81.00 135.100
KMIV/32 39.3638001 -75.0663986 82.00 315.100
KMIW/13 42.1170010 -92.9240040 974.00 127.000
KMIW/31 42.1087000 -92.9093020 971.00 307.000
KMIW/18 42.1162987 -92.9195023 971.00 183.500
KMIW/36 42.1086006 -92.9200974 968.00 3.500
KMJD/18 30.4944000 -89.6511993 55.00 180.000
KMJD/36 30.4806004 -89.6511993 52.00 0.000
KMJQ/13 43.6542015 -94.9916000 1431.00 139.000
KMJQ/31 43.6469002 -94.9825974 1445.00 319.000
KMJX/06 39.9221992 -74.3004990 77.00 49.700
KMJX/24 39.9328003 -74.2843018 76.00 229.700
KMJX/14 39.9267006 -74.3058014 86.00 128.000
KMJX/32 39.9205704 -74.2957077 76.00 308.000
KMKA/15 44.5298004 -98.9607010 1559.00 158.000
KMKA/33 44.5206985 -98.9554977 1569.00 338.000
KMKC/01 39.1150020 -94.5952990 749.00 13.000
KMKC/19 39.1331668 -94.5900560 756.77 193.000
KMKC/04 39.1173790 -94.5974154 743.00 38.000
KMKC/22 39.1256911 -94.5889226 743.00 218.000
KMKE/01L 42.9313011 -87.8974991 704.00 7.000
KMKE/19R 42.9576988 -87.8929977 671.00 187.000
KMKE/01R 42.9393997 -87.8924026 677.00 7.200
KMKE/19L 42.9508018 -87.8904038 670.00 187.200
KMKE/07L 42.9527016 -87.9052963 672.00 71.000
KMKE/25R 42.9569015 -87.8882980 674.00 251.000
KMKE/07R 42.9394989 -87.9158020 723.00 72.000
KMKE/25L 42.9464989 -87.8873978 670.00 252.000
KMKE/13 42.9567402 -87.9013341 669.87 132.000
KMKE/31 42.9473000 -87.8871994 669.00 312.000
KMKG/06 43.1615982 -86.2509003 622.00 56.400
KMKG/24 43.1715012 -86.2305985 627.00 236.400
KMKG/14 43.1763138 -86.2391608 626.90 137.400
KMKG/32 43.1668015 -86.2272034 625.00 317.400
KMKJ/08 36.8927994 -81.3584976 2558.00 73.200
KMKJ/26 36.8969002 -81.3413010 2502.00 253.200
KMKL/02 35.5904999 -88.9197006 433.00 22.200
KMKL/20 35.6057014 -88.9121018 411.00 202.200
KMKL/11 35.6048012 -88.9206009 407.00 112.300
KMKL/29 35.6011009 -88.9095993 416.00 292.300
KMKN/17 31.9242001 -98.6003037 1385.00 180.000
KMKN/35 31.9116993 -98.6003037 1372.00 0.000
KMKO/04 35.6570015 -95.3711014 611.00 46.600
KMKO/22 35.6655006 -95.3600998 596.00 226.600
KMKO/13 35.6607018 -95.3666992 607.00 136.600
KMKO/31 35.6464005 -95.3499985 580.00 316.600
KMKS/05 33.1810989 -80.0410995 72.00 42.800
KMKS/23 33.1898994 -80.0314026 68.00 222.800
KMKT/04 44.2154007 -93.9250031 1007.00 47.200
KMKT/22 44.2228012 -93.9138031 1019.00 227.200
KMKT/15 44.2302017 -93.9226990 1019.00 154.600
KMKT/33 44.2168999 -93.9139023 1020.00 334.700
KMKV/04 31.0905991 -92.0727997 73.00 36.600
KMKV/22 31.0988998 -92.0655975 78.00 216.600
KMKY/17 26.0018005 -81.6741028 4.00 168.000
KMKY/35 25.9883003 -81.6708984 4.00 348.000
KMLB/05 28.0958996 -80.6373978 25.00 42.000
KMLB/23 28.1019993 -80.6311035 21.00 222.000
KMLB/09L 28.1054001 -80.6598969 31.00 87.000
KMLB/27R 28.1063004 -80.6412964 26.00 267.000
KMLB/09R 28.1012993 -80.6611023 32.00 87.000
KMLB/27L 28.1026999 -80.6317728 22.69 267.000
KMLC/02 34.8751984 -95.7866974 741.00 20.000
KMLC/20 34.8895988 -95.7801971 770.00 200.000
KMLD/17 42.1728908 -112.2969970 4502.09 180.000
KMLD/35 42.1602736 -112.2969970 4474.27 0.000
KMLE/12 41.1989339 -96.1169984 1050.72 128.900
KMLE/30 41.1926994 -96.1069031 1046.00 308.900
KMLF/16 38.4333992 -113.0130005 5023.00 180.000
KMLF/34 38.4197006 -113.0130005 5039.00 0.000
KMLI/05 41.4431992 -90.5131988 578.00 49.000
KMLI/23 41.4514999 -90.5009003 586.00 229.000
KMLI/09 41.4491005 -90.5270004 578.00 90.900
KMLI/27 41.4486008 -90.4906006 574.00 270.900
KMLI/13 41.4550018 -90.5154038 585.00 128.200
KMLI/31 41.4430008 -90.4952011 580.00 308.200
KMLJ/10 33.1543007 -83.2502975 384.00 91.000
KMLJ/28 33.1539993 -83.2323990 352.00 271.000
KMLS/04 46.4216995 -105.8970032 2629.00 52.000
KMLS/22 46.4313011 -105.8789978 2626.00 232.000
KMLS/13 46.4348980 -105.8929980 2630.00 135.000
KMLS/31 46.4240000 -105.8769990 2626.00 315.000
KMLT/11 45.6493988 -68.6928024 401.00 90.400
KMLT/29 45.6492996 -68.6744003 395.00 270.400
KMLT/16 45.6501999 -68.6930008 400.00 139.000
KMLT/34 45.6418991 -68.6827011 380.00 319.000
KMLU/04 32.5037003 -92.0455017 76.00 45.000
KMLU/22 32.5182991 -92.0282974 75.00 225.000
KMLU/14 32.5157673 -92.0408673 78.86 140.000
KMLU/32 32.5057983 -92.0310974 76.00 320.000
KMM/13 -7.9769001 138.8509979 21.00 131.600
KMM/31 -7.9805002 138.8549957 26.00 311.600
KMMH/09 37.6272011 -118.8499985 7128.00 109.000
KMMH/27 37.6208992 -118.8270035 7056.00 289.000
KMMI/02 35.3908005 -84.5653000 807.00 18.600
KMMI/20 35.4038010 -84.5598984 858.00 198.600
KMMK/18 41.5127983 -72.8312988 103.00 161.700
KMMK/36 41.5046997 -72.8276978 99.00 341.800
KMML/02 44.4459991 -95.8225021 1179.00 28.000
KMML/20 44.4556999 -95.8153000 1180.00 208.000
KMML/12 44.4547005 -95.8315964 1180.00 130.000
KMML/30 44.4459000 -95.8169022 1178.00 310.000
KMMS/02 34.2271004 -90.2911987 161.00 17.000
KMMS/20 34.2359009 -90.2879028 161.00 197.000
KMMT/14 33.9273987 -80.8113022 252.00 134.000
KMMT/32 33.9101982 -80.7899017 244.00 314.000
KMMU/05 40.7930985 -74.4191971 183.00 36.100
KMMU/23 40.8064003 -74.4065018 184.00 216.100
KMMU/13 40.8008995 -74.4244995 187.00 113.900
KMMU/31 40.7965012 -74.4113007 182.00 293.900
KMMV/04 45.1917992 -123.1480026 161.00 57.000
KMMV/22 45.1997986 -123.1309967 161.00 237.000
KMMV/17 45.1992989 -123.1309967 161.00 186.000
KMMV/35 45.1865005 -123.1330032 163.00 6.000
KMNF/10 36.9937631 -91.7218157 1178.31 99.000
KMNF/28 36.9916992 -91.7060013 1139.00 279.000
KMNI/02 33.5822983 -80.2098999 95.00 12.100
KMNI/20 33.5918999 -80.2073975 103.00 192.100
KMNM/03 45.1231995 -87.6444015 614.00 31.000
KMNM/21 45.1372986 -87.6324997 622.00 211.000
KMNM/14 45.1278000 -87.6449966 621.00 140.000
KMNM/32 45.1170998 -87.6323013 605.00 320.000
KMNN/07 40.6114006 -83.0712967 989.00 59.900
KMNN/25 40.6183014 -83.0557022 993.00 239.900
KMNN/13 40.6207008 -83.0688019 986.00 119.900
KMNN/31 40.6158981 -83.0578995 989.00 299.900
KMNV/05 35.5418015 -84.3843994 1031.00 43.800
KMNV/23 35.5488014 -84.3761978 1001.00 223.800
KMNZ/18 31.6727009 -98.1473999 1299.00 189.000
KMNZ/36 31.6590996 -98.1499023 1299.00 9.000
KMO3/01 37.6562004 -93.8182983 1034.00 16.400
KMO3/19 37.6642990 -93.8153000 1037.00 196.400
KMO6/15 38.5937996 -90.9975967 488.00 154.000
KMO6/33 38.5814018 -90.9899979 485.00 334.000
KMO8/18 39.7755010 -93.0126040 843.00 181.000
KMO8/36 39.7645000 -93.0129010 826.00 1.000
KMOB/15 30.7022990 -88.2539980 213.00 144.000
KMOB/33 30.6833000 -88.2380980 213.00 324.000
KMOB/18 30.6945991 -88.2365036 216.00 180.000
KMOB/36 30.6826000 -88.2365036 212.00 0.000
KMOD/10L 37.6296997 -120.9599991 97.00 124.200
KMOD/28R 37.6206016 -120.9430008 79.00 304.200
KMOD/10R 37.6295013 -120.9639969 96.00 124.200
KMOD/28L 37.6241989 -120.9540024 83.00 304.200
KMOP/05 43.6203003 -84.7466965 755.00 57.000
KMOP/23 43.6240005 -84.7387009 755.00 237.000
KMOP/09 43.6214981 -84.7443008 754.00 91.000
KMOP/27 43.6212997 -84.7254028 752.00 271.000
KMOR/05 36.1741982 -83.3828964 1313.00 49.400
KMOR/23 36.1843986 -83.3682022 1275.00 229.400
KMOT/08 48.2579938 -101.2893865 1709.60 90.300
KMOT/26 48.2579994 -101.2649994 1658.00 270.300
KMOT/13 48.2653008 -101.2890015 1702.00 138.400
KMOT/31 48.2495003 -101.2679977 1657.00 318.400
KMOX/04 45.5657005 -95.9728012 1123.00 49.000
KMOX/22 45.5704994 -95.9651031 1138.00 229.000
KMOX/14 45.5690002 -95.9705963 1128.00 144.000
KMOX/32 45.5601006 -95.9615021 1124.00 324.000
KMPE/18 32.8063011 -89.1251984 440.00 185.300
KMPE/36 32.7925987 -89.1267014 458.00 5.300
KMPG/06 39.8779983 -80.7404022 1214.00 51.600
KMPG/24 39.8835983 -80.7312012 1194.00 231.600
KMPI/08 37.5116005 -120.0449982 2254.00 100.000
KMPI/26 37.5101013 -120.0339966 2223.00 280.000
KMPJ/03 35.1328805 -92.9131710 893.23 29.000
KMPJ/21 35.1459007 -92.9044037 920.00 209.000
KMPO/05 41.1339989 -75.3815002 1876.00 36.600
KMPO/23 41.1427994 -75.3729019 1916.00 216.600
KMPO/13 41.1388020 -75.3871000 1884.00 115.000
KMPO/31 41.1344095 -75.3746937 1879.18 295.000
KMPR/08 38.3549004 -97.6987991 1494.00 90.000
KMPR/26 38.3549995 -97.6900024 1493.00 270.000
KMPR/18 38.3587990 -97.6890030 1497.00 186.000
KMPR/36 38.3437996 -97.6909027 1497.00 6.000
KMPV/05 44.2036949 -72.5642457 1109.84 32.300
KMPV/23 44.2117996 -72.5570984 1085.00 212.300
KMPV/17 44.2066002 -72.5678024 1092.00 152.000
KMPV/35 44.1945000 -72.5587006 1157.00 332.000
KMPZ/15 40.9510002 -91.5140991 725.00 152.500
KMPZ/33 40.9412994 -91.5074005 730.00 332.500
KMQB/09 40.5196991 -90.6610031 705.00 90.100
KMQB/27 40.5196991 -90.6427002 679.00 270.100
KMQI/05 35.9147251 -75.7001000 10.23 38.000
KMQI/23 35.9233017 -75.6918030 13.00 218.000
KMQI/17 35.9229360 -75.6963206 13.91 158.000
KMQI/35 35.9178400 -75.6937652 13.30 338.000
KMQJ/07 39.8371010 -85.9095001 862.00 69.900
KMQJ/25 39.8422012 -85.8910980 858.00 249.900
KMQJ/16 39.8539009 -85.8948975 858.00 160.100
KMQJ/34 39.8438988 -85.8900986 857.00 340.100
KMQS/11 39.9804993 -75.8749008 639.00 101.700
KMQS/29 39.9775009 -75.8560028 660.00 281.700
KMQW/03 32.0906982 -82.8824997 202.00 23.000
KMQW/21 32.1008987 -82.8775024 185.00 203.000
KMQY/01 36.0005989 -86.5211029 519.00 4.100
KMQY/19 36.0158005 -86.5197983 521.00 184.100
KMQY/14 36.0177994 -86.5287018 543.00 139.100
KMQY/32 36.0010986 -86.5109024 517.00 319.100
KMRB/08 39.3987182 -77.9963696 563.23 71.000
KMRB/26 39.4054604 -77.9716492 547.00 251.000
KMRC/06 35.5503006 -87.1871033 664.00 53.700
KMRC/24 35.5601006 -87.1708984 681.00 233.700
KMRF/04 30.3657000 -104.0199970 4827.00 45.000
KMRF/22 30.3759990 -104.0080030 4849.00 225.000
KMRF/09 30.3696000 -104.0260010 4825.00 90.000
KMRF/27 30.3696000 -104.0169980 4836.00 270.000
KMRF/13 30.3780990 -104.0250020 4840.00 135.000
KMRF/31 30.3659000 -104.0120010 4830.00 315.000
KMRH/03 34.7279573 -76.6616421 7.00 25.200
KMRH/21 34.7378998 -76.6559982 7.00 205.200
KMRH/08 34.7332000 -76.6688000 7.00 68.000
KMRH/26 34.7375980 -76.6556020 8.00 248.000
KMRH/14 34.7361984 -76.6654968 7.00 132.700
KMRH/32 34.7288017 -76.6557007 10.00 312.700
KMRJ/04 42.8815994 -90.2360992 1164.00 41.000
KMRJ/22 42.8890991 -90.2274017 1171.00 221.000
KMRJ/11 42.8903008 -90.2481995 1129.00 110.700
KMRJ/29 42.8855019 -90.2306976 1163.00 290.700
KMRN/03 35.8133011 -81.6150970 1231.00 23.600
KMRN/21 35.8272018 -81.6076965 1268.00 203.600
KMRT/09 40.2239990 -83.3591003 1021.00 83.000
KMRT/27 40.2253576 -83.3445428 997.71 263.000
KMRY/10L 36.5886002 -121.8450012 198.00 112.800
KMRY/28R 36.5848999 -121.8339996 256.00 292.800
KMRY/10R 36.5912018 -121.8570023 155.00 112.800
KMRY/28L 36.5830994 -121.8330002 247.00 292.800
KMSL/11 34.7490005 -87.6169968 542.00 114.000
KMSL/29 34.7415009 -87.5967026 550.00 294.000
KMSL/18 34.7509003 -87.6156998 539.00 181.000
KMSL/36 34.7398987 -87.6160965 541.00 1.000
KMSN/03 43.1342345 -89.3410188 861.61 28.800
KMSN/21 43.1505013 -89.3286972 887.00 208.800
KMSN/14 43.1478996 -89.3415985 859.00 137.000
KMSN/32 43.1362991 -89.3264999 861.00 317.000
KMSN/18 43.1480054 -89.3410532 859.13 181.900
KMSN/36 43.1244011 -89.3422012 862.00 1.900
KMSO/12 46.9248010 -114.1070020 3192.00 130.000
KMSO/30 46.9079020 -114.0780030 3205.00 310.000
KMSP/04 44.8753034 -93.2340570 831.30 45.000
KMSP/22 44.8916854 -93.2110009 827.45 225.000
KMSP/12L 44.8928986 -93.2210007 838.00 121.300
KMSP/30R 44.8813019 -93.1940002 819.00 301.300
KMSP/12R 44.8877983 -93.2341003 841.00 121.300
KMSP/30L 44.8735008 -93.2012024 813.00 301.300
KMSP/17 44.8877983 -93.2422028 840.00 169.500
KMSP/35 44.8661995 -93.2366028 833.00 349.500
KMSS/05 44.9300000 -74.8494030 203.00 31.000
KMSS/23 44.9417990 -74.8394010 215.00 211.000
KMSS/09 44.9343987 -74.8544998 203.00 76.000
KMSS/27 44.9370003 -74.8395004 204.00 256.000
KMSV/15 41.7078432 -74.8013390 1401.95 143.000
KMSV/33 41.6948013 -74.7881012 1381.00 323.000
KMSY/02 29.9845009 -90.2514038 3.00 15.000
KMSY/11 29.9965992 -90.2817001 4.00 106.000
KMSY/29 29.9894303 -90.2519243 2.06 286.000
KMTC/01 42.6015015 -82.8373032 580.00 1.500
KMTC/19 42.6262016 -82.8365021 579.00 181.500
KMTH/07 24.7234993 -81.0582962 5.00 67.000
KMTH/25 24.7287998 -81.0444031 5.00 247.000
KMTJ/13 38.5092011 -107.9049988 5695.00 139.400
KMTJ/31 38.4935989 -107.8880005 5755.00 319.400
KMTJ/17 38.5298004 -107.8929977 5690.00 179.800
KMTJ/35 38.5023994 -107.8929977 5730.00 359.800
KMTN/15 39.3325005 -76.4225006 22.00 135.000
KMTN/33 39.3188019 -76.4050980 10.00 315.000
KMTO/06 39.4740982 -88.2882996 718.00 60.100
KMTO/24 39.4821014 -88.2705002 711.00 240.100
KMTO/11 39.4813004 -88.2897034 715.00 113.000
KMTO/29 39.4743004 -88.2685013 715.00 293.000
KMTP/06 41.0737648 -71.9245967 5.81 47.000
KMTP/24 41.0797005 -71.9161987 4.00 227.000
KMTV/13 36.6339990 -80.0258030 941.00 118.000
KMTV/31 36.6274990 -80.0108030 911.00 298.000
KMTW/07 44.1292000 -87.6843033 651.00 70.000
KMTW/25 44.1323013 -87.6723023 638.00 250.000
KMTW/17 44.1342011 -87.6837997 646.00 170.000
KMTW/35 44.1207008 -87.6804962 650.00 350.000
KMUI/07 40.4330538 -76.5738613 489.00 59.600
KMUI/25 40.4379997 -76.5627975 489.00 239.600
KMUL/14 31.1420994 -83.7090988 292.00 135.000
KMUL/32 31.1333008 -83.6989975 283.00 315.000
KMUO/12 43.0565987 -115.8899994 2986.00 135.000
KMUO/30 43.0303993 -115.8550034 2996.00 315.000
KMUT/06 41.3623009 -91.1544037 545.00 58.000
KMUT/24 41.3702011 -91.1373978 541.00 238.000
KMUT/12 41.3732986 -91.1574020 536.00 125.000
KMUT/30 41.3670006 -91.1455002 543.00 305.000
KMVC/03 31.4507999 -87.3557968 413.00 30.000
KMVC/21 31.4652004 -87.3462982 419.00 210.000
KMVE/03 44.9678001 -95.7139969 1031.00 40.000
KMVE/21 44.9729004 -95.7080994 1020.00 220.000
KMVE/14 44.9725990 -95.7144012 1034.00 142.800
KMVE/32 44.9639015 -95.7051010 1019.00 322.800
KMVI/02 37.5201988 -106.0530014 7605.00 28.600
KMVI/20 37.5344009 -106.0429993 7605.00 208.600
KMVL/01 44.5294990 -72.6138000 713.00 358.300
KMVL/19 44.5396996 -72.6141968 731.00 178.300
KMVM/18 44.7067986 -67.4807968 96.00 157.300
KMVM/36 44.6994019 -67.4764023 70.00 337.300
KMVN/05 38.3191606 -88.8647295 468.00 50.000
KMVN/23 38.3292999 -88.8494034 468.00 230.000
KMVN/15 38.3266983 -88.8620987 480.00 150.000
KMVN/33 38.3191986 -88.8565979 458.00 330.000
KMVY/06 41.3860016 -70.6201019 56.00 41.000
KMVY/24 41.3974991 -70.6070023 62.00 221.000
KMVY/15 41.3981018 -70.6202011 67.00 131.000
KMVY/33 41.3922005 -70.6110992 56.00 311.000
KMWA/02 37.7484016 -89.0179977 453.00 22.700
KMWA/20 37.7686996 -89.0074005 466.00 202.700
KMWA/11 37.7513008 -89.0167999 454.00 107.700
KMWA/29 37.7471008 -89.0002975 468.00 287.700
KMWC/04L 43.1071014 -88.0381012 737.00 36.000
KMWC/22R 43.1142006 -88.0309982 738.00 216.000
KMWC/04R 43.1063995 -88.0361023 732.00 36.000
KMWC/22L 43.1127014 -88.0297012 736.00 216.000
KMWC/15L 43.1157989 -88.0385971 744.00 146.000
KMWC/33R 43.1064987 -88.0298996 744.00 326.000
KMWC/15R 43.1134987 -88.0391998 742.00 145.000
KMWC/33L 43.1062012 -88.0323029 733.00 325.000
KMWH/04 47.1967010 -119.3330002 1184.00 54.000
KMWH/22 47.2127991 -119.3000031 1150.00 234.000
KMWH/09 47.2177010 -119.3170013 1185.00 108.200
KMWH/27 47.2146988 -119.3040009 1185.00 288.200
KMWH/14L 47.2257004 -119.3259964 1165.00 162.000
KMWH/32R 47.1903992 -119.3089981 1163.00 342.000
KMWH/14R 47.2239990 -119.3300018 1164.00 162.000
KMWH/32L 47.2163010 -119.3259964 1166.00 342.000
KMWH/18 47.2083015 -119.3300018 1181.00 198.000
KMWH/36 47.1996002 -119.3339996 1181.00 18.000
KMWK/18 36.4642386 -80.5535943 1238.91 173.000
KMWK/36 36.4538990 -80.5521010 1208.00 353.000
KMWL/13 32.7868118 -98.0636161 919.80 135.600
KMWL/31 32.7763838 -98.0515106 969.26 315.600
KMWL/17 32.7874985 -98.0640030 914.00 180.600
KMWL/35 32.7766857 -98.0640924 951.27 0.600
KMWM/17 43.9183006 -95.1093979 1407.00 180.000
KMWM/35 43.9085007 -95.1093979 1405.00 0.000
KMWO/05 39.5256004 -84.4035034 642.00 49.400
KMWO/23 39.5359656 -84.3879071 649.61 229.400
KMWO/08 39.5330010 -84.4041977 650.00 85.000
KMWO/26 39.5336990 -84.3936997 650.00 265.000
KMXA/18 35.9001999 -90.1545029 240.00 180.000
KMXA/36 35.8886986 -90.1546020 242.00 0.000
KMXF/15 32.3913994 -86.3731003 171.00 148.000
KMXF/33 32.3726006 -86.3594971 167.00 328.000
KMXO/09 42.2188988 -91.1659012 822.00 90.000
KMXO/27 42.2188988 -91.1575012 833.00 270.000
KMXO/15 42.2265015 -91.1677017 825.00 153.800
KMXO/33 42.2156982 -91.1605988 829.00 333.800
KMYF/05 32.8153066 -117.1448791 417.92 65.000
KMYF/23 32.8188120 -117.1359950 425.00 245.000
KMYF/10L 32.8181720 -117.1446980 414.00 115.000
KMYF/28R 32.8128300 -117.1311340 422.00 295.000
KMYF/10R 32.8169230 -117.1453900 414.00 115.000
KMYF/28L 32.8129770 -117.1353570 421.00 295.000
KMYJ/06 39.1543007 -91.8255005 823.00 66.000
KMYJ/24 39.1600859 -91.8090976 810.88 246.000
KMYJ/18 39.1621017 -91.8208008 812.00 181.700
KMYJ/36 39.1533012 -91.8210983 818.00 1.700
KMYL/16 44.8981018 -116.1019974 5021.00 179.000
KMYL/34 44.8813019 -116.1009979 5003.00 359.000
KMYR/18 33.6925011 -78.9315033 22.00 168.000
KMYR/36 33.6669998 -78.9251022 21.00 348.000
KMYV/05 39.0968018 -121.5739975 60.00 67.000
KMYV/23 39.1003990 -121.5630035 62.00 247.000
KMYV/14 39.1049004 -121.5749969 61.00 156.800
KMYV/32 39.0898018 -121.5660019 58.00 336.800
KMYZ/16 39.8619000 -96.6332020 1277.00 161.000
KMYZ/34 39.8510020 -96.6281970 1276.00 341.000
KMZH/04 46.4152985 -92.8088989 1074.00 39.000
KMZH/22 46.4219017 -92.8006973 1071.00 219.000
KMZJ/12 32.5164986 -111.3330002 1875.00 134.600
KMZJ/30 32.5032997 -111.3170013 1893.00 314.600
KMZZ/04 40.4835014 -85.6868973 859.00 37.600
KMZZ/22 40.4964981 -85.6737976 851.00 217.600
KMZZ/15 40.4939003 -85.6819000 858.00 150.400
KMZZ/33 40.4854012 -85.6754990 850.00 330.400
KN03/06 42.5894013 -76.2193985 1197.00 46.200
KN03/24 42.5959015 -76.2102966 1163.00 226.200
KN06/15 38.5455017 -75.5979004 28.00 136.000
KN06/33 38.5397322 -75.5909588 29.83 316.000
KN12/06 40.0645900 -74.1808095 42.12 47.200
KN12/24 40.0695000 -74.1738968 33.00 227.200
KN13/09 40.9966010 -76.4409030 481.00 73.000
KN13/27 40.9989010 -76.4311980 477.00 253.000
KN14/01 39.9286003 -74.8075027 34.00 7.700
KN14/19 39.9380989 -74.8058014 49.00 187.700
KN19/22 36.8356018 -108.0270004 5877.00 233.000
KN23/25 42.3055992 -75.4093018 1022.00 238.000
KN24/17 36.8097000 -105.5970001 7667.00 180.200
KN24/35 36.7909012 -105.5979996 7690.00 0.200
KN27/05 41.7351990 -76.4516983 730.00 35.000
KN27/23 41.7448006 -76.4425964 714.00 215.000
KN35/06 40.9645004 -78.9375000 1410.00 56.700
KN35/24 40.9690018 -78.9283981 1437.00 236.700
KN37/01 41.6179008 -74.7023010 1541.00 0.000
KN37/19 41.6250000 -74.7023010 1528.00 180.000
KN37/15 41.6258011 -74.7025986 1523.00 138.000
KN37/33 41.6216011 -74.6975021 1532.00 318.000
KN38/10 41.7280006 -77.4011993 1892.00 91.000
KN38/28 41.7277985 -77.3880005 1881.00 271.000
KN40/07 40.5649660 -74.9809861 552.00 54.200
KN40/25 40.5681992 -74.9750977 558.00 234.200
KN47/08 40.2588997 -75.6756973 254.00 67.000
KN47/26 40.2617989 -75.6668015 244.00 247.000
KN51/13 40.5886002 -74.7422028 187.00 119.000
KN51/31 40.5839996 -74.7313995 152.00 299.000
KN52/04 34.8601990 -80.7514038 602.00 38.000
KN52/22 34.8669691 -80.7450098 599.18 218.000
KN57/06 39.8269997 -75.7744980 435.00 45.600
KN57/24 39.8340988 -75.7649994 432.00 225.600
KN58/05 39.5602989 -119.2509995 4326.00 65.000
KN58/23 39.5634995 -119.2419968 4280.00 245.000
KN58/15 39.5635986 -119.2419968 4278.00 163.000
KN58/33 39.5531006 -119.2379990 4331.00 343.000
KN66/06 42.5205994 -75.0699005 1764.00 44.000
KN66/24 42.5289001 -75.0589981 1751.00 224.100
KN68/06 39.9698982 -77.6475983 683.00 48.000
KN68/24 39.9760017 -77.6389008 683.00 228.000
KN71/10 40.0918939 -76.5788081 451.04 85.000
KN71/28 40.0926018 -76.5686035 400.00 265.000
KN73/05 39.9011002 -74.7527008 54.00 38.000
KN73/23 39.9068975 -74.7467069 43.53 218.000
KN79/08 40.8356018 -76.5580978 853.00 72.400
KN79/26 40.8382988 -76.5467987 881.00 252.400
KN81/03 39.6627006 -74.7594986 65.00 16.100
KN81/21 39.6721992 -74.7559967 58.00 196.100
KN82/05 41.5935018 -74.4625708 547.29 38.000
KN82/23 41.6007004 -74.4551010 537.00 218.000
KN82/09 41.5983009 -74.4589005 542.00 78.000
KN82/27 41.5988998 -74.4550018 534.00 258.000
KN82/14 41.5980988 -74.4592972 543.00 128.000
KN82/32 41.5946007 -74.4533005 532.00 308.000
KN82/18 41.5974007 -74.4588013 539.00 175.000
KN82/36 41.5940018 -74.4583969 536.00 355.000
KN87/11 40.2143953 -74.6079687 107.94 95.500
KN87/29 40.2134018 -74.5942001 117.00 275.500
KN89/04 41.7234993 -74.3814011 290.00 35.000
KN89/22 41.7322006 -74.3732986 290.00 215.000
KN94/10 40.1880903 -77.1810163 502.21 91.700
KN94/28 40.1878014 -77.1670990 510.00 271.700
KN96/07 40.8830667 -77.8209857 1068.28 56.000
KN96/25 40.8881989 -77.8108978 1058.00 236.000
KN98/09 45.2089135 -84.9952655 657.00 93.000
KN98/27 45.2084999 -84.9828033 657.00 273.000
KNBC/05 32.4706001 -80.7304993 37.00 41.800
KNBC/23 32.4954987 -80.7041016 13.00 221.800
KNBC/14 32.4846001 -80.7313995 32.00 135.200
KNBC/32 32.4690018 -80.7130966 22.00 315.200
KNBG/04 29.8234997 -90.0373001 -1.00 44.200
KNBG/22 29.8432007 -90.0152969 -1.00 224.200
KNBG/14 29.8230991 -90.0330963 1.00 140.500
KNBG/32 29.8104000 -90.0211029 1.00 320.500
KNBJ/09 30.3887005 -87.6380005 54.00 90.000
KNBJ/27 30.3885994 -87.6252975 49.00 270.000
KNBJ/15 30.3964996 -87.6326981 45.00 152.000
KNBJ/33 30.3869000 -87.6268005 49.00 332.000
KNCA/01 34.7005997 -77.4366989 24.00 0.000
KNCA/19 34.7137985 -77.4366989 16.00 180.000
KNCA/05 34.7046013 -77.4485016 24.00 45.000
KNCA/23 34.7145996 -77.4364014 16.00 225.000
KNDY/16 38.3363991 -77.0397034 20.00 159.000
KNDY/34 38.3255997 -77.0344009 20.00 339.000
KNDZ/05 30.6945991 -87.0193024 162.00 47.000
KNDZ/23 30.7057991 -87.0054016 172.00 227.000
KNDZ/14 30.7029991 -87.0230026 170.00 137.000
KNDZ/32 30.6909008 -87.0100021 166.00 317.000
KNEL/06 40.0315018 -74.3565979 91.00 50.500
KNEL/24 40.0401993 -74.3427963 103.00 230.500
KNEL/15 40.0396004 -74.3602982 99.00 140.500
KNEL/33 40.0289993 -74.3488998 91.00 320.500
KNEN/12 30.3572006 -81.8839035 95.00 12.000
KNEN/30 30.3505993 -81.8600006 97.00 288.000
KNEW/09 30.0370998 -90.0306015 5.00 89.000
KNEW/27 30.0372009 -90.0207977 5.00 269.000
KNEW/18L 30.0501995 -90.0277023 6.00 179.000
KNEW/36R 30.0400009 -90.0274963 7.00 359.000
KNEW/18R 30.0521414 -90.0298863 6.03 179.000
KNEW/36L 30.0338993 -90.0296020 7.00 359.000
KNFD/05 30.5062010 -87.6511990 142.00 47.000
KNFD/23 30.5114990 -87.6446990 146.00 227.000
KNFD/11 30.5065000 -87.6512990 142.00 109.000
KNFD/29 30.5037990 -87.6423030 141.00 289.000
KNFE/05 36.6875000 -76.1457977 13.00 45.500
KNFE/23 36.7024994 -76.1258011 13.00 225.500
KNFG/03 33.2955017 -117.3619995 62.00 44.700
KNFG/21 33.3072014 -117.3479996 78.00 224.700
KNFJ/18 30.5207996 -86.9578018 80.00 180.000
KNFJ/36 30.4986000 -86.9578018 85.00 0.000
KNFL/07 39.4131012 -118.7160034 3929.00 87.800
KNFL/25 39.4137993 -118.6910019 3927.00 267.800
KNFL/13L 39.4305992 -118.7050018 3934.00 145.200
KNFL/31R 39.4056015 -118.6829987 3927.00 325.200
KNFL/13R 39.4356003 -118.7139969 3934.00 145.200
KNFL/31L 39.4039993 -118.6859970 3926.00 325.200
KNFW/18 32.7857020 -97.4413990 622.00 181.000
KNFW/36 32.7527010 -97.4417040 650.00 1.000
KNGP/04 27.6900997 -97.2974014 17.00 45.000
KNGP/22 27.6998005 -97.2864990 13.00 225.000
KNGP/13L 27.6952992 -97.2921982 13.00 135.000
KNGP/31R 27.6856003 -97.2813034 18.00 315.000
KNGP/13R 27.7007008 -97.3015976 9.00 135.000
KNGP/31L 27.6851997 -97.2841034 17.00 315.000
KNGP/17 27.6991997 -97.2884979 13.00 180.000
KNGP/35 27.6854992 -97.2884979 16.00 0.000
KNGS/05 30.6068993 -86.9452972 127.00 46.000
KNGS/23 30.6156006 -86.9349976 144.00 226.000
KNGS/09 30.6152992 -86.9467010 137.00 91.000
KNGS/27 30.6149998 -86.9325027 150.00 271.000
KNGS/14 30.6156006 -86.9460983 138.00 136.000
KNGS/32 30.6067009 -86.9360962 113.00 316.000
KNGS/18 30.6168995 -86.9436035 140.00 180.000
KNGS/36 30.6047001 -86.9436035 113.00 0.000
KNGU/10 36.9375000 -76.3025711 13.96 90.000
KNGU/28 36.9375000 -76.2750015 13.00 270.000
KNGW/13 27.7061005 -97.4431000 29.00 133.000
KNGW/31 27.6966991 -97.4317017 22.00 313.000
KNGW/35 27.6972008 -97.4400024 23.00 358.900
KNHK/02 38.2765999 -76.4209976 37.00 8.100
KNHK/20 38.2901993 -76.4186020 25.00 188.100
KNHK/06 38.2769013 -76.4216003 39.00 49.100
KNHK/24 38.2980995 -76.3905029 20.00 229.100
KNHK/14 38.2943001 -76.4233017 27.00 126.000
KNHK/32 38.2785988 -76.3958969 16.00 306.000
KNID/03 35.6755981 -117.7080002 2283.00 42.300
KNID/21 35.6959991 -117.6859970 2200.00 222.300
KNID/08 35.6833000 -117.7040024 2260.00 90.800
KNID/26 35.6829987 -117.6780014 2225.00 270.800
KNID/14 35.6987991 -117.6930008 2202.00 154.100
KNID/32 35.6764984 -117.6800003 2240.00 334.100
KNIP/10 30.2310767 -81.6898865 21.33 101.000
KNIP/28 30.2317009 -81.6643982 8.00 281.000
KNIP/14 30.2373001 -81.6727679 10.63 135.000
KNIP/32 30.2310009 -81.6653976 9.00 315.000
KNJK/08 32.8291016 -115.6869965 -47.00 89.900
KNJK/26 32.8292007 -115.6559982 -46.00 269.900
KNJK/12 32.8297996 -115.6719971 -46.00 135.100
KNJK/30 32.8165016 -115.6559982 -43.00 315.100
KNJM/05 34.6860008 -77.0334015 22.00 40.900
KNJM/23 34.6943016 -77.0246963 22.00 220.900
KNJW/13 32.8037987 -88.8410034 519.00 134.000
KNJW/31 32.7885017 -88.8224030 540.00 314.000
KNKT/05L 34.9039001 -76.8805008 28.00 45.500
KNKT/23R 34.9184990 -76.8625031 19.00 225.500
KNKT/05R 34.8880005 -76.8976974 23.00 45.500
KNKT/23L 34.9038010 -76.8781967 29.00 225.500
KNKT/14L 34.9197006 -76.9000015 19.00 135.500
KNKT/32R 34.9020996 -76.8789978 26.00 315.500
KNKT/14R 34.9013458 -76.8805178 26.89 135.500
KNKT/32L 34.8866005 -76.8628998 17.00 315.500
KNKX/06L 32.8645660 -117.1648480 425.00 75.000
KNKX/24R 32.8728750 -117.1270310 475.00 255.000
KNKX/06R 32.8654740 -117.1516750 430.00 75.000
KNKX/24L 32.8710130 -117.1264550 478.00 255.000
KNLC/14L 36.3642006 -119.9609985 221.00 156.000
KNLC/32R 36.3302994 -119.9420013 226.00 336.000
KNLC/14R 36.3359985 -119.9619980 232.00 156.000
KNLC/32L 36.3021011 -119.9440002 231.00 336.000
KNMM/01L 32.5303993 -88.5710983 255.00 9.000
KNMM/19R 32.5522003 -88.5670013 295.00 189.000
KNMM/01R 32.5597000 -88.5523987 271.00 9.000
KNMM/19L 32.5815010 -88.5483017 317.00 189.000
KNMM/10 32.5489006 -88.5544968 300.00 99.000
KNMM/28 32.5461006 -88.5338974 305.00 279.000
KNOG/01 27.8848000 -98.0486984 257.00 14.600
KNOG/19 27.9060993 -98.0425034 257.00 194.600
KNOG/13 27.9058990 -98.0503006 257.00 134.700
KNOG/31 27.8903999 -98.0326996 257.00 314.700
KNOW/07 48.1417007 -123.4229965 9.00 94.000
KNOW/25 48.1408997 -123.4049988 8.00 274.000
KNPA/01 30.3419990 -87.3216019 28.00 6.000
KNPA/19 30.3614998 -87.3190994 16.00 186.000
KNPA/07L 30.3507996 -87.3291016 23.00 68.000
KNPA/25R 30.3589001 -87.3054962 16.00 248.000
KNPA/07R 30.3490009 -87.3283005 24.00 68.000
KNPA/25L 30.3570995 -87.3047028 15.00 248.000
KNQA/04 35.3480987 -89.8788986 276.00 38.900
KNQA/22 35.3652000 -89.8619995 320.00 218.900
KNQB/05 30.5599995 -87.8106995 118.00 43.000
KNQB/23 30.5657005 -87.8044968 115.00 223.000
KNQB/09 30.5648003 -87.8137970 126.00 91.000
KNQB/27 30.5646992 -87.8038025 115.00 271.000
KNQB/16 30.5645008 -87.8134995 126.00 157.000
KNQB/34 30.5575008 -87.8099976 115.00 337.000
KNQI/13L 27.5139008 -97.8153000 48.00 134.400
KNQI/31R 27.4986000 -97.7975998 37.00 314.400
KNQI/13R 27.5125999 -97.8168030 50.00 134.400
KNQI/31L 27.4972000 -97.7991028 42.00 314.400
KNQI/17L 27.5144005 -97.8085022 48.00 179.400
KNQI/35R 27.4923992 -97.8081970 47.00 359.400
KNQI/17R 27.5144005 -97.8106003 48.00 179.400
KNQI/35L 27.4923992 -97.8104019 48.00 359.400
KNQX/04 24.5657010 -81.6959000 4.00 32.000
KNQX/22 24.5821990 -81.6848980 6.00 212.000
KNQX/08 24.5725000 -81.7001040 5.00 73.000
KNQX/26 24.5805000 -81.6713030 5.00 253.000
KNQX/14 24.5790000 -81.6922990 4.00 131.000
KNQX/32 24.5664010 -81.6763000 4.00 311.000
KNRA/14 48.1949997 -122.6360016 199.00 156.000
KNRA/32 48.1817017 -122.6279984 193.00 336.000
KNRB/05 30.3833008 -81.4331970 13.00 43.000
KNRB/23 30.3994007 -81.4159012 14.00 223.000
KNRN/08 39.8457980 -99.8979030 2348.00 92.000
KNRN/26 39.8456990 -99.8904040 2351.00 272.000
KNRN/16 39.8586998 -99.8971024 2382.00 164.500
KNRN/34 39.8462982 -99.8927002 2361.00 344.500
KNRQ/04L 30.6250000 -87.1436005 143.00 39.000
KNRQ/22R 30.6289005 -87.1399994 142.00 219.000
KNRQ/04R 30.6217003 -87.1399994 140.00 39.000
KNRQ/22L 30.6256008 -87.1363983 141.00 219.000
KNRQ/09L 30.6275005 -87.1427994 142.00 90.000
KNRQ/27R 30.6275005 -87.1371994 141.00 270.000
KNRQ/09R 30.6231003 -87.1427994 143.00 90.000
KNRQ/27L 30.6231003 -87.1371994 140.00 270.000
KNRQ/13L 30.6285992 -87.1402969 143.00 135.000
KNRQ/31R 30.6250000 -87.1361008 140.00 315.000
KNRQ/13R 30.6256008 -87.1438980 142.00 135.000
KNRQ/31L 30.6219006 -87.1397018 140.00 315.000
KNRQ/18L 30.6278000 -87.1374969 140.00 180.000
KNRQ/36R 30.6228008 -87.1374969 140.00 0.000
KNRQ/18R 30.6278000 -87.1425018 141.00 180.000
KNRQ/36L 30.6228008 -87.1425018 143.00 0.000
KNRS/08 32.5670013 -117.1139984 24.00 105.200
KNRS/26 32.5653992 -117.1070023 21.00 285.200
KNRS/09 32.5679016 -117.1230011 24.00 105.100
KNRS/27 32.5643997 -117.1070023 24.00 285.100
KNSE/05 30.7152996 -87.0329971 170.00 47.000
KNSE/23 30.7264996 -87.0189972 183.00 227.000
KNSE/14 30.7301998 -87.0283966 199.00 137.000
KNSE/32 30.7182007 -87.0154038 160.00 317.000
KNSI/12 33.2472629 -119.4676127 486.19 132.600
KNSI/30 33.2304993 -119.4459991 497.00 312.600
KNTD/03 34.1084520 -119.1345160 11.00 44.000
KNTD/21 34.1304640 -119.1091110 13.00 224.000
KNTD/09 34.1208760 -119.1238960 10.00 105.000
KNTD/27 34.1169580 -119.1063400 12.00 285.000
KNTU/05L 36.8148994 -76.0425034 20.00 42.100
KNTU/23R 36.8311997 -76.0242004 19.00 222.100
KNTU/05R 36.8055000 -76.0498962 18.00 42.100
KNTU/23L 36.8298988 -76.0224991 21.00 222.100
KNTU/14L 36.8345985 -76.0373001 18.00 133.400
KNTU/32R 36.8193016 -76.0173035 20.00 313.400
KNTU/14R 36.8331985 -76.0385971 19.00 133.800
KNTU/32L 36.8180008 -76.0188980 21.00 313.800
KNUC/06 33.0177990 -118.6019970 91.00 67.000
KNUC/24 33.0276990 -118.5739970 184.00 247.000
KNUI/08 38.1423988 -76.4345016 13.00 66.000
KNUI/26 38.1479988 -76.4186020 22.00 246.000
KNUI/15 38.1525002 -76.4357986 14.00 142.000
KNUI/33 38.1417007 -76.4250031 20.00 322.000
KNUQ/14L 37.4289017 -122.0550003 1.00 157.700
KNUQ/32R 37.4054985 -122.0429993 27.00 337.700
KNUQ/14R 37.4252010 -122.0550000 1.00 158.000
KNUQ/32L 37.4061340 -122.0452380 31.00 338.000
KNUW/07 48.3512993 -122.6729965 18.00 87.000
KNUW/25 48.3524017 -122.6399994 23.00 267.000
KNUW/14 48.3616982 -122.6630020 39.00 155.000
KNUW/32 48.3418999 -122.6480026 47.00 335.000
KNVD/02 37.8445015 -94.3097000 892.00 26.500
KNVD/20 37.8590012 -94.3005981 880.00 206.500
KNVD/13 37.8554001 -94.3072968 877.00 135.400
KNVD/31 37.8502998 -94.3010025 874.00 315.400
KNXP/10 34.3003006 -116.1740036 2051.00 112.300
KNXP/28 34.2919006 -116.1500015 2018.00 292.300
KNY0/10 42.9981003 -74.3370972 865.00 89.000
KNY0/28 42.9982986 -74.3220978 881.00 269.000
KNYG/02 38.4978981 -77.3069000 10.00 15.000
KNYG/20 38.5093002 -77.3031006 11.00 195.000
KNYL/03L 32.6367989 -114.6289978 193.00 44.100
KNYL/21R 32.6629982 -114.5989990 193.00 224.100
KNYL/03R 32.6487010 -114.6129990 188.00 44.000
KNYL/21L 32.6670000 -114.5920030 208.00 224.000
KNYL/08 32.6659010 -114.6060030 195.00 89.000
KNYL/26 32.6661990 -114.5859990 213.00 269.000
KNZY/11 32.7023010 -117.2210007 19.00 122.000
KNZY/29 32.6913986 -117.2009964 26.00 302.000
KNZY/18 32.7099991 -117.2119980 19.00 195.500
KNZY/36 32.6888008 -117.2190018 10.00 15.500
KO02/07 39.8185005 -120.3610001 4898.00 90.000
KO02/25 39.8185005 -120.3450012 4891.00 270.000
KO05/05 40.2854004 -121.2470016 4525.00 70.000
KO05/23 40.2904015 -121.2300034 4501.00 250.000
KO05/16 40.2891998 -121.2419968 4527.00 173.000
KO05/34 40.2752991 -121.2399979 4506.00 353.000
KO08/13 39.1825981 -121.9960022 44.00 151.100
KO08/31 39.1753998 -121.9909973 47.00 331.100
KO09/10 39.7916628 -123.2713210 1432.97 114.400
KO09/28 39.7877998 -123.2600021 1416.00 294.400
KO15/12 37.4902992 -120.6999969 159.00 135.300
KO15/30 37.4845009 -120.6930008 159.00 315.300
KO16/18 40.0894882 -123.8120765 532.40 196.200
KO16/36 40.0816994 -123.8150024 546.00 16.200
KO20/12 38.0947330 -121.3632643 13.15 134.400
KO20/30 38.0877991 -121.3539963 15.00 314.400
KO22/11 38.0328230 -120.4201640 2112.00 134.000
KO22/29 38.0282280 -120.4145300 2090.00 314.000
KO22/17 38.0350488 -120.4119986 2126.04 190.000
KO22/35 38.0252572 -120.4140711 2089.86 10.000
KO24/16 37.9633402 -119.1078914 6759.08 161.500
KO24/34 37.9536182 -119.1042169 6799.85 341.500
KO26/13 36.5920982 -118.0569611 3710.00 144.000
KO26/31 36.5868492 -118.0521393 3691.00 323.000
KO26/16 36.5938988 -118.0520020 3679.00 180.000
KO26/34 36.5828018 -118.0520020 3674.00 0.000
KO27/10 37.7579002 -120.8050003 221.00 111.500
KO27/28 37.7547989 -120.7949982 234.00 291.500
KO28/16 39.4552994 -123.3700027 2053.00 177.000
KO28/34 39.4468994 -123.3700027 2010.00 357.000
KO32/15 36.6707993 -119.4509964 385.00 168.600
KO32/33 36.6618996 -119.4489975 379.00 348.600
KO35/17 34.7094002 -99.9085007 1658.00 180.000
KO35/35 34.7010994 -99.9085007 1658.00 0.000
KO37/15 39.7262993 -122.1480026 215.00 165.600
KO37/33 39.7144012 -122.1439972 207.00 345.700
KO41/18 38.6770676 -121.8707266 115.01 199.100
KO41/36 38.6699960 -121.8735583 123.77 19.100
KO42/07 36.3988991 -119.1112111 422.71 90.000
KO42/25 36.3988991 -119.1019974 425.00 270.000
KO43/01 38.9973984 -119.1620026 4377.00 25.000
KO43/19 39.0117989 -119.1529999 4371.00 205.000
KO46/14 41.4813995 -122.4570007 2917.00 157.000
KO46/32 41.4686012 -122.4489975 2938.00 337.100
KO47/17 35.4860992 -96.7186966 1040.00 180.000
KO47/35 35.4785995 -96.7186966 1015.00 0.000
KO52/17 39.1278000 -121.6050034 60.00 187.000
KO52/35 39.1194992 -121.6060028 58.00 7.000
KO53/17 36.7947006 -97.7490005 1092.00 180.100
KO53/35 36.7864990 -97.7490005 1085.00 0.100
KO54/18 40.7495995 -122.9199982 2350.00 195.800
KO54/36 40.7417984 -122.9240036 2230.00 15.800
KO57/16 38.2681999 -119.2259979 6460.00 180.000
KO57/34 38.2575665 -119.2259979 6467.27 0.000
KO59/01 41.5477863 -120.1707799 4621.40 29.700
KO59/19 41.5581017 -120.1620026 4564.00 209.700
KO60/14 38.7798996 -122.9950027 272.00 155.000
KO60/32 38.7720985 -122.9899979 269.00 335.000
KO61/13 38.6880714 -120.9915984 1286.05 144.000
KO61/31 38.6828469 -120.9861163 1274.45 324.000
KO65/17 36.1144981 -98.3087006 1208.00 179.900
KO65/35 36.1062012 -98.3087006 1196.00 359.900
KO69/11 38.2607002 -122.6100006 87.00 125.000
KO69/29 38.2549019 -122.5999985 74.00 305.000
KO70/01 38.3725014 -120.7959976 1691.00 22.000
KO70/19 38.3810997 -120.7919998 1684.00 202.000
KO79/03 39.5780983 -120.3590012 4983.00 48.700
KO79/21 39.5839005 -120.3499985 4951.00 228.700
KO81/11 41.8903008 -121.3649979 4040.00 128.600
KO81/29 41.8842010 -121.3539963 4044.00 308.600
KO86/14 40.9863810 -122.6957663 2389.88 161.300
KO86/32 40.9794202 -122.6922342 2388.12 341.300
KO88/07 38.1934013 -121.7099991 21.00 86.000
KO88/25 38.1943016 -121.6949997 21.00 266.000
KO88/15 38.1953011 -121.7080002 22.00 160.000
KO88/33 38.1896019 -121.7050018 21.00 340.000
KO89/02 41.0147018 -121.4369965 3323.00 33.100
KO89/20 41.0231018 -121.4300003 3319.00 213.100
KOAJ/05 34.8222008 -77.6203995 90.00 44.000
KOAJ/23 34.8361015 -77.6038971 92.00 224.000
KOAK/10L 37.7304993 -122.2220001 6.00 112.200
KOAK/28R 37.7248001 -122.2050018 6.00 292.200
KOAK/10R 37.7286987 -122.2259979 8.00 112.000
KOAK/28L 37.7223015 -122.2060013 8.00 292.000
KOAK/12 37.7191009 -122.2409973 8.00 130.000
KOAK/30 37.7014999 -122.2139969 9.00 310.000
KOAK/15 37.7402992 -122.2229996 2.00 165.000
KOAK/33 37.7313995 -122.2200012 4.00 345.000
KOAR/11 36.6841011 -121.7669983 134.00 123.200
KOAR/29 36.6796989 -121.7580032 134.00 303.200
KOBE/05 27.2588997 -80.8542023 34.00 44.000
KOBE/23 27.2688999 -80.8432999 34.00 224.000
KOBE/14 27.2667007 -80.8542023 34.00 135.000
KOBE/32 27.2588997 -80.8455963 34.00 315.000
KOBI/01 39.2140007 -74.7972031 25.00 0.000
KOBI/19 39.2229996 -74.7972031 42.00 180.000
KOBI/13 39.2219009 -74.7972031 40.00 120.000
KOBI/31 39.2176018 -74.7878037 36.00 300.000
KOCF/08 29.1793995 -82.2313995 88.00 80.000
KOCF/26 29.1807995 -82.2220993 89.00 260.000
KOCF/18 29.1788006 -82.2230988 81.00 180.000
KOCF/36 29.1597996 -82.2229996 78.00 0.000
KOCH/18 31.5846004 -94.7095032 337.00 184.500
KOCH/36 31.5709000 -94.7108002 327.00 4.500
KOCQ/11 44.8750000 -87.9149017 604.00 110.000
KOCQ/29 44.8721008 -87.9031982 601.00 290.000
KOCW/05 35.5667000 -77.0563965 32.00 37.000
KOCW/23 35.5772659 -77.0467064 37.76 217.000
KOCW/17 35.5766533 -77.0509885 36.80 155.200
KOCW/35 35.5653992 -77.0446014 35.00 335.200
KODO/02 31.9141006 -102.3929977 2952.00 30.000
KODO/20 31.9277000 -102.3840027 3004.00 210.000
KODO/11 31.9211998 -102.3880005 2971.00 120.000
KODO/29 31.9165993 -102.3779984 2971.00 300.000
KODO/16 31.9279995 -102.3909988 2987.00 165.000
KODO/34 31.9146996 -102.3870010 2958.00 345.000
KODX/13 41.6287003 -98.9580994 2070.00 136.100
KODX/31 41.6198006 -98.9466019 2059.00 316.100
KODX/17 41.6246986 -98.9501038 2060.00 179.100
KODX/35 41.6189003 -98.9499969 2058.00 359.100
KOEA/09 38.6878014 -87.5590973 414.00 90.000
KOEA/27 38.6878014 -87.5473193 414.00 270.000
KOEA/14 38.6931913 -87.5515860 414.00 141.900
KOEA/32 38.6888619 -87.5472629 414.00 321.900
KOEB/04 41.9309998 -85.0516968 956.00 34.000
KOEB/22 41.9389992 -85.0446014 955.00 214.000
KOEB/07 41.9295006 -85.0641022 956.00 64.000
KOEB/25 41.9360008 -85.0465012 952.00 244.000
KOEL/08 39.1157989 -100.8209991 3040.00 90.000
KOEL/26 39.1157989 -100.8130035 3040.00 270.000
KOEL/16 39.1166992 -100.8180008 3045.00 169.000
KOEL/34 39.1031990 -100.8150024 3019.00 349.000
KOEO/10 45.3097992 -92.6974029 883.00 103.800
KOEO/28 45.3073998 -92.6829987 903.00 283.800
KOFK/02 41.9776000 -97.4375000 1573.00 19.000
KOFK/20 41.9925990 -97.4303970 1531.00 199.000
KOFK/14 41.9914863 -97.4421576 1543.83 142.000
KOFK/32 41.9794998 -97.4297028 1560.00 322.000
KOFP/16 37.7153015 -77.4413986 204.00 149.700
KOFP/34 37.7024994 -77.4319000 202.00 329.700
KOGA/08 41.1178017 -101.7809982 3260.00 89.900
KOGA/26 41.1178017 -101.7630005 3245.00 269.900
KOGA/13 41.1259003 -101.7710037 3278.00 144.300
KOGA/31 41.1176987 -101.7630005 3245.00 324.300
KOGB/05 33.4564018 -80.8638992 170.00 42.300
KOGB/23 33.4654999 -80.8539963 195.00 222.300
KOGB/17 33.4606018 -80.8619003 174.00 167.300
KOGB/35 33.4460983 -80.8580017 186.00 347.300
KOGD/03 41.1879997 -112.0210037 4473.00 44.800
KOGD/21 41.2038002 -112.0000000 4415.00 224.800
KOGD/17 41.2009010 -112.0149990 4436.00 179.000
KOGD/35 41.1866000 -112.0149990 4457.00 359.000
KOGM/17 46.8501015 -89.3691025 639.00 163.000
KOGM/35 46.8409004 -89.3650971 665.00 343.000
KOGS/09 44.6800995 -75.4751968 286.00 76.000
KOGS/27 44.6836014 -75.4558029 297.00 256.000
KOIC/01 42.5601006 -75.5244980 1010.00 2.600
KOIC/19 42.5730019 -75.5236969 1023.00 182.600
KOIN/12 39.8361015 -100.5429993 2683.00 135.000
KOIN/30 39.8305016 -100.5360031 2651.00 315.000
KOIN/17 39.8400993 -100.5400009 2703.00 180.500
KOIN/35 39.8297005 -100.5400009 2668.00 0.500
KOJA/17 35.5509000 -98.6685030 1601.00 180.000
KOJA/35 35.5387990 -98.6685030 1598.00 0.000
KOJC/18 38.8531990 -94.7376022 1096.00 180.100
KOJC/36 38.8419990 -94.7376022 1050.00 0.100
KOKB/07 33.2173350 -117.3559010 25.00 74.000
KOKB/25 33.2186390 -117.3471620 28.00 254.000
KOKC/13 35.4045982 -97.6158981 1279.00 135.100
KOKC/31 35.3894005 -97.5973969 1286.00 315.100
KOKC/17L 35.4052010 -97.5888977 1286.00 180.000
KOKC/35R 35.3782005 -97.5888977 1283.00 0.000
KOKC/17R 35.4058991 -97.6056976 1282.00 180.000
KOKC/35L 35.3790016 -97.6056976 1263.00 0.000
KOKC/18 35.3935013 -97.6076965 1275.00 180.000
KOKC/36 35.3853989 -97.6076965 1271.00 0.000
KOKH/07 48.2514992 -122.6779090 148.09 90.000
KOKH/25 48.2514992 -122.6669998 192.00 270.000
KOKK/05 40.5225983 -86.0672989 830.00 44.800
KOKK/23 40.5326996 -86.0541000 819.00 224.800
KOKK/14 40.5326996 -86.0618973 826.00 135.300
KOKK/32 40.5248985 -86.0516968 824.00 315.300
KOKM/18 35.6752014 -95.9487000 720.00 179.000
KOKM/36 35.6610985 -95.9485016 685.00 359.000
KOKS/12 41.4063988 -102.3629990 3394.00 133.600
KOKS/30 41.3974991 -102.3499985 3381.00 313.600
KOKV/14 39.1487999 -78.1513977 726.00 133.800
KOKV/32 39.1383018 -78.1373978 701.00 313.800
KOKZ/13 32.9702000 -82.8452000 407.00 120.000
KOKZ/31 32.9632000 -82.8311000 436.00 300.000
KOLD/04 44.9477997 -68.6756973 126.00 22.000
KOLD/22 44.9558983 -68.6709976 119.00 202.000
KOLD/12 44.9537010 -68.6828003 125.00 97.000
KOLD/30 44.9524002 -68.6673966 119.00 277.000
KOLE/04 42.2349317 -78.3761008 2130.65 32.000
KOLE/22 42.2454343 -78.3672900 2114.71 212.000
KOLE/16 42.2457008 -78.3729019 2135.00 148.000
KOLE/34 42.2407989 -78.3686981 2114.00 328.000
KOLF/11 48.0979996 -105.5839996 1984.00 120.000
KOLF/29 48.0909996 -105.5660019 1983.00 300.000
KOLG/01 46.3105011 -91.8171997 1101.00 7.700
KOLG/19 46.3190002 -91.8155975 1100.00 187.700
KOLM/08 46.9686012 -122.8919983 206.00 104.000
KOLM/26 46.9659004 -122.8759995 204.00 284.000
KOLM/17 46.9763985 -122.9020004 196.00 191.000
KOLM/35 46.9616013 -122.9069977 203.00 11.000
KOLS/04 31.4109000 -110.8560030 3836.00 46.000
KOLS/22 31.4227672 -110.8420987 3912.00 226.000
KOLU/02 41.4427986 -97.3403015 1440.00 29.800
KOLU/20 41.4527016 -97.3327026 1439.00 209.800
KOLU/14 41.4574013 -97.3498993 1447.00 150.000
KOLU/32 41.4412994 -97.3374023 1442.00 330.000
KOLV/18 34.9869995 -89.7869034 401.00 180.000
KOLV/36 34.9705009 -89.7867966 394.00 0.000
KOLY/04 38.7165990 -88.1788020 465.00 36.000
KOLY/22 38.7246020 -88.1714020 472.00 216.000
KOLY/11 38.7246017 -88.1845017 482.00 107.200
KOLY/29 38.7212982 -88.1707001 469.00 287.200
KOLZ/13 42.6841011 -91.9800034 1076.00 135.000
KOLZ/31 42.6763992 -91.9693985 1059.00 315.000
KOMA/14L 41.3134995 -95.9003983 982.00 144.400
KOMA/32R 41.2946014 -95.8824005 981.00 324.400
KOMA/14R 41.3138008 -95.9060974 983.00 144.400
KOMA/32L 41.2925987 -95.8859024 980.00 324.400
KOMA/18 41.3130165 -95.8945007 980.95 180.000
KOMA/36 41.2910004 -95.8945999 978.00 0.000
KOMH/08 38.2453995 -78.0506973 445.00 66.000
KOMH/26 38.2490005 -78.0404968 464.00 246.000
KOMK/17 48.4706993 -119.5169983 1305.00 189.000
KOMK/35 48.4580994 -119.5199966 1298.00 9.000
KOMN/09 29.3008000 -81.1202010 29.00 79.000
KOMN/27 29.3029000 -81.1079030 21.00 259.000
KOMN/17 29.3052998 -81.1147003 25.00 168.000
KOMN/35 29.2954006 -81.1122971 27.00 348.000
KONA/12 44.0828018 -91.7193985 655.00 120.000
KONA/30 44.0758018 -91.7022018 655.00 300.000
KONL/04 42.4658012 -98.6901016 2030.00 42.800
KONL/22 42.4719009 -98.6824036 2027.00 222.800
KONL/13 42.4744988 -98.6933975 2031.00 138.900
KONL/31 42.4653015 -98.6827011 2031.00 318.900
KONM/06 34.0215988 -106.9140015 4875.00 74.000
KONM/24 34.0251999 -106.9000015 4785.00 254.000
KONM/15 34.0289124 -106.9028312 4797.26 164.000
KONM/33 34.0139999 -106.8970032 4744.00 344.000
KONO/15 44.0251370 -117.0156984 2192.82 159.000
KONO/33 44.0147020 -117.0110020 2189.00 339.000
KONP/02 44.5787010 -124.0599976 130.00 37.000
KONP/20 44.5853004 -124.0530014 160.00 217.000
KONP/16 44.5867996 -124.0589981 151.00 177.000
KONP/34 44.5721016 -124.0579987 155.00 357.000
KONT/08L 34.0569000 -117.6196991 941.94 90.000
KONT/26R 34.0569000 -117.5830002 930.00 270.000
KONT/08R 34.0550003 -117.6159973 935.00 90.000
KONT/26L 34.0550003 -117.5830002 924.00 270.000
KONX/05 36.3944020 -76.0202030 13.00 35.000
KONX/23 36.4034000 -76.0123980 16.00 215.000
KONY/04 33.3483009 -98.8245010 1264.00 45.300
KONY/22 33.3581009 -98.8126984 1269.00 225.300
KONY/13 33.3535004 -98.8245010 1271.00 135.300
KONY/31 33.3436012 -98.8127975 1243.00 315.300
KONY/17 33.3578987 -98.8201981 1275.00 180.300
KONY/35 33.3438988 -98.8202972 1261.00 0.300
KONZ/04 42.0944578 -83.1615755 580.10 30.000
KONZ/22 42.1037852 -83.1541872 589.94 210.000
KONZ/17 42.1031967 -83.1667364 580.69 167.000
KONZ/35 42.0932007 -83.1635971 579.00 347.000
KOOA/04 41.2267990 -92.4963989 837.00 44.000
KOOA/22 41.2305985 -92.4915008 840.00 224.000
KOOA/13 41.2286987 -92.4990006 837.00 135.000
KOOA/31 41.2210007 -92.4886017 835.00 315.000
KOPF/09L 25.9125996 -80.2886963 7.00 87.000
KOPF/27R 25.9137993 -80.2643967 8.00 267.000
KOPF/09R 25.8990002 -80.2852020 6.00 87.000
KOPF/27L 25.8997002 -80.2721024 6.00 267.000
KOPF/12 25.9094386 -80.2867356 8.00 122.000
KOPF/30 25.9006996 -80.2712021 8.00 302.000
KOPL/06 30.5531006 -92.1056976 70.00 60.000
KOPL/24 30.5585995 -92.0944977 75.00 240.000
KOPL/18 30.5675896 -92.0988998 71.00 180.000
KOPL/36 30.5519009 -92.0988998 71.00 0.000
KOPN/12 32.9581985 -84.2714005 796.00 118.000
KOPN/30 32.9509010 -84.2548981 796.00 298.000
KOQN/09 39.9891785 -75.5872641 459.11 77.000
KOQN/27 39.9910453 -75.5769747 461.78 257.000
KOQU/05 41.5886002 -71.4132004 12.00 34.000
KOQU/23 41.5975990 -71.4048996 10.00 214.000
KOQU/16 41.6077004 -71.4216995 19.00 145.000
KOQU/34 41.5909004 -71.4058991 10.00 325.000
KOQW/15 42.0541992 -90.7414017 769.00 154.700
KOQW/33 42.0460014 -90.7361984 738.00 334.700
KORB/13 48.0200005 -92.8615036 1309.00 138.000
KORB/31 48.0117989 -92.8506012 1308.00 318.000
KORD/04L 41.9817009 -87.9139023 656.00 39.000
KORD/22R 41.9975014 -87.8964005 648.00 219.000
KORD/04R 41.9533005 -87.8993988 661.00 42.000
KORD/22L 41.9698982 -87.8797989 651.00 222.000
KORD/09L 42.0028305 -87.9266739 668.00 90.000
KORD/27R 42.0028305 -87.8990860 664.00 270.000
KORD/09R 41.9838982 -87.9183502 660.00 90.000
KORD/27L 41.9838982 -87.8890533 650.00 270.000
KORD/10C 41.9656982 -87.9315033 669.00 90.000
KORD/28C 41.9656982 -87.8917999 650.00 270.000
KORD/10L 41.9690018 -87.9315033 672.00 90.000
KORD/28R 41.9691010 -87.8836975 651.00 270.000
KORD/10R 41.9571991 -87.9279022 680.00 90.000
KORD/28L 41.9572449 -87.9002914 658.00 270.000
KORE/01 42.5614733 -72.2902920 551.72 1.000
KORE/19 42.5750008 -72.2901001 538.00 181.000
KORE/14 42.5735636 -72.2894096 538.92 127.000
KORE/32 42.5680008 -72.2796020 550.00 307.000
KORF/05 36.8880586 -76.2061877 20.33 38.000
KORF/23 36.9053993 -76.1893997 15.00 218.000
KORF/14 36.8964415 -76.2116210 19.13 128.000
KORF/32 36.8885994 -76.1989975 22.00 308.000
KORG/04 30.0646990 -93.8056030 9.00 42.000
KORG/22 30.0737000 -93.7962040 12.00 222.000
KORH/11 42.2672996 -71.8908005 981.00 93.900
KORH/29 42.2659988 -71.8649979 988.00 273.900
KORH/15 42.2728004 -71.8787003 1005.00 138.000
KORH/33 42.2626991 -71.8662033 997.00 318.000
KORK/05 34.8301741 -92.2562672 536.40 55.000
KORK/23 34.8363991 -92.2453003 518.00 235.000
KORK/17 34.8382988 -92.2574005 544.00 179.700
KORK/35 34.8314716 -92.2574093 541.50 359.700
KORL/07 28.5431222 -81.3384404 105.25 67.000
KORL/25 28.5494003 -81.3220978 110.00 247.000
KORL/13 28.5487995 -81.3413010 104.00 130.800
KORL/31 28.5405006 -81.3303986 109.00 310.800
KOSA/17 33.1022987 -94.9626999 363.00 172.000
KOSA/35 33.0886993 -94.9604034 341.00 352.000
KOSC/25 44.4600983 -83.3748016 622.00 238.000
KOSH/05 43.9866980 -88.5582960 790.00 45.000
KOSH/23 43.9933010 -88.5491030 775.00 225.000
KOSH/09 43.9916000 -88.5720980 797.00 91.000
KOSH/27 43.9915010 -88.5486980 775.00 271.000
KOSH/13 43.9911995 -88.5597000 781.00 129.400
KOSH/31 43.9859009 -88.5506973 781.00 309.400
KOSH/18 43.9858017 -88.5563965 789.00 180.500
KOSH/36 43.9637985 -88.5567017 808.00 0.500
KOSU/05 40.0763016 -83.0783997 903.00 48.700
KOSU/23 40.0826988 -83.0689011 892.00 228.700
KOSU/09L 40.0826988 -83.0789032 904.00 87.100
KOSU/27R 40.0830994 -83.0681992 891.00 267.100
KOSU/09R 40.0770988 -83.0815964 901.00 87.100
KOSU/27L 40.0778999 -83.0636978 889.00 267.100
KOSX/14 33.0952988 -89.5475006 480.00 137.000
KOSX/32 33.0852013 -89.5364990 470.00 317.000
KOTG/11 43.6576004 -95.5854034 1574.00 115.000
KOTG/29 43.6512985 -95.5664978 1565.00 295.000
KOTG/17 43.6615982 -95.5835037 1568.00 180.000
KOTG/35 43.6501007 -95.5835037 1574.00 0.000
KOTH/05 43.4146996 -124.2610016 16.00 61.000
KOTH/23 43.4219017 -124.2429962 13.00 241.000
KOTH/13 43.4197998 -124.2460022 13.00 150.000
KOTH/31 43.4093018 -124.2379990 17.00 330.000
KOTM/04 41.1030998 -92.4542007 841.00 45.000
KOTM/22 41.1132011 -92.4409027 836.00 225.000
KOTM/13 41.1110001 -92.4558029 840.00 135.000
KOTM/31 41.0994988 -92.4406967 838.00 315.000
KOUN/03 35.2361984 -97.4757996 1175.00 36.100
KOUN/21 35.2467003 -97.4664001 1179.00 216.100
KOUN/17 35.2564011 -97.4730988 1181.00 179.700
KOUN/35 35.2421989 -97.4729996 1177.00 359.700
KOVE/02 39.4788020 -121.6320040 181.00 33.000
KOVE/20 39.4926990 -121.6200030 185.00 213.000
KOVE/13 39.4952010 -121.6190030 193.00 144.000
KOVE/31 39.4874000 -121.6110000 177.00 324.000
KOVL/11 44.7807999 -95.0386963 1071.00 118.000
KOVL/29 44.7762985 -95.0268021 1076.00 298.000
KOVO/05 39.0402985 -85.6104965 758.00 47.700
KOVO/23 39.0494995 -85.5975037 756.00 227.700
KOVO/15 39.0494003 -85.6108017 752.00 152.800
KOVO/33 39.0428009 -85.6063995 757.00 332.800
KOVS/02 43.1529007 -90.6809006 672.00 17.000
KOVS/20 43.1624985 -90.6769028 672.00 197.000
KOVS/07 43.1604004 -90.6790009 672.00 67.100
KOVS/25 43.1656990 -90.6617966 672.00 247.100
KOWA/12 44.1276016 -93.2693024 1106.00 124.000
KOWA/30 44.1207344 -93.2550653 1137.91 304.000
KOWB/06 37.7360000 -87.1729970 405.00 52.000
KOWB/24 37.7444990 -87.1594010 403.00 232.000
KOWB/18 37.7489010 -87.1678010 407.00 178.000
KOWB/36 37.7310980 -87.1669010 401.00 358.000
KOWD/10 42.1921477 -71.1748462 47.51 89.000
KOWD/28 42.1922989 -71.1638031 46.00 269.000
KOWD/17 42.1938020 -71.1779020 49.00 155.000
KOWD/35 42.1838000 -71.1716000 49.00 335.000
KOWI/13 38.5396996 -95.2568970 958.00 131.300
KOWI/31 38.5363007 -95.2518997 961.00 311.300
KOWI/17 38.5456009 -95.2520981 966.00 179.800
KOWI/35 38.5332985 -95.2520981 964.00 359.800
KOWK/03 44.7089005 -69.8687973 265.00 9.300
KOWK/21 44.7196999 -69.8662033 266.00 189.300
KOWK/15 44.7201996 -69.8713989 263.00 129.300
KOWK/33 44.7131996 -69.8594971 257.00 309.300
KOWP/17 36.1832008 -96.1526032 883.00 176.000
KOWP/35 36.1673012 -96.1510010 889.00 356.000
KOWX/09 41.0354996 -83.9900971 754.00 90.000
KOWX/27 41.0355987 -83.9739990 763.00 270.000
KOXB/02 38.3064995 -75.1277008 9.00 10.000
KOXB/20 38.3151016 -75.1258011 11.00 190.000
KOXB/14 38.3139992 -75.1269989 11.00 133.000
KOXB/32 38.3064003 -75.1166000 11.00 313.000
KOXC/18 41.4852870 -73.1367301 722.98 171.000
KOXC/36 41.4717555 -73.1337853 689.36 351.000
KOXD/05 39.4989158 -84.7888074 1040.53 46.000
KOXD/23 39.5060997 -84.7792969 1034.00 226.000
KOXI/09 41.3298990 -86.6728384 681.19 90.000
KOXI/27 41.3298990 -86.6626970 683.00 270.000
KOXI/18 41.3363990 -86.6622010 683.00 180.000
KOXI/36 41.3244020 -86.6622010 683.00 0.000
KOXR/07 34.2008910 -119.2171020 34.00 91.000
KOXR/25 34.2007655 -119.1989002 40.47 271.000
KOXV/15 41.3041000 -93.1166992 924.00 156.000
KOXV/33 41.2941017 -93.1108017 928.00 336.000
KOYM/10 41.4124985 -78.5104980 1902.00 90.000
KOYM/28 41.4124985 -78.4947968 1934.00 270.000
KOZA/16 30.7432995 -101.2040024 2377.00 167.700
KOZA/34 30.7271004 -101.1999969 2355.00 347.700
KOZR/06 31.2705994 -85.7203980 296.00 61.000
KOZR/24 31.2766991 -85.7077026 295.00 241.000
KOZR/18 31.2845993 -85.7126007 301.00 181.000
KOZR/36 31.2707996 -85.7128982 296.00 1.000
KOZW/13 42.6335983 -83.9896011 962.00 127.400
KOZW/31 42.6253014 -83.9748001 943.00 307.400
KP01/30 32.4460983 -112.8629990 1458.00 317.900
KP04/02 31.3614006 -109.8830032 4740.00 31.200
KP04/20 31.3680992 -109.8779984 4752.00 211.200
KP04/17 31.3719006 -109.8820038 4780.00 183.300
KP04/35 31.3556004 -109.8830032 4724.00 3.300
KP08/05 32.9336699 -111.4348562 1548.23 60.000
KP08/23 32.9412003 -111.4199982 1574.00 240.000
KP08/17 32.9393005 -111.4250031 1565.00 180.000
KP08/35 32.9286995 -111.4250031 1573.00 0.000
KP10/04 35.7888985 -110.4300003 5573.00 54.900
KP10/22 35.7956009 -110.4179993 5560.00 234.900
KP13/09 33.3549995 -110.6780014 3261.00 101.800
KP13/27 33.3512993 -110.6569977 3181.00 281.800
KP14/03 34.9363897 -110.1432916 5237.34 39.600
KP14/21 34.9487991 -110.1309967 5262.00 219.600
KP19/17 33.3037063 -111.9150021 1176.80 180.100
KP19/35 33.2935982 -111.9150009 1173.00 0.100
KP20/01 34.1446991 -114.2750015 448.00 26.200
KP20/19 34.1565018 -114.2679977 451.00 206.200
KP23/04 35.3311005 -112.8939972 5237.00 53.000
KP29/06 31.6683006 -110.0299988 4743.00 67.200
KP29/24 31.6732998 -110.0159988 4730.00 247.200
KP33/21 32.2513010 -109.8880000 4185.00 225.000
KP52/14 34.7352982 -112.0380020 3520.00 156.500
KP52/32 34.7247009 -112.0329971 3550.00 336.500
KPAE/16L 47.9064290 -122.2717080 597.00 180.000
KPAE/34R 47.8981970 -122.2716190 596.00 0.000
KPAE/16R 47.9213430 -122.2858740 558.00 179.000
KPAE/34L 47.8966430 -122.2853240 579.00 359.000
KPAH/04 37.0535011 -88.7815018 410.00 44.000
KPAH/22 37.0663986 -88.7660980 381.00 224.000
KPAH/14 37.0663986 -88.7780991 392.00 139.000
KPAH/32 37.0550003 -88.7658997 402.00 319.000
KPAM/14L 30.0800000 -85.5843960 14.00 134.000
KPAM/32R 30.0608010 -85.5617980 14.00 314.000
KPAM/14R 30.0774000 -85.5882030 13.00 134.000
KPAM/32L 30.0597990 -85.5675960 16.00 314.000
KPAN/06 34.2504005 -111.3649979 5139.00 72.300
KPAN/24 34.2550011 -111.3479996 5157.00 252.300
KPAO/13 37.4637985 -122.1179962 6.00 142.000
KPAO/31 37.4584999 -122.1119995 6.00 322.000
KPBF/18 34.1828003 -91.9356003 204.00 179.800
KPBF/36 34.1663017 -91.9356003 199.00 359.800
KPBG/17 44.6657982 -73.4767990 234.00 158.000
KPBG/35 44.6360016 -73.4595032 159.00 338.000
KPBH/01 45.7048988 -90.4033966 1465.00 8.000
KPBH/19 45.7184982 -90.4010010 1497.00 188.000
KPBH/06 45.7027016 -90.4095001 1465.00 59.000
KPBH/24 45.7083015 -90.3963013 1471.00 239.000
KPBI/10L 26.6830286 -80.1047221 18.64 93.000
KPBI/28R 26.6819000 -80.0777969 16.00 273.000
KPBI/10R 26.6812000 -80.1063003 17.00 93.000
KPBI/28L 26.6807995 -80.0964966 14.00 273.000
KPBI/14 26.6917992 -80.1039963 17.00 135.000
KPBI/32 26.6783009 -80.0891037 16.00 315.000
KPBX/02 37.5586014 -82.5625992 1473.00 16.000
KPBX/20 37.5681000 -82.5591965 1457.00 196.000
KPBX/09 37.5603992 -82.5780963 1451.91 84.000
KPBX/27 37.5619011 -82.5608978 1465.00 264.000
KPCM/10 28.0005626 -82.1687837 152.54 94.000
KPCM/28 27.9997997 -82.1572037 144.00 274.000
KPCW/09 41.5163002 -82.8794022 589.00 83.000
KPCW/27 41.5180016 -82.8611984 588.00 263.000
KPCW/18 41.5206985 -82.8669968 586.00 178.000
KPCW/36 41.5097008 -82.8664017 589.00 358.000
KPCZ/10 44.3334007 -89.0328979 840.00 93.000
KPCZ/28 44.3325005 -89.0130997 805.00 273.000
KPCZ/13 44.3367004 -89.0216980 827.00 123.000
KPCZ/31 44.3306999 -89.0093002 803.00 303.000
KPDC/11 43.0237007 -91.1315994 651.00 110.000
KPDC/29 43.0199013 -91.1175995 659.00 290.000
KPDC/14 43.0224991 -91.1289978 651.00 139.000
KPDC/32 43.0120010 -91.1169968 650.00 319.000
KPDK/16 33.8827019 -84.3054962 998.00 157.400
KPDK/34 33.8726006 -84.3004990 991.00 337.400
KPDK/21R 33.8786011 -84.3013000 977.00 200.500
KPDK/21L 33.8814424 -84.2982783 985.16 201.000
KPDT/08 45.6953010 -118.8529970 1486.00 90.000
KPDT/26 45.6954000 -118.8290020 1487.00 270.000
KPDT/11 45.6987991 -118.8539963 1487.00 128.000
KPDT/29 45.6893997 -118.8369980 1494.00 308.000
KPDX/10L 45.5948226 -122.5956421 29.00 119.000
KPDX/28R 45.5841456 -122.5682938 29.00 299.000
KPDX/10R 45.5951550 -122.6215100 22.00 119.000
KPDX/28L 45.5805150 -122.5839010 23.00 299.000
KPDX/21 45.5940640 -122.6002550 27.00 225.000
KPEA/16 41.4079695 -92.9478344 880.63 167.000
KPEA/34 41.3940010 -92.9437030 871.00 347.000
KPEO/01 42.6259003 -77.0515976 990.00 357.000
KPEO/19 42.6408997 -77.0526962 916.00 177.000
KPEO/10 42.6427002 -77.0592550 901.90 90.000
KPEO/28 42.6428986 -77.0488324 901.11 270.000
KPEQ/09 31.3817997 -103.5189972 2613.00 101.200
KPEQ/27 31.3787003 -103.5009995 2598.00 281.200
KPEQ/14 31.3915005 -103.5169983 2608.00 146.200
KPEQ/32 31.3773003 -103.5059967 2601.00 326.200
KPEZ/16 28.9584424 -98.5214302 425.18 163.100
KPEZ/34 28.9489002 -98.5182037 400.00 343.100
KPGA/07 36.9294263 -111.4520062 4243.34 81.900
KPGA/25 36.9300003 -111.4459991 4247.00 261.900
KPGA/15 36.9328003 -111.4499969 4245.00 170.100
KPGA/33 36.9166985 -111.4459991 4316.00 350.100
KPGD/04 26.9113998 -81.9914017 23.00 29.000
KPGD/22 26.9274998 -81.9813995 26.00 209.000
KPGD/09 26.9235001 -81.9990997 20.00 89.000
KPGD/27 26.9237003 -81.9835968 25.00 269.000
KPGD/15 26.9235992 -81.9990997 18.00 149.000
KPGD/33 26.9123993 -81.9916992 25.00 329.000
KPGR/04 36.0595534 -90.5120785 288.56 46.000
KPGR/22 36.0669426 -90.5026258 285.12 226.000
KPGR/08 36.0654983 -90.5161972 289.00 91.000
KPGR/26 36.0653000 -90.5067978 289.00 271.000
KPGV/02 35.6259003 -77.3858032 22.00 7.600
KPGV/20 35.6436005 -77.3828964 27.00 187.600
KPGV/08 35.6330986 -77.3916016 25.00 66.700
KPGV/26 35.6385002 -77.3761978 25.00 246.700
KPHD/12 40.4695010 -81.4240040 890.00 109.000
KPHD/30 40.4678000 -81.4168010 886.00 289.000
KPHD/15 40.4743360 -81.4236435 893.35 139.000
KPHD/33 40.4668010 -81.4151000 886.00 319.000
KPHF/02 37.1244011 -76.4993973 37.00 12.800
KPHF/20 37.1418991 -76.4944992 43.00 192.800
KPHF/07 37.1250000 -76.5014038 37.00 57.800
KPHF/25 37.1366997 -76.4782028 39.00 237.800
KPHG/03 39.7345010 -99.3216020 1892.00 36.000
KPHG/21 39.7405010 -99.3158040 1899.00 216.000
KPHG/13 39.7397003 -99.3209992 1907.00 142.700
KPHG/31 39.7299004 -99.3113022 1885.00 322.700
KPHH/18 33.4557991 -79.5268021 17.00 172.300
KPHH/36 33.4476013 -79.5254974 26.00 352.300
KPHK/17 26.7904283 -80.6940673 16.00 174.000
KPHK/35 26.7795362 -80.6926125 16.00 354.000
KPHL/08 39.8782997 -75.2300034 9.00 75.600
KPHL/26 39.8818016 -75.2127991 36.00 255.600
KPHL/09L 39.8686981 -75.2556992 13.00 75.500
KPHL/27R 39.8751984 -75.2229004 11.00 255.500
KPHL/09R 39.8608020 -75.2752000 20.00 76.000
KPHL/27L 39.8680000 -75.2389980 9.00 256.000
KPHL/17 39.8860016 -75.2352982 9.00 159.100
KPHL/35 39.8720017 -75.2283020 9.00 339.100
KPHN/04 42.9045982 -82.5353012 640.00 36.100
KPHN/22 42.9159012 -82.5241013 649.00 216.100
KPHN/10 42.9123001 -82.5352020 644.00 94.700
KPHN/28 42.9113998 -82.5203018 650.00 274.700
KPHP/05 44.0471992 -101.6039963 2201.00 63.200
KPHP/23 44.0517006 -101.5920029 2198.00 243.200
KPHP/12 44.0513001 -101.6060028 2207.00 128.200
KPHP/30 44.0444984 -101.5940018 2192.00 308.200
KPHT/20 36.3424990 -88.3820040 568.00 196.000
KPHX/07L 33.4310989 -112.0270004 1110.00 90.000
KPHX/25R 33.4309998 -111.9929962 1134.00 270.000
KPHX/07R 33.4289017 -112.0270004 1111.00 90.000
KPHX/25L 33.4287987 -112.0019989 1126.00 270.000
KPHX/08 33.4408946 -112.0270489 1114.72 90.100
KPHX/26 33.4407997 -111.9919968 1135.00 270.100
KPIA/04 40.6539993 -89.6947021 643.00 38.500
KPIA/22 40.6711998 -89.6766968 656.00 218.500
KPIA/13 40.6728736 -89.7124545 632.54 127.000
KPIA/31 40.6571999 -89.6846008 643.00 307.000
KPIB/18 31.4761009 -89.3370972 298.00 180.000
KPIB/36 31.4582004 -89.3369980 294.00 0.000
KPIE/04 27.9008010 -82.6883010 10.00 40.000
KPIE/22 27.9125000 -82.6774980 5.00 220.000
KPIH/03 42.9016991 -112.6009979 4442.00 45.000
KPIH/21 42.9193001 -112.5770035 4448.00 225.000
KPIH/17 42.9187012 -112.6050034 4447.00 180.000
KPIH/35 42.8991013 -112.6050034 4442.00 0.000
KPIL/03 26.1620007 -97.3550034 13.00 34.800
KPIL/21 26.1732998 -97.3462982 12.00 214.800
KPIL/08 26.1636009 -97.3541031 13.00 89.900
KPIL/26 26.1636009 -97.3378982 18.00 269.900
KPIL/13 26.1730003 -97.3498993 14.00 134.800
KPIL/31 26.1574993 -97.3326034 19.00 314.800
KPIL/17 26.1753998 -97.3489990 13.00 179.800
KPIL/35 26.1639004 -97.3488998 18.00 359.800
KPIM/09 32.8404999 -84.8906021 902.00 88.400
KPIM/27 32.8409004 -84.8742981 900.00 268.400
KPIR/07 44.3857002 -100.2990036 1742.00 77.200
KPIR/25 44.3899002 -100.2740021 1700.00 257.200
KPIR/13 44.3848991 -100.2939987 1729.00 141.000
KPIR/31 44.3703003 -100.2770004 1716.00 321.000
KPIT/10C 40.4898987 -80.2462997 1139.00 92.000
KPIT/28C 40.4889984 -80.2114029 1134.00 272.000
KPIT/10L 40.5023003 -80.2712021 1204.00 91.900
KPIT/28R 40.5014000 -80.2333984 1175.00 271.900
KPIT/10R 40.4866982 -80.2518997 1135.00 92.000
KPIT/28L 40.4855995 -80.2106018 1123.00 272.000
KPIT/14 40.4959984 -80.2248993 1148.00 136.400
KPIT/32 40.4799004 -80.2048035 1114.00 316.400
KPJC/17 40.8070984 -80.1625977 895.00 165.400
KPJC/35 40.7961998 -80.1588974 901.00 345.400
KPJY/18 37.9833984 -89.3602982 400.00 181.300
KPJY/36 37.9724007 -89.3606033 394.00 1.300
KPKB/03 39.3377991 -81.4433975 806.00 22.000
KPKB/21 39.3550987 -81.4344025 858.00 202.000
KPKB/10 39.3432999 -81.4467011 831.00 95.000
KPKB/28 39.3423004 -81.4326019 838.00 275.000
KPKD/13 46.9067001 -95.0811005 1443.00 135.000
KPKD/31 46.8959999 -95.0655975 1442.00 315.000
KPKD/18 46.9034000 -95.0727010 1440.00 180.000
KPKD/36 46.8951000 -95.0727010 1442.00 0.000
KPKF/18 45.9594002 -90.4244003 1493.00 180.000
KPKF/36 45.9505997 -90.4242020 1500.00 0.000
KPKV/14 28.6595993 -96.6858978 30.00 144.400
KPKV/32 28.6483994 -96.6768036 29.00 324.400
KPLD/09 40.4514008 -84.9962006 913.00 89.000
KPLD/27 40.4516983 -84.9817963 925.00 269.000
KPLK/12 36.6282475 -93.2340574 937.79 119.000
KPLK/30 36.6234020 -93.2232970 931.00 299.000
KPLN/05 45.5674019 -84.8028030 710.00 44.700
KPLN/23 45.5778999 -84.7879028 720.00 224.700
KPLN/14 45.5758018 -84.8069000 718.00 134.700
KPLN/32 45.5632019 -84.7888031 707.00 314.700
KPLR/03 33.5525017 -86.2520981 483.00 22.000
KPLR/21 33.5652008 -86.2459030 482.00 202.000
KPLU/17 47.1088982 -122.2870026 538.00 180.000
KPMB/15 48.9474983 -97.2433014 792.00 161.100
KPMB/33 48.9375992 -97.2381973 795.00 341.100
KPMD/04 34.6169014 -118.0920029 2543.00 51.700
KPMD/22 34.6372986 -118.0599976 2491.00 231.700
KPMD/07 34.6306000 -118.1129990 2540.00 86.200
KPMD/25 34.6328011 -118.0729980 2499.00 266.200
KPMH/18 38.8473015 -82.8476028 660.00 177.800
KPMH/36 38.8335991 -82.8470001 655.00 357.800
KPMP/06 26.2439995 -80.1165009 19.00 53.000
KPMP/24 26.2506008 -80.1067963 14.00 233.000
KPMP/10 26.2458992 -80.1166000 18.00 98.000
KPMP/28 26.2446995 -80.1060028 12.00 278.000
KPMP/15 26.2533000 -80.1144030 17.00 143.000
KPMP/33 26.2436010 -80.1062010 13.00 323.000
KPMU/01 34.3584088 -89.8938882 220.76 12.000
KPMU/19 34.3702011 -89.8908997 219.00 192.000
KPMV/16 40.9557000 -95.9195020 1188.00 167.000
KPMV/34 40.9448010 -95.9162980 1201.00 347.000
KPMZ/03 35.8036003 -76.7611008 37.00 17.400
KPMZ/21 35.8133011 -76.7574005 35.00 197.400
KPNA/11 42.8013001 -109.8190002 7086.00 122.800
KPNA/29 42.7906990 -109.7969971 7065.00 302.800
KPNC/17 36.7417984 -97.0998993 998.00 180.000
KPNC/35 36.7220993 -97.0997009 1005.00 0.000
KPNE/06 40.0774994 -75.0203018 111.00 48.300
KPNE/24 40.0903015 -75.0015030 114.00 228.300
KPNE/15 40.0844994 -75.0158005 121.00 140.800
KPNE/33 40.0738983 -75.0045013 109.00 320.800
KPNM/16 45.5648000 -93.6110990 979.00 158.000
KPNM/34 45.5549010 -93.6053010 979.00 338.000
KPNN/15 45.2041016 -67.5734024 262.00 132.300
KPNN/33 45.1967011 -67.5619965 235.00 312.300
KPNS/08 30.4713001 -87.1959000 97.00 78.000
KPNS/26 30.4752998 -87.1742020 114.00 258.000
KPNS/17 30.4829006 -87.1906967 121.00 167.000
KPNS/35 30.4640999 -87.1856995 103.00 347.000
KPNT/06 40.9208984 -88.6316986 649.00 59.000
KPNT/24 40.9278984 -88.6160965 666.00 239.000
KPOB/05 35.1632004 -79.0227966 217.00 41.400
KPOB/23 35.1786003 -79.0062027 190.00 221.400
KPOC/08L 34.0923996 -117.7870026 976.00 93.200
KPOC/26R 34.0918007 -117.7750015 1011.00 273.200
KPOC/08R 34.0917015 -117.7900009 963.00 93.200
KPOC/26L 34.0909996 -117.7750015 1002.00 273.200
KPOE/15 31.0495913 -93.1935915 326.55 160.500
KPOE/33 31.0394993 -93.1893997 278.00 340.500
KPOF/18 36.7807999 -90.3246002 329.00 181.400
KPOF/36 36.7679234 -90.3250787 328.06 1.400
KPOH/12 42.7457010 -94.6546020 1224.00 121.000
KPOH/30 42.7397990 -94.6415020 1221.00 301.000
KPOU/06 41.6218987 -73.8919983 146.00 50.700
KPOU/24 41.6304038 -73.8781207 154.80 230.700
KPOU/15 41.6301994 -73.8852005 165.00 139.000
KPOU/33 41.6245995 -73.8785019 165.00 319.000
KPOV/09 41.2098007 -81.2580032 1194.00 85.000
KPOV/27 41.2106018 -81.2453003 1192.00 265.000
KPOY/03 44.8618011 -108.7990036 5092.00 44.000
KPOY/21 44.8661003 -108.7929993 5062.00 224.000
KPOY/13 44.8759995 -108.7990036 4994.00 145.000
KPOY/31 44.8620987 -108.7850037 5092.00 325.000
KPOY/16 44.8684006 -108.7939987 5010.00 180.000
KPOY/34 44.8619003 -108.7939987 5055.00 0.000
KPPA/05 35.6132011 -101.0059967 3243.00 60.000
KPPA/23 35.6194000 -100.9929962 3238.00 240.000
KPPA/17 35.6184998 -100.9940033 3238.00 180.000
KPPA/35 35.6024017 -100.9940033 3240.00 0.000
KPPF/17 37.3376999 -95.5062027 899.00 180.000
KPPF/35 37.3221016 -95.5061035 865.00 0.000
KPPO/02 41.5654984 -86.7376022 801.00 20.000
KPPO/20 41.5783997 -86.7313995 812.00 200.000
KPPO/14 41.5756194 -86.7376702 809.28 134.000
KPPO/32 41.5707016 -86.7309036 800.00 314.000
KPPQ/13 39.6427994 -90.7835999 710.00 135.000
KPPQ/31 39.6349983 -90.7734985 695.00 315.000
KPQI/01 46.6811981 -68.0456009 454.00 346.400
KPQI/19 46.7010002 -68.0529022 534.00 166.400
KPQI/10 46.6842990 -68.0507970 473.00 76.000
KPQI/28 46.6884000 -68.0277020 473.00 256.000
KPQL/17 30.4715004 -88.5317001 16.00 166.000
KPQL/35 30.4540997 -88.5267029 17.00 346.000
KPQN/09 43.9846001 -96.3057022 1723.00 97.000
KPQN/27 43.9836998 -96.2960968 1736.00 277.000
KPQN/18 43.9869003 -96.2995987 1734.00 184.000
KPQN/36 43.9751015 -96.3005981 1729.00 4.000
KPRB/01 35.6660995 -120.6360016 812.00 28.500
KPRB/19 35.6805992 -120.6259995 801.00 208.500
KPRB/13 35.6775017 -120.6269989 807.00 143.800
KPRB/31 35.6670990 -120.6179962 836.00 323.800
KPRC/03L 34.6581719 -112.4182145 4964.10 41.300
KPRC/21R 34.6665001 -112.4100037 4938.00 221.300
KPRC/03R 34.6472904 -112.4274109 5016.12 41.300
KPRC/21L 34.6613007 -112.4120026 4960.00 221.300
KPRC/12 34.6524003 -112.4276573 5024.71 136.500
KPRC/30 34.6440010 -112.4179993 5045.00 316.500
KPRG/09 39.7000008 -87.6775971 651.00 91.000
KPRG/27 39.7001000 -87.6615982 650.00 271.000
KPRN/14 31.8514996 -86.6165008 451.00 140.000
KPRN/32 31.8398991 -86.6050034 424.00 320.000
KPRO/14 41.8325005 -94.1652985 1010.00 140.700
KPRO/32 41.8240013 -94.1559982 1004.00 320.700
KPRS/17 29.6410999 -104.3619995 2891.00 179.000
KPRS/35 29.6268997 -104.3610001 2932.00 359.000
KPRX/03 33.6302986 -95.4530029 530.00 37.200
KPRX/21 33.6403999 -95.4438019 546.00 217.200
KPRX/14 33.6428986 -95.4532013 540.00 141.200
KPRX/32 33.6329994 -95.4437027 547.00 321.200
KPRX/17 33.6447983 -95.4543991 541.00 179.200
KPRX/35 33.6282997 -95.4541016 526.00 359.200
KPRZ/01 34.1380997 -103.4150009 4078.00 22.900
KPRZ/19 34.1525002 -103.4079971 4044.00 202.900
KPRZ/08 34.1456985 -103.4160004 4066.00 89.900
KPRZ/26 34.1456985 -103.4010010 4058.00 269.900
KPSB/06 40.8778000 -78.0942993 1867.00 50.000
KPSB/24 40.8866997 -78.0804977 1917.00 230.000
KPSB/16 40.8933983 -78.0914993 1948.00 156.000
KPSB/34 40.8791008 -78.0830994 1922.00 336.000
KPSC/03L 46.2560005 -119.1330032 406.00 46.000
KPSC/21R 46.2706985 -119.1119995 398.00 226.000
KPSC/03R 46.2607002 -119.1220016 399.00 46.000
KPSC/21L 46.2691002 -119.1090012 400.00 226.000
KPSC/12 46.2734990 -119.1279980 392.00 136.000
KPSC/30 46.2583010 -119.1070020 399.00 316.000
KPSF/08 42.4238014 -73.3023987 1194.00 64.200
KPSF/26 42.4296989 -73.2856979 1144.00 244.200
KPSF/14 42.4295998 -73.2966995 1171.00 122.900
KPSF/32 42.4244003 -73.2857971 1142.00 302.900
KPSK/06 37.1320992 -80.6868973 2105.00 52.100
KPSK/24 37.1426010 -80.6700974 2073.00 232.100
KPSM/16 43.0894142 -70.8325465 96.08 149.000
KPSM/34 43.0646019 -70.8124008 84.00 329.000
KPSN/09 31.7770996 -95.7126999 423.00 90.600
KPSN/27 31.7770004 -95.6997986 388.00 270.600
KPSN/18 31.7887001 -95.7062988 413.00 180.500
KPSN/36 31.7749996 -95.7063980 410.00 0.500
KPSO/01 37.2761002 -107.0619965 7624.00 23.800
KPSO/19 37.2963982 -107.0500031 7659.00 203.800
KPSP/13L 33.8351710 -116.5096820 449.00 144.000
KPSP/31R 33.8242470 -116.4999570 407.00 324.000
KPSP/13R 33.8340320 -116.5116410 437.20 144.000
KPSP/31L 33.8219554 -116.5007351 411.90 324.000
KPSX/08 28.7304001 -96.2621002 11.00 90.200
KPSX/26 28.7303009 -96.2464981 12.00 270.200
KPSX/13 28.7306995 -96.2573013 12.00 135.200
KPSX/31 28.7210007 -96.2463989 14.00 315.200
KPSX/18 28.7332000 -96.2466960 11.00 180.000
KPTB/05 37.1792984 -77.5120010 193.00 42.800
KPTB/23 37.1893005 -77.5002975 190.00 222.800
KPTB/14 37.1856995 -77.5131989 186.00 133.100
KPTB/32 37.1800003 -77.5055008 186.00 313.100
KPTD/06 44.6730003 -74.9533997 471.00 44.000
KPTD/24 44.6803017 -74.9434967 468.00 224.000
KPTK/09L 42.6661990 -83.4319000 976.00 88.000
KPTK/27R 42.6668010 -83.4133000 973.00 268.000
KPTK/09R 42.6647000 -83.4330980 980.00 88.000
KPTK/27L 42.6652980 -83.4101030 972.00 268.000
KPTK/18 42.6670990 -83.4084010 973.00 178.000
KPTK/36 42.6619990 -83.4082030 969.00 358.000
KPTN/06 29.7075554 -91.3459332 7.07 59.100
KPTN/24 29.7145996 -91.3323975 8.00 239.100
KPTS/04 37.4431000 -94.7362976 939.00 40.000
KPTS/22 37.4514999 -94.7275009 919.00 220.000
KPTS/16 37.4584007 -94.7322006 933.00 169.000
KPTS/34 37.4435997 -94.7288971 927.00 349.000
KPTT/17 37.7092018 -98.7468033 1950.00 180.100
KPTT/35 37.6940994 -98.7469025 1944.00 0.100
KPTV/12 36.0354004 -119.0699997 430.00 135.400
KPTV/30 36.0237999 -119.0559998 442.00 315.400
KPTW/10 40.2391014 -75.5626984 307.00 85.000
KPTW/28 40.2399539 -75.5514128 305.12 265.000
KPUB/08L 38.2871017 -104.5100021 4667.00 88.300
KPUB/26R 38.2879982 -104.4739990 4646.00 268.300
KPUB/08R 38.2853012 -104.5019989 4654.00 88.300
KPUB/26L 38.2857018 -104.4869995 4641.00 268.300
KPUB/17 38.3041992 -104.5039978 4726.00 178.300
KPUB/35 38.2813988 -104.5029984 4645.00 358.300
KPUC/07 39.6151009 -110.7570038 5855.00 90.400
KPUC/25 39.6150060 -110.7448146 5883.12 270.400
KPUC/14 39.6153984 -110.7570038 5857.00 158.700
KPUC/32 39.6038017 -110.7509995 5809.00 338.700
KPUC/18 39.6265984 -110.7460022 5953.00 199.000
KPUC/36 39.6049004 -110.7549973 5808.00 19.000
KPUW/05 46.7406980 -117.1220020 2567.00 65.000
KPUW/23 46.7470020 -117.0970000 2552.00 245.000
KPVB/07 42.6857986 -90.4512024 999.00 68.100
KPVB/25 42.6894989 -90.4386978 1022.00 248.100
KPVB/15 42.6954002 -90.4481964 1018.00 144.900
KPVB/33 42.6864014 -90.4395981 1019.00 324.900
KPVC/07 42.0698013 -70.2263031 9.00 59.000
KPVC/25 42.0746994 -70.2152023 9.00 239.000
KPVD/05 41.7137985 -71.4349976 51.00 32.000
KPVD/23 41.7304993 -71.4209976 44.00 212.000
KPVD/16 41.7304855 -71.4309114 51.77 141.700
KPVD/34 41.7186012 -71.4182968 30.00 321.700
KPVE/01 35.6483002 -88.1974030 446.00 11.900
KPVE/19 35.6643982 -88.1932983 488.00 191.900
KPVF/05 38.7215996 -120.7600021 2577.00 62.900
KPVF/23 38.7267990 -120.7470016 2579.00 242.900
KPVG/02 36.7801297 -76.4489211 20.75 9.000
KPVG/20 36.7832885 -76.4484949 20.26 189.000
KPVG/10 36.7804985 -76.4625015 28.00 92.000
KPVG/28 36.7779999 -76.4443970 23.00 272.000
KPVJ/17 34.7144010 -97.2241970 968.00 180.000
KPVJ/35 34.7006990 -97.2241970 946.00 0.000
KPVU/13 40.2302017 -111.7320023 4497.00 145.800
KPVU/31 40.2107010 -111.7149963 4493.00 325.800
KPVU/18 40.2263985 -111.7200012 4494.00 191.800
KPVU/36 40.2086983 -111.7249985 4493.00 11.800
KPVW/04 34.1623993 -101.7259979 3373.00 50.700
KPVW/22 34.1727982 -101.7109985 3366.00 230.700
KPVW/13 34.1730003 -101.7200012 3372.00 138.000
KPVW/31 34.1649017 -101.7119980 3372.00 318.000
KPWA/13 35.5350990 -97.6521988 1270.00 135.100
KPWA/31 35.5269013 -97.6421967 1296.00 315.100
KPWA/17L 35.5443001 -97.6455002 1290.00 180.000
KPWA/35R 35.5246010 -97.6455002 1299.00 0.000
KPWA/17R 35.5433006 -97.6492004 1283.00 180.000
KPWA/35L 35.5295982 -97.6492004 1275.00 0.000
KPWC/16 46.7286987 -94.3834991 1295.00 164.000
KPWC/34 46.7209015 -94.3798981 1295.00 344.000
KPWD/12 48.7921982 -104.5289993 2250.00 132.000
KPWD/30 48.7849998 -104.5169983 2236.00 312.000
KPWG/04 31.4794006 -97.3177032 568.00 44.000
KPWG/22 31.4862995 -97.3099976 592.00 224.000
KPWG/17 31.4937992 -97.3182983 591.00 179.000
KPWG/35 31.4787006 -97.3180008 566.00 359.000
KPWK/12 42.1150265 -87.9061539 643.74 118.000
KPWK/30 42.1096992 -87.8927994 640.00 298.000
KPWK/16 42.1232987 -87.9070969 643.00 159.000
KPWK/34 42.1105995 -87.9003982 645.00 339.000
KPWM/11 43.6459007 -70.3261032 77.00 95.000
KPWM/29 43.6440010 -70.2990036 43.00 275.000
KPWM/18 43.6544990 -70.3072968 45.00 163.300
KPWM/36 43.6413002 -70.3019028 47.00 343.300
KPWT/02 47.4832993 -122.7710037 444.00 33.000
KPWT/20 47.4972000 -122.7580032 441.00 213.000
KPXE/18 32.5173988 -83.7674026 419.00 179.000
KPXE/36 32.5037003 -83.7673035 412.00 359.000
KPYG/06 34.7392010 -80.3495030 550.00 50.000
KPYG/24 34.7450980 -80.3407970 575.00 230.000
KPYM/06 41.9042020 -70.7365040 135.00 40.000
KPYM/24 41.9133990 -70.7263030 147.00 220.000
KPYM/15 41.9122010 -70.7301030 145.00 130.000
KPYM/33 41.9063000 -70.7205960 130.00 310.000
KPYP/07 34.0864983 -85.6182022 585.00 63.000
KPYP/25 34.0933990 -85.6019974 595.00 243.000
KPYX/04 36.4066010 -100.7590027 2915.00 51.100
KPYX/22 36.4123001 -100.7500000 2915.00 231.100
KPYX/17 36.4226990 -100.7500000 2915.00 179.900
KPYX/35 36.4071007 -100.7500000 2915.00 359.900
KPZQ/09 45.4069195 -83.8200415 669.05 88.000
KPZQ/27 45.4072990 -83.8049011 670.00 268.000
KR-1080/05 38.1371002 128.5930023 92.00 38.000
KR-1080/23 38.1481018 128.6040039 33.00 218.000
KR-1088/05 38.0177994 126.9749985 128.00 47.300
KR-1088/23 38.0200005 126.9779968 138.00 227.300
KRAC/04 42.7559636 -87.8186908 666.78 37.000
KRAC/22 42.7687988 -87.8057022 665.00 217.000
KRAC/14 42.7633208 -87.8189584 667.81 132.000
KRAC/32 42.7566986 -87.8088989 658.00 312.000
KRAL/09 33.9538950 -117.4519950 760.00 103.000
KRAL/27 33.9505420 -117.4346180 818.00 283.000
KRAL/16 33.9551600 -117.4486590 774.00 179.000
KRAL/34 33.9473350 -117.4484200 751.00 359.000
KRAP/05 44.0479012 -103.0640030 3173.00 61.900
KRAP/23 44.0525017 -103.0520020 3204.00 241.900
KRAP/14 44.0537987 -103.0650024 3191.00 151.800
KRAP/32 44.0327988 -103.0490036 3143.00 331.800
KRAS/12 27.8146000 -97.0931015 5.00 125.300
KRAS/30 27.8090000 -97.0843964 5.00 305.300
KRBD/13 32.6873016 -96.8764038 655.00 135.100
KRBD/31 32.6748009 -96.8616028 646.00 315.100
KRBD/17 32.6857986 -96.8667984 651.00 180.100
KRBD/35 32.6753998 -96.8667984 659.00 0.100
KRBE/02 42.5717011 -99.5744019 2343.00 35.100
KRBE/20 42.5766983 -99.5696030 2341.00 215.100
KRBE/13 42.5746994 -99.5738983 2344.00 140.900
KRBE/31 42.5647011 -99.5628967 2349.00 320.900
KRBG/16 43.2431792 -123.3560030 521.20 180.000
KRBG/34 43.2335150 -123.3560030 505.48 0.000
KRBL/15 40.1582985 -122.2539978 345.00 168.100
KRBL/33 40.1430016 -122.2500000 341.00 348.100
KRBM/04 34.8447990 -92.3053970 587.00 39.400
KRBM/22 34.8554993 -92.2947998 557.00 219.400
KRBO/13 27.7821007 -97.6946030 79.00 134.900
KRBO/31 27.7749996 -97.6865005 77.00 314.900
KRBW/05 32.9156990 -80.6453018 89.00 44.000
KRBW/23 32.9276009 -80.6316986 101.00 224.000
KRBW/17 32.9280014 -80.6451035 82.00 165.600
KRBW/35 32.9127998 -80.6404037 92.00 345.600
KRCA/13 44.1591988 -103.1210022 3279.00 138.000
KRCA/31 44.1315994 -103.0869980 3181.00 318.000
KRCK/17 30.6357994 -96.9897003 474.00 180.000
KRCM/14 38.7840000 -93.8068010 798.00 137.000
KRCM/32 38.7784000 -93.8001020 786.00 317.000
KRCR/11 41.0672989 -86.1904984 788.00 105.100
KRCR/29 41.0638008 -86.1729965 789.00 285.100
KRCX/01 45.4916000 -91.0007019 1222.00 7.000
KRCX/19 45.5003014 -90.9992981 1238.00 187.000
KRCX/14 45.4858017 -91.0068970 1234.00 140.600
KRCX/32 45.4774017 -90.9968033 1225.00 320.600
KRCZ/04 34.8879013 -79.7677994 358.00 38.100
KRCZ/22 34.8941994 -79.7612991 358.00 218.100
KRCZ/14 34.8955990 -79.7632980 350.00 130.000
KRCZ/32 34.8879524 -79.7523130 354.80 310.000
KRDD/12 40.5119019 -122.2969971 500.00 140.000
KRDD/30 40.5022473 -122.2861576 492.79 320.000
KRDD/16 40.5203018 -122.2949982 505.00 180.000
KRDD/34 40.5010986 -122.2949982 491.00 0.000
KRDG/13 40.3835983 -75.9781036 344.00 121.400
KRDG/31 40.3745003 -75.9586029 330.00 301.400
KRDG/18 40.3848000 -75.9626999 291.00 172.200
KRDG/36 40.3708000 -75.9600983 342.00 352.200
KRDK/05 41.0070000 -95.2667007 1042.00 57.900
KRDK/23 41.0130005 -95.2540970 1043.00 237.900
KRDK/14 41.0139008 -95.2593994 1042.00 142.000
KRDK/32 41.0094986 -95.2546997 1039.00 322.000
KRDK/17 41.0143013 -95.2605972 1044.00 174.400
KRDK/35 41.0064011 -95.2594986 1038.00 354.400
KRDM/05 44.2495000 -121.1620030 3070.00 60.000
KRDM/23 44.2591020 -121.1380000 3050.00 240.000
KRDM/11 44.2589000 -121.1610030 3041.00 122.000
KRDM/29 44.2487980 -121.1380000 3077.00 302.000
KRDR/17 47.9781990 -97.4008026 896.00 180.000
KRDR/35 47.9444008 -97.4008026 911.00 0.000
KRDU/05L 35.8745003 -78.8020020 367.00 45.000
KRDU/23R 35.8937988 -78.7779999 409.00 225.000
KRDU/05R 35.8646011 -78.7973022 397.00 45.000
KRDU/23L 35.8792000 -78.7794037 431.00 225.000
KRDU/14 35.8750000 -78.7826996 432.00 135.000
KRDU/32 35.8680992 -78.7742004 425.00 315.000
KREI/08 34.0852015 -117.1539331 1469.45 89.700
KREI/26 34.0853004 -117.1389999 1571.00 269.700
KRFD/01 42.1834984 -89.0914001 708.00 5.000
KRFD/19 42.2058983 -89.0886002 736.00 185.000
KRFD/07 42.1902008 -89.1199036 742.00 65.000
KRFD/25 42.2015991 -89.0864029 735.00 245.000
KRFI/12 32.1433983 -94.8554993 434.00 126.000
KRFI/30 32.1385002 -94.8477020 437.00 306.000
KRFI/16 32.1477013 -94.8528976 435.00 170.000
KRFI/34 32.1369019 -94.8507004 440.00 350.000
KRGK/09 44.5896988 -92.4945984 778.00 93.000
KRGK/27 44.5890007 -92.4754028 777.00 273.000
KRHI/09 45.6302986 -89.4866028 1623.00 88.300
KRHI/27 45.6309013 -89.4599991 1600.00 268.300
KRHI/15 45.6372986 -89.4633026 1598.00 148.000
KRHI/33 45.6268997 -89.4539032 1605.00 328.000
KRHP/08 35.1927986 -83.8718033 1682.00 71.300
KRHP/26 35.1977005 -83.8543014 1698.00 251.300
KRHV/13L 37.3354073 -121.8219603 122.61 142.900
KRHV/31R 37.3305968 -121.8168545 129.68 322.900
KRHV/13R 37.3349076 -121.8219603 122.13 142.900
KRHV/31L 37.3300949 -121.8178518 127.08 322.900
KRIC/02 37.4989014 -77.3296967 159.00 13.400
KRIC/20 37.5164986 -77.3244019 165.00 193.400
KRIC/16 37.5166016 -77.3236008 167.00 147.600
KRIC/34 37.4957008 -77.3069000 161.00 327.700
KRID/06 39.7521707 -84.8492193 1135.16 55.200
KRID/24 39.7602997 -84.8340988 1138.00 235.200
KRID/15 39.7619019 -84.8485031 1127.00 145.000
KRID/33 39.7505989 -84.8383026 1140.00 325.000
KRIF/01 38.7281990 -112.1039963 5301.00 25.000
KRIF/19 38.7447014 -112.0940018 5275.00 205.000
KRIL/08 39.5267982 -107.7389984 5457.00 92.800
KRIL/26 39.5257988 -107.7149963 5544.00 272.800
KRIR/24 33.9897820 -117.4047790 764.00 259.000
KRIU/04 38.4836006 -121.1080017 140.00 53.000
KRIU/22 38.4898987 -121.0970001 141.00 233.000
KRIV/14 33.8964260 -117.2706400 1535.00 149.000
KRIV/32 33.8649930 -117.2482810 1488.00 329.000
KRIW/01 43.0570984 -108.4660034 5459.00 24.300
KRIW/19 43.0690994 -108.4580002 5475.00 204.300
KRIW/10 43.0695992 -108.4729996 5525.00 114.300
KRIW/28 43.0602989 -108.4449997 5456.00 294.300
KRJD/12 38.9720993 -75.8738022 64.00 109.000
KRJD/30 38.9692001 -75.8631973 64.00 289.000
KRK1/26 69.6751938 -146.8789062 668.00 282.000
KRKD/03 44.0563011 -69.1007004 50.00 13.000
KRKD/21 44.0667000 -69.0971985 55.00 193.000
KRKD/13 44.0615005 -69.1083984 45.00 111.000
KRKD/31 44.0565987 -69.0905991 55.00 291.000
KRKP/14 28.0926991 -97.0515976 14.00 145.400
KRKP/32 28.0799999 -97.0417023 24.00 325.400
KRKP/18 28.0921993 -97.0388031 20.00 190.500
KRKP/36 28.0799999 -97.0412979 22.00 10.500
KRKR/18 35.0270004 -94.6201019 445.00 190.000
KRKR/36 35.0162010 -94.6223984 448.00 10.000
KRKS/03 41.5886002 -109.0729980 6730.00 45.200
KRKS/21 41.5987015 -109.0599976 6744.00 225.200
KRKS/09 41.5976982 -109.0820007 6728.00 103.200
KRKS/27 41.5914001 -109.0469971 6760.00 283.200
KRKW/04 35.9169998 -84.6950989 1659.00 39.300
KRKW/22 35.9276009 -84.6844025 1630.00 219.300
KRLD/01 46.2999992 -119.3079987 391.00 26.000
KRLD/19 46.3098984 -119.3020020 389.00 206.000
KRLD/08 46.3069000 -119.3109970 394.00 95.000
KRLD/26 46.3058014 -119.2949982 387.00 275.000
KRME/15 43.2450981 -75.4229965 504.00 134.000
KRME/33 43.2224998 -75.3910980 499.00 314.000
KRMG/01 34.3428001 -85.1595001 632.00 4.900
KRMG/19 34.3591995 -85.1576996 624.00 184.900
KRMG/07 34.3486347 -85.1650256 643.06 69.900
KRMG/25 34.3526001 -85.1518021 627.00 249.900
KRMN/15 38.4033012 -77.4611969 211.00 139.200
KRMN/33 38.3928986 -77.4497986 171.00 319.200
KRMY/10 42.2517013 -84.9618988 939.00 96.600
KRMY/28 42.2505989 -84.9489975 937.00 276.600
KRNC/05 35.6943016 -85.8503036 1032.00 50.600
KRNC/23 35.7025937 -85.8380596 1026.35 230.600
KRND/15L 29.5427500 -98.2759620 743.00 150.000
KRND/33R 29.5228580 -98.2628450 723.00 330.000
KRND/15R 29.5349520 -98.2932220 762.00 150.000
KRND/33L 29.5238460 -98.2859350 748.64 330.000
KRNH/14 45.1526990 -92.5427020 996.00 143.000
KRNH/32 45.1439020 -92.5334010 996.00 323.000
KRNM/09 33.0402985 -116.9229965 1386.00 100.000
KRNM/27 33.0379982 -116.9069977 1395.00 280.000
KRNO/08 39.4963000 -119.7789990 4409.00 90.000
KRNO/26 39.4962010 -119.7570040 4400.00 270.000
KRNO/17L 39.5138020 -119.7669980 4415.00 180.000
KRNO/35R 39.4891010 -119.7669980 4408.00 0.000
KRNO/17R 39.5110636 -119.7689970 4414.55 180.000
KRNO/35L 39.4836010 -119.7689970 4410.00 0.000
KRNP/11 42.9943010 -84.1467970 736.00 103.000
KRNP/29 42.9916990 -84.1311040 736.00 283.000
KRNP/18 42.9946182 -84.1367985 736.00 176.000
KRNP/36 42.9886020 -84.1362000 736.00 356.000
KRNT/16 47.4996642 -122.2167508 24.45 174.000
KRNT/34 47.4867229 -122.2147952 31.49 354.000
KRNV/18 33.7666020 -90.7581020 140.00 178.000
KRNV/36 33.7556000 -90.7575990 140.00 358.000
KROA/06 37.3222010 -79.9840010 1152.00 50.000
KROA/24 37.3329090 -79.9682883 1154.65 230.000
KROA/16 37.3289990 -79.9811020 1165.00 148.000
KROA/34 37.3153990 -79.9704970 1142.00 328.000
KROC/04 43.1068993 -77.6876984 527.00 32.000
KROC/22 43.1255989 -77.6719971 559.00 212.000
KROC/07 43.1156998 -77.6725998 540.00 62.000
KROC/25 43.1209984 -77.6591034 536.00 242.000
KROC/10 43.1227989 -77.6764984 554.00 87.000
KROC/28 43.1234016 -77.6558990 541.00 267.000
KROG/02 36.3646011 -94.1102982 1358.00 19.000
KROG/20 36.3801994 -94.1035995 1339.00 199.000
KROS/16 45.7041016 -92.9561997 924.00 160.000
KROS/34 45.6927986 -92.9503021 918.00 340.000
KROW/03 33.2860985 -104.5370026 3667.00 45.000
KROW/21 33.3112984 -104.5070038 3624.00 225.000
KROW/17 33.3151016 -104.5390015 3663.00 180.100
KROW/35 33.2877006 -104.5390015 3671.00 0.100
KROX/06 48.8518982 -95.6999969 1059.00 69.000
KROX/24 48.8544006 -95.6903000 1059.00 249.000
KROX/16 48.8634987 -95.6999969 1059.00 167.000
KROX/34 48.8516998 -95.6959991 1058.00 347.000
KRPB/14 39.8189011 -97.6605988 1520.00 141.000
KRPB/32 39.8147011 -97.6561966 1523.00 321.000
KRPB/18 39.8232994 -97.6602020 1537.00 181.500
KRPB/36 39.8137016 -97.6604996 1537.00 1.500
KRPD/01 45.4145402 -91.7755584 1096.33 10.700
KRPD/19 45.4292984 -91.7713013 1107.00 190.700
KRPD/13 45.4175987 -91.7789993 1092.00 130.700
KRPD/31 45.4113998 -91.7686005 1100.00 310.700
KRPH/03 33.1057010 -98.5596010 1113.00 40.000
KRPH/21 33.1146010 -98.5509030 1113.00 220.000
KRPH/18 33.1148987 -98.5550995 1104.00 183.000
KRPH/36 33.1058006 -98.5556030 1123.00 3.000
KRPJ/07 41.8909990 -89.0856020 772.00 70.000
KRPJ/25 41.8950000 -89.0709990 781.00 250.000
KRPX/07 46.4735980 -108.5510030 3490.00 78.000
KRPX/25 46.4766010 -108.5319980 3431.00 258.000
KRPX/16 46.4781000 -108.5479970 3463.00 168.000
KRPX/34 46.4715000 -108.5459980 3481.00 348.000
KRQB/09 43.7244987 -85.5165024 990.00 90.000
KRQB/27 43.7244987 -85.5002975 946.00 270.000
KRQB/14 43.7225990 -85.5001984 933.00 143.000
KRQB/32 43.7167015 -85.4941025 926.00 323.000
KRQE/03 35.6441000 -109.0739970 6701.00 34.000
KRQE/21 35.6600000 -109.0609970 6742.00 214.000
KRQO/17 35.4812012 -98.0043030 1412.00 180.000
KRQO/35 35.4658012 -98.0043030 1414.00 0.000
KRQO/18 35.4780006 -98.0075989 1417.00 180.000
KRRL/07 45.1957016 -89.7251968 1318.00 69.000
KRRL/25 45.2009010 -89.7068024 1306.00 249.000
KRRL/16 45.2037010 -89.7098999 1317.00 156.000
KRRL/34 45.1962013 -89.7052994 1303.00 336.000
KRRQ/16 43.4555875 -96.1804454 1358.81 172.000
KRRQ/34 43.4488162 -96.1790593 1357.19 352.000
KRRT/13 48.9459991 -95.3542023 1074.00 139.000
KRRT/31 48.9348984 -95.3393021 1074.00 319.000
KRSL/03 38.8717995 -98.8158035 1856.00 30.000
KRSL/21 38.8755989 -98.8130035 1859.00 210.000
KRSL/17 38.8776016 -98.8117981 1860.00 174.000
KRSL/35 38.8638992 -98.8097992 1863.00 354.000
KRSN/18 32.5214996 -92.5883026 276.00 180.000
KRSN/36 32.5077019 -92.5883026 309.00 0.000
KRST/03 43.8949010 -92.5068970 1315.00 26.000
KRST/21 43.9128000 -92.4945980 1282.00 206.000
KRST/13 43.9202004 -92.5121002 1268.00 132.000
KRST/31 43.9034996 -92.4867020 1304.00 312.000
KRSV/09 39.0166016 -87.6610031 462.00 91.800
KRSV/27 39.0162010 -87.6429977 455.00 271.800
KRSV/17 39.0200005 -87.6479034 456.00 165.800
KRSV/35 39.0108986 -87.6449966 452.00 345.800
KRSW/06 26.5265007 -81.7699966 27.00 54.000
KRSW/24 26.5457993 -81.7403030 30.00 234.000
KRTN/02 36.7341995 -104.5110016 6332.00 34.200
KRTN/20 36.7485008 -104.4990005 6352.00 214.200
KRTN/07 36.7405014 -104.5049973 6342.00 77.600
KRTN/25 36.7430992 -104.4909973 6310.00 257.600
KRUE/07 35.2573013 -93.1015015 367.00 75.000
KRUE/25 35.2610016 -93.0849991 403.00 255.000
KRUG/12 48.3935013 -100.0299988 1532.00 128.200
KRUG/30 48.3872986 -100.0179977 1548.00 308.200
KRUQ/02 35.6385994 -80.5227966 770.00 16.000
KRUQ/20 35.6530991 -80.5177002 767.00 196.000
KRUT/01 43.5248985 -72.9495010 782.00 359.000
KRUT/19 43.5386009 -72.9499969 776.00 179.000
KRUT/13 43.5290985 -72.9546967 783.00 119.000
KRUT/31 43.5248985 -72.9441986 783.00 299.000
KRVJ/11 32.0606000 -82.1576000 173.00 108.000
KRVJ/29 32.0574000 -82.1458970 195.00 288.000
KRVL/06 40.6729012 -77.6335983 816.00 48.800
KRVL/24 40.6819000 -77.6200027 810.00 228.800
KRVN/07 36.4555016 -82.8904038 1255.00 64.000
KRVN/25 36.4597015 -82.8796997 1230.00 244.000
KRVS/01L 36.0330010 -95.9878998 622.00 13.300
KRVS/19R 36.0466003 -95.9839020 638.00 193.300
KRVS/01R 36.0340004 -95.9850998 619.00 13.300
KRVS/19L 36.0452995 -95.9819031 630.00 193.300
KRVS/13 36.0418015 -95.9875031 624.00 133.000
KRVS/31 36.0364990 -95.9805985 615.00 313.000
KRWF/05 44.5450996 -95.0837644 1017.16 56.000
KRWF/23 44.5477982 -95.0783005 1018.00 236.000
KRWF/12 44.5511017 -95.0886993 1016.00 128.000
KRWF/30 44.5443993 -95.0765991 1021.00 308.000
KRWI/04 35.8480987 -77.8984985 159.00 33.300
KRWI/22 35.8643990 -77.8853989 151.00 213.300
KRWL/04 41.8000984 -107.2099991 6741.00 54.000
KRWL/22 41.8114014 -107.1890030 6813.00 234.000
KRWL/11 41.8078000 -107.2070010 6813.00 115.000
KRWL/29 41.8030010 -107.1930010 6813.00 295.000
KRWN/09 41.0923004 -86.6204987 706.00 90.000
KRWN/27 41.0922012 -86.6052017 708.00 270.000
KRWV/15 30.5193996 -96.7064972 391.00 152.400
KRWV/33 30.5120873 -96.7020550 366.93 332.400
KRXE/17 43.8387818 -111.8041201 4857.71 186.000
KRXE/35 43.8282013 -111.8059998 4854.00 6.000
KRYM/13 46.0970993 -94.3690033 1151.00 136.000
KRYM/31 46.0853004 -94.3520966 1145.00 316.000
KRYN/06L 32.1412010 -111.1819992 2393.00 70.300
KRYN/24R 32.1458015 -111.1679993 2396.00 250.300
KRYN/06R 32.1400986 -111.1790009 2398.00 70.300
KRYN/24L 32.1451988 -111.1630020 2403.00 250.300
KRYN/15 32.1454010 -111.1800003 2385.00 167.000
KRYN/33 32.1346016 -111.1780014 2417.00 347.000
KRYV/05 43.1655292 -88.7301965 818.23 53.000
KRYV/23 43.1725006 -88.7174988 823.00 233.000
KRYV/11 43.1724014 -88.7266006 823.00 113.300
KRYV/29 43.1693001 -88.7169037 833.00 293.300
KRYW/15 30.5035000 -97.9713974 1231.00 161.300
KRYW/33 30.4936008 -97.9674988 1210.00 341.300
KRYY/09 34.0130620 -84.6038515 1022.89 88.800
KRYY/27 34.0134010 -84.5866013 998.00 268.800
KRZL/09 40.9477997 -87.1884003 685.00 90.000
KRZL/27 40.9477997 -87.1813965 680.00 270.000
KRZL/18 40.9533997 -87.1815033 698.00 180.000
KRZL/36 40.9424019 -87.1813965 674.00 0.000
KRZN/04 45.8199005 -92.3780975 989.00 44.000
KRZN/22 45.8274002 -92.3672028 984.00 224.000
KRZN/13 45.8251991 -92.3769989 986.00 137.000
KRZN/31 45.8181992 -92.3675995 987.00 317.000
KRZT/05 39.4348984 -83.0295029 725.00 42.400
KRZT/23 39.4459000 -83.0166016 704.00 222.400
KS01/06 48.1663017 -111.9860001 3545.00 70.000
KS01/24 48.1705017 -111.9680023 3525.00 250.000
KS03/12 42.1940994 -122.6650009 1845.00 141.000
KS03/30 42.1868061 -122.6564406 1882.89 321.000
KS05/16 43.0914001 -124.4079971 106.00 178.000
KS05/34 43.0815010 -124.4079971 123.00 358.000
KS10/02 47.8634798 -119.9467293 1255.15 44.000
KS10/20 47.8694992 -119.9380035 1263.00 224.000
KS12/16 44.6418991 -123.0589981 225.00 180.000
KS12/34 44.6337013 -123.0589981 226.00 0.000
KS17/24 33.6483000 -81.8613000 537.00 241.000
KS19/18 33.9129982 -82.2671967 458.00 177.200
KS19/36 33.9030991 -82.2666016 450.00 357.200
KS21/18 43.8808958 -121.4510326 4159.09 196.000
KS21/36 43.8690987 -121.4560013 4164.00 16.000
KS23/15 48.7135010 -117.4150009 2108.00 167.000
KS23/33 48.7025986 -117.4110031 2104.00 347.000
KS24/06 41.2919006 -83.0458984 665.00 59.600
KS24/24 41.2994995 -83.0286026 657.00 239.600
KS25/12 47.7980510 -103.2569991 2064.28 134.000
KS25/30 47.7931261 -103.2492033 2102.93 314.000
KS32/13 47.4261017 -98.1109009 1422.00 134.700
KS32/31 47.4193993 -98.1007996 1421.00 314.700
KS33/04 44.6739006 -121.1630020 2417.00 55.000
KS33/22 44.6781998 -121.1539993 2424.00 235.000
KS33/16 44.6739998 -121.1529999 2430.00 180.000
KS33/34 44.6600990 -121.1529999 2437.00 0.000
KS39/11 44.2920990 -120.9120030 3250.00 120.000
KS39/29 44.2851980 -120.8949970 3241.00 300.000
KS39/15 44.2904015 -120.9059982 3246.00 172.000
KS39/33 44.2793999 -120.9029999 3240.00 352.000
KS40/07 46.2134018 -119.7979965 696.00 90.000
KS40/25 46.2132988 -119.7850037 680.00 270.000
KS42/19 36.3334007 -104.6169968 5891.00 199.700
KS45/17 44.8814011 -124.0270004 59.00 191.000
KS45/35 44.8725014 -124.0299988 69.00 11.000
KS50/16 47.3322983 -122.2269974 57.00 180.000
KS50/34 47.3230019 -122.2269974 63.00 0.000
KS59/15 48.2905006 -115.4929962 2581.00 165.000
KS59/33 48.2771988 -115.4879990 2601.00 345.000
KS67/11 43.5853004 -116.5309982 2537.00 126.000
KS67/29 43.5773010 -116.5149994 2530.00 306.000
KS69/04 46.9513016 -112.6569977 4574.00 56.000
KS69/22 46.9575005 -112.6439972 4600.00 236.000
KS70/07 46.7949982 -119.0879974 1136.00 91.300
KS70/25 46.7947006 -119.0709991 1151.00 271.300
KS71/08 48.5931015 -109.2590027 2416.00 100.000
KS71/26 48.5912018 -109.2419968 2409.00 280.000
KS72/10 47.3290948 -116.5852473 2126.57 108.000
KS72/28 47.3260994 -116.5709991 2125.00 288.000
KS73/14 46.2230988 -116.0159988 1184.00 156.000
KS73/32 46.2155991 -116.0110016 1194.00 336.000
KS75/13 44.0950012 -116.9039993 2198.00 148.000
KS75/31 44.0881004 -116.8980026 2228.00 328.000
KS78/10 43.8514356 -116.5466812 2347.35 116.000
KS78/28 43.8480987 -116.5370026 2350.00 296.000
KS83/07 47.5471992 -116.1999969 2203.00 87.000
KS83/25 47.5480995 -116.1770020 2218.00 267.000
KS84/07 46.0388985 -116.3379974 3474.00 90.000
KS84/25 46.0388985 -116.3259964 3404.00 270.000
KS87/12 44.2106018 -116.9680023 2103.00 134.000
KS87/30 44.2030983 -116.9570007 2112.00 314.000
KS95/05 46.0447006 -118.4240036 750.00 65.000
KS95/23 46.0490990 -118.4100037 740.00 245.000
KSAA/05 41.4385986 -106.8420029 7012.00 66.000
KSAA/23 41.4483986 -106.8130035 6908.00 246.000
KSAC/02 38.5051994 -121.5009995 18.00 33.000
KSAC/20 38.5178986 -121.4899979 24.00 213.000
KSAC/12 38.5183983 -121.4950027 23.00 133.200
KSAC/30 38.5111999 -121.4850006 24.00 313.300
KSAC/16 38.5163994 -121.4940033 22.00 179.600
KSAC/34 38.5069008 -121.4940033 17.00 359.600
KSAD/08 32.8549004 -109.6429977 3158.00 92.000
KSAD/26 32.8546982 -109.6269989 3177.00 272.000
KSAD/12 32.8594017 -109.6429977 3163.00 135.000
KSAD/30 32.8476982 -109.6289978 3167.00 315.000
KSAF/02 35.6083984 -106.0960007 6274.00 35.100
KSAF/20 35.6271019 -106.0800018 6348.00 215.100
KSAF/10 35.6206016 -106.1009979 6281.00 111.700
KSAF/28 35.6142006 -106.0820007 6297.00 291.700
KSAF/15 35.6244011 -106.0920029 6317.00 166.700
KSAF/33 35.6076012 -106.0869980 6271.00 346.700
KSAN/09 32.7363734 -117.2012385 13.89 106.000
KSAN/27 32.7313684 -117.1806470 13.19 286.000
KSAR/09 38.1473999 -89.7015991 531.00 90.000
KSAR/27 38.1473999 -89.6931992 522.00 270.000
KSAR/18 38.1553993 -89.6995010 538.00 180.300
KSAR/36 38.1444015 -89.6995010 538.00 0.300
KSAT/04 29.5231991 -98.4699020 786.00 41.000
KSAT/22 29.5389004 -98.4544983 762.00 221.000
KSAT/13L 29.5403004 -98.4776993 797.00 132.000
KSAT/31R 29.5301991 -98.4646988 779.00 312.000
KSAT/13R 29.5426998 -98.4854965 809.00 132.000
KSAT/31L 29.5272007 -98.4655991 778.00 312.000
KSAV/01 32.1166000 -81.1999969 29.00 0.000
KSAV/19 32.1357994 -81.2001038 42.00 180.000
KSAV/10 32.1287994 -81.2188034 17.00 91.000
KSAV/28 32.1285019 -81.1885986 46.00 271.000
KSAW/01 46.3368988 -87.3992004 1180.00 9.000
KSAW/19 46.3703995 -87.3915024 1220.00 189.000
KSAZ/14 46.3846016 -94.8104019 1286.00 145.000
KSAZ/32 46.3772011 -94.8028030 1284.00 325.000
KSBA/07 34.4275080 -119.8546630 9.00 89.000
KSBA/25 34.4279250 -119.8346000 9.00 269.000
KSBA/15L 34.4307890 -119.8403920 9.00 166.000
KSBA/33R 34.4196620 -119.8369600 8.00 346.000
KSBA/15R 34.4305500 -119.8415600 8.00 166.000
KSBA/33L 34.4194110 -119.8381220 8.00 346.000
KSBD/06 34.0908012 -117.2500000 1085.00 70.400
KSBD/24 34.0999985 -117.2190018 1159.00 250.400
KSBM/04 43.7645990 -87.8570020 744.00 35.000
KSBM/22 43.7766990 -87.8452000 743.00 215.000
KSBM/13 43.7728004 -87.8591995 749.00 130.000
KSBM/31 43.7640991 -87.8444977 739.00 310.000
KSBN/09L 41.7139015 -86.3287964 788.00 88.800
KSBN/27R 41.7141991 -86.3130035 781.00 268.800
KSBN/09R 41.7042999 -86.3293991 790.00 88.800
KSBN/27L 41.7047997 -86.2985992 770.00 268.800
KSBN/18 41.7187996 -86.3193970 799.00 179.000
KSBN/36 41.7023010 -86.3189011 766.00 359.000
KSBO/13 32.6143990 -82.3775024 324.00 129.000
KSBO/31 32.6039009 -82.3623962 322.00 309.000
KSBP/07 35.2369003 -120.6500015 162.00 89.800
KSBP/25 35.2369003 -120.6389999 197.00 269.800
KSBP/11 35.2397749 -120.6447773 168.56 124.000
KSBP/29 35.2327004 -120.6330032 212.00 304.000
KSBS/14 40.5217018 -106.8700027 6871.00 152.900
KSBS/32 40.5122635 -106.8639844 6876.19 332.900
KSBU/16 43.5983009 -94.0945969 1092.00 161.000
KSBU/34 43.5895004 -94.0904007 1107.00 341.000
KSBX/05 48.5383987 -111.8809967 3414.00 65.000
KSBX/23 48.5441017 -111.8629990 3443.00 245.000
KSBX/11 48.5430984 -111.8759995 3417.00 129.000
KSBX/29 48.5367012 -111.8639984 3428.00 309.000
KSBY/05 38.3339005 -75.5168991 45.00 37.000
KSBY/23 38.3448982 -75.5065002 50.00 217.000
KSBY/14 38.3460007 -75.5167007 46.00 127.000
KSBY/32 38.3370018 -75.5012970 52.00 307.000
KSCB/12 41.6091995 -96.6392975 1323.00 134.400
KSCB/30 41.6030006 -96.6308975 1318.00 314.400
KSCB/17 41.6193008 -96.6259003 1318.00 180.000
KSCB/35 41.6077995 -96.6258011 1319.00 0.000
KSCD/09 33.1719017 -86.3143005 569.00 91.000
KSCD/27 33.1717987 -86.2966995 548.00 271.000
KSCH/04 42.8469009 -73.9337997 318.00 26.000
KSCH/22 42.8642006 -73.9224014 378.00 206.000
KSCH/10 42.8484193 -73.9400562 324.79 88.000
KSCH/28 42.8488998 -73.9226990 320.00 268.000
KSCK/11L 37.9006460 -121.2482747 27.48 127.600
KSCK/29R 37.8844986 -121.2220001 32.00 307.600
KSCK/11R 37.8996010 -121.2490005 25.00 127.600
KSCK/29L 37.8922005 -121.2369995 26.00 307.600
KSCX/05 36.4505005 -84.5924988 1545.00 46.300
KSCX/23 36.4608993 -84.5790024 1522.00 226.300
KSDA/04 40.7453995 -95.4184036 961.00 43.000
KSDA/22 40.7554016 -95.4060974 968.00 223.000
KSDA/12 40.7560005 -95.4207001 952.00 125.000
KSDA/30 40.7508011 -95.4108963 968.00 305.000
KSDF/11 38.1801987 -85.7473984 477.00 111.000
KSDF/29 38.1730995 -85.7238007 480.00 291.000
KSDF/17L 38.1864305 -85.7310034 497.96 165.000
KSDF/35R 38.1646004 -85.7236023 472.00 345.000
KSDF/17R 38.1847455 -85.7480550 484.21 165.400
KSDF/35L 38.1581993 -85.7393036 461.00 345.400
KSDL/03 33.6161644 -111.9183123 1453.29 43.800
KSDL/21 33.6302091 -111.9019124 1504.14 223.800
KSDM/08L 32.5737991 -116.9929962 526.00 95.600
KSDM/26R 32.5717010 -116.9680023 508.00 275.600
KSDM/08R 32.5716019 -116.9840012 521.00 95.600
KSDM/26L 32.5707016 -116.9739990 505.00 275.600
KSDY/01 47.6976013 -104.2009964 1981.00 24.000
KSDY/19 47.7118988 -104.1920013 1979.00 204.000
KSDY/11 47.7122990 -104.1940000 1979.00 117.000
KSDY/29 47.7072980 -104.1800000 1965.00 297.000
KSEA/16C 47.4637990 -122.3109970 430.00 180.000
KSEA/34C 47.4380000 -122.3109970 363.00 0.000
KSEA/16L 47.4637990 -122.3079990 432.00 180.000
KSEA/34R 47.4311980 -122.3079990 347.00 0.000
KSEA/16R 47.4637990 -122.3180010 430.00 180.000
KSEA/34L 47.4404980 -122.3180010 363.00 0.000
KSEE/09L 32.8294710 -116.9812750 359.00 102.000
KSEE/27R 32.8271412 -116.9684371 371.84 282.000
KSEE/09R 32.8273910 -116.9762640 366.00 102.000
KSEE/27L 32.8258140 -116.9675460 380.00 282.000
KSEE/17 32.8282895 -116.9725080 369.30 180.000
KSEE/35 32.8200362 -116.9724160 378.01 0.000
KSEF/14 27.4609209 -81.3457568 56.26 135.000
KSEF/32 27.4526005 -81.3363037 58.00 315.000
KSEF/18 27.4626007 -81.3431015 60.00 180.000
KSEF/36 27.4482994 -81.3430023 57.00 0.000
KSEG/17 40.8244091 -76.8657965 449.43 158.900
KSEG/35 40.8163399 -76.8616236 443.37 338.900
KSEM/15 32.3530006 -86.9951019 166.00 146.000
KSEM/33 32.3348999 -86.9804993 165.00 326.000
KSEP/14 32.2202988 -98.1811981 1321.00 149.200
KSEP/32 32.2103996 -98.1742020 1289.00 329.200
KSEQ/13 29.5736008 -97.9180984 525.00 132.500
KSEQ/31 29.5580997 -97.8985977 520.00 312.500
KSER/05 38.9182014 -85.9074020 571.00 44.000
KSER/23 38.9290009 -85.8939972 580.00 224.000
KSER/14 38.9286995 -85.9209976 583.00 134.000
KSER/32 38.9182014 -85.9070969 571.00 314.000
KSET/09 38.9323997 -90.4317017 434.00 90.700
KSET/27 38.9323006 -90.4246979 436.00 270.700
KSET/18 38.9334984 -90.4308014 436.00 181.000
KSET/36 38.9230995 -90.4309998 436.00 1.000
KSEZ/03 34.8437004 -111.7949982 4736.00 45.800
KSEZ/21 34.8535004 -111.7819977 4827.00 225.800
KSFB/09C 28.7784996 -81.2454987 52.00 90.000
KSFB/27C 28.7784996 -81.2342987 48.00 270.000
KSFB/09L 28.7817001 -81.2528692 53.27 90.000
KSFB/27R 28.7817993 -81.2259979 36.00 270.000
KSFB/09R 28.7698994 -81.2356033 46.00 89.900
KSFB/27L 28.7700005 -81.2247009 28.00 269.900
KSFB/18 28.7833004 -81.2348023 49.00 180.000
KSFB/36 28.7667999 -81.2347031 43.00 0.000
KSFF/22R 47.6864010 -117.3170010 1953.00 234.000
KSFF/22L 47.6852990 -117.3150020 1954.00 234.000
KSFM/07 43.3869019 -70.7192001 238.00 58.200
KSFM/25 43.3955002 -70.6999969 233.00 238.200
KSFM/14 43.3990710 -70.7113747 240.03 120.000
KSFM/32 43.3936996 -70.6977997 231.00 300.000
KSFO/10L 37.6287420 -122.3934100 5.00 118.000
KSFO/28R 37.6139241 -122.3580766 12.80 298.000
KSFO/10R 37.6262980 -122.3931240 6.00 118.000
KSFO/28L 37.6121061 -122.3592836 12.82 298.000
KSFO/19R 37.6264760 -122.3706300 9.00 208.000
KSFO/19L 37.6273460 -122.3671240 10.00 208.000
KSFQ/04 36.6745987 -76.6033020 67.00 29.200
KSFQ/22 36.6865997 -76.5949020 69.00 209.200
KSFQ/07 36.6809312 -76.6091112 71.72 63.700
KSFQ/25 36.6861992 -76.5959015 69.00 243.700
KSFY/13 42.0498009 -90.1130981 612.00 135.000
KSFY/31 42.0419006 -90.1027985 613.00 315.000
KSFZ/05 41.9165993 -71.4957962 419.00 32.000
KSFZ/23 41.9282989 -71.4860992 420.00 212.000
KSFZ/15 41.9215012 -71.4959030 426.00 139.700
KSFZ/33 41.9147987 -71.4881973 441.00 319.700
KSGF/02 37.2355995 -93.3891983 1264.00 22.000
KSGF/20 37.2535019 -93.3803024 1262.00 202.000
KSGF/14 37.2551994 -93.4004974 1260.00 142.000
KSGF/32 37.2379990 -93.3834991 1268.00 322.000
KSGH/06 39.8350983 -83.8514023 1051.00 54.200
KSGH/24 39.8494988 -83.8254013 1037.00 234.200
KSGH/15 39.8431015 -83.8488007 1042.00 144.200
KSGH/33 39.8308983 -83.8373032 1041.00 324.200
KSGJ/02 29.9545002 -81.3411026 9.00 21.000
KSGJ/20 29.9612007 -81.3380966 6.00 201.000
KSGJ/06 29.9540005 -81.3413010 10.00 62.000
KSGJ/24 29.9575005 -81.3338013 6.00 242.000
KSGJ/13 29.9656949 -81.3479921 9.47 126.000
KSGJ/31 29.9543991 -81.3303986 6.00 306.000
KSGR/17 29.6321616 -95.6575022 81.67 175.300
KSGR/35 29.6167196 -95.6560149 76.74 355.300
KSGS/16 44.8624000 -93.0352020 820.00 163.000
KSGS/34 44.8518982 -93.0305023 818.00 343.000
KSGT/09 34.6040001 -91.5786972 219.00 92.000
KSGT/27 34.6035004 -91.5621033 219.00 272.000
KSGT/18 34.6041985 -91.5784988 220.00 182.000
KSGT/36 34.5876999 -91.5791016 223.00 2.000
KSGU/19 37.0480995 -113.5040970 2884.00 203.000
KSHD/05 38.2574005 -78.9029007 1174.00 38.200
KSHD/23 38.2703018 -78.8899994 1201.00 218.200
KSHL/15 43.2136002 -95.8367004 1419.00 155.500
KSHL/33 43.2032013 -95.8302002 1412.00 335.500
KSHN/05 47.2309990 -123.1569977 259.00 68.000
KSHN/23 47.2360992 -123.1380005 273.00 248.000
KSHR/06 44.7709010 -106.9879990 4021.00 68.000
KSHR/24 44.7761000 -106.9700010 3939.00 248.000
KSHR/15 44.7770000 -106.9879990 4014.00 156.000
KSHR/33 44.7561990 -106.9749980 3975.00 336.000
KSHV/06 32.4450989 -93.8329010 237.00 60.800
KSHV/24 32.4533005 -93.8153992 228.00 240.800
KSHV/14 32.4538002 -93.8348999 258.00 143.000
KSHV/32 32.4356003 -93.8184967 220.00 323.000
KSIF/13 36.4409881 -79.8577383 691.04 124.600
KSIF/31 36.4332008 -79.8436966 667.00 304.600
KSIK/03 36.8919980 -89.5655980 313.00 24.000
KSIK/21 36.9058000 -89.5578990 314.00 204.000
KSIV/18 39.1207008 -87.4481964 537.00 180.700
KSIV/36 39.1086998 -87.4484024 535.00 0.700
KSIY/17 41.7915001 -122.4649963 2647.00 191.000
KSIY/35 41.7714005 -122.4710007 2628.00 11.000
KSJC/12L 37.3722961 -121.9370448 40.02 139.000
KSJC/30R 37.3575470 -121.9207408 51.08 319.000
KSJC/12R 37.3710138 -121.9390433 40.25 138.800
KSJC/30L 37.3562444 -121.9227739 52.61 318.800
KSJN/03 34.5131151 -109.3826229 5724.45 37.000
KSJN/21 34.5200996 -109.3759995 5732.00 217.000
KSJN/14 34.5261993 -109.3830032 5731.00 148.300
KSJN/32 34.5139131 -109.3731619 5735.91 328.300
KSJT/03 31.3497009 -100.5000000 1917.00 43.200
KSJT/21 31.3616009 -100.4869995 1893.00 223.200
KSJT/09 31.3612003 -100.5019989 1903.00 97.500
KSJT/27 31.3596992 -100.4879990 1899.00 277.500
KSJT/18 31.3663821 -100.4983637 1901.21 187.300
KSJT/36 31.3467999 -100.5009995 1919.00 7.300
KSJX/09 45.6915016 -85.5776977 669.00 90.100
KSJX/27 45.6915016 -85.5608978 667.00 270.100
KSJX/14 45.6953011 -85.5680008 669.00 132.000
KSJX/32 45.6892013 -85.5584030 669.00 312.000
KSKA/05 47.6074982 -117.6819992 2461.00 67.000
KSKA/23 47.6226006 -117.6299973 2414.00 247.000
KSKF/16 29.3993000 -98.5867000 690.00 162.000
KSKF/34 29.3691010 -98.5756000 660.00 342.000
KSKI/14 42.3834991 -94.9822006 1249.00 147.400
KSKI/32 42.3781013 -94.9775009 1236.00 327.400
KSKI/18 42.3837013 -94.9794006 1245.00 180.300
KSKI/36 42.3723984 -94.9794006 1235.00 0.300
KSKX/04 36.4537010 -105.6809998 7043.00 56.000
KSKX/22 36.4626007 -105.6640015 7088.00 236.000
KSLB/06 42.5984001 -95.2438965 1488.00 67.000
KSLB/24 42.6003990 -95.2375031 1488.00 247.000
KSLB/13 42.6031729 -95.2432374 1476.43 134.000
KSLB/31 42.5976982 -95.2356033 1467.00 314.000
KSLB/17 42.6011009 -95.2422028 1480.00 175.000
KSLB/35 42.5873985 -95.2405014 1480.00 355.000
KSLC/14 40.7857190 -111.9712550 4222.00 153.000
KSLC/32 40.7737580 -111.9632380 4224.00 333.000
KSLC/16L 40.8074560 -111.9769470 4226.00 175.000
KSLC/34R 40.7746460 -111.9731460 4221.00 355.000
KSLC/16R 40.8077830 -111.9993030 4221.00 175.000
KSLC/34L 40.7749770 -111.9954880 4226.00 355.000
KSLC/17 40.7989200 -111.9620900 4219.00 180.000
KSLC/35 40.7734761 -111.9620890 4223.83 0.000
KSLE/13 44.9169006 -123.0070038 195.00 150.000
KSLE/31 44.9030991 -122.9960022 214.00 330.000
KSLE/16 44.9160995 -123.0029984 196.00 181.000
KSLE/34 44.9020004 -123.0039978 211.00 1.000
KSLG/18 36.1986999 -94.4891968 1190.00 185.300
KSLG/36 36.1850014 -94.4907989 1174.00 5.300
KSLH/10 45.6542020 -84.5271990 641.00 90.000
KSLH/28 45.6542020 -84.5115970 627.00 270.000
KSLI/04L 33.7853110 -118.0620860 20.00 54.000
KSLI/22R 33.7946090 -118.0461630 26.00 234.000
KSLI/04R 33.7837750 -118.0602670 20.00 55.000
KSLI/22L 33.7963950 -118.0386560 35.00 235.000
KSLJ/14 31.1790009 -89.1964035 278.00 139.000
KSLJ/32 31.1686993 -89.1858978 256.00 319.000
KSLK/05 44.3801994 -74.2133026 1638.00 35.000
KSLK/23 44.3950005 -74.1988983 1663.00 215.000
KSLK/09 44.3805008 -74.2138977 1639.00 79.000
KSLK/27 44.3825989 -74.1987991 1638.00 259.000
KSLN/04 38.7862015 -97.6560974 1271.00 49.000
KSLN/22 38.7928009 -97.6464996 1256.00 229.000
KSLN/12 38.7935982 -97.6669998 1258.00 132.000
KSLN/30 38.7815018 -97.6501007 1272.00 312.000
KSLN/17 38.8103981 -97.6460037 1245.00 180.000
KSLN/35 38.7765999 -97.6458969 1271.00 0.000
KSLN/18 38.7938003 -97.6614990 1254.00 180.000
KSLN/36 38.7820015 -97.6613998 1288.00 0.000
KSLO/18 38.6484985 -88.9641037 573.00 180.400
KSLO/36 38.6371994 -88.9642029 563.00 0.400
KSLR/01 33.1530990 -95.6224980 489.00 10.000
KSLR/19 33.1665990 -95.6197970 465.00 190.000
KSMD/05 41.1412450 -85.1565313 833.49 51.000
KSMD/23 41.1463010 -85.1483990 826.00 231.000
KSMD/13 41.1443839 -85.1549328 832.03 128.000
KSMD/31 41.1405980 -85.1486970 826.00 308.000
KSME/05 37.0489998 -84.6210022 914.00 43.000
KSME/23 37.0606003 -84.6074982 922.00 223.000
KSMF/17L 38.7071410 -121.5800770 27.00 181.000
KSMF/35R 38.6835180 -121.5804740 22.00 1.000
KSMF/17R 38.7073550 -121.6011010 25.00 181.000
KSMF/35L 38.6837230 -121.6014930 22.00 1.000
KSMN/17 45.1307983 -113.8799973 4036.00 188.000
KSMN/35 45.1167984 -113.8830032 4043.00 8.000
KSMO/03 34.0123710 -118.4554090 127.00 45.000
KSMO/21 34.0192520 -118.4472720 170.00 225.000
KSMQ/08 40.6257019 -74.6726990 101.00 68.700
KSMQ/26 40.6278000 -74.6652985 101.00 248.700
KSMQ/12 40.6268997 -74.6752014 83.00 109.000
KSMQ/30 40.6245003 -74.6659012 101.00 289.000
KSMQ/17 40.6279983 -74.6719971 100.00 166.600
KSMQ/35 40.6231995 -74.6704025 105.00 346.600
KSMS/05 33.9902000 -80.3676987 178.00 43.200
KSMS/23 34.0012016 -80.3553009 182.00 223.200
KSMS/14 33.9967995 -80.3647003 182.00 134.000
KSMS/32 33.9908981 -80.3573990 182.00 314.000
KSMX/02 34.8933940 -120.4679470 210.00 36.000
KSMX/20 34.9049480 -120.4577600 227.00 216.000
KSMX/12 34.9082820 -120.4643770 222.00 136.000
KSMX/30 34.8926250 -120.4456440 261.00 316.000
KSNA/02L 33.6678120 -117.8738520 54.00 28.000
KSNA/20R 33.6816550 -117.8650800 42.00 208.000
KSNA/02R 33.6740040 -117.8680680 52.00 28.000
KSNA/20L 33.6810140 -117.8636280 40.00 208.000
KSNC/17 41.3856523 -72.5072281 401.64 160.900
KSNC/35 41.3805008 -72.5047989 408.00 340.900
KSNH/01 35.1633990 -88.2177960 473.00 8.000
KSNH/19 35.1771010 -88.2155990 454.00 188.000
KSNK/08 32.6903000 -100.9589996 2376.00 90.000
KSNK/26 32.6903000 -100.9459991 2430.00 270.000
KSNK/17 32.7033997 -100.9489975 2418.00 180.000
KSNK/35 32.6879997 -100.9489975 2426.00 0.000
KSNL/17 35.3655014 -96.9428024 1069.00 180.000
KSNL/35 35.3502006 -96.9428024 1067.00 0.000
KSNS/08 36.6627708 -121.6176630 71.86 96.800
KSNS/26 36.6609001 -121.5979996 84.00 276.800
KSNS/13 36.6685982 -121.6100006 84.00 147.800
KSNS/31 36.6573982 -121.6009979 82.00 327.800
KSNY/03 41.0924988 -102.9899979 4295.00 36.000
KSNY/21 41.1029015 -102.9789963 4282.00 216.000
KSNY/13 41.1077003 -102.9940033 4313.00 135.000
KSNY/31 41.0948982 -102.9769974 4281.00 315.000
KSOA/18 30.5909488 -100.6470546 2138.98 190.000
KSOA/36 30.5802002 -100.6500015 2138.00 10.000
KSOP/05 35.2323990 -79.3954010 455.00 46.200
KSOP/23 35.2428017 -79.3821030 431.00 226.200
KSOW/04 34.2606010 -110.0070040 6400.00 48.000
KSOW/22 34.2677990 -109.9980010 6401.00 228.000
KSOW/07 34.2642662 -110.0167442 6399.10 76.000
KSOW/25 34.2681026 -109.9984158 6399.90 256.000
KSPA/05 34.9104004 -81.9621963 793.00 41.600
KSPA/23 34.9211006 -81.9506988 789.00 221.600
KSPB/15 45.7779007 -122.8639984 55.00 169.000
KSPB/33 45.7641983 -122.8600006 27.00 349.000
KSPF/04 44.4771004 -103.7799988 3902.00 41.000
KSPF/22 44.4812012 -103.7750015 3862.00 221.000
KSPF/08 44.4766998 -103.7939987 3931.00 90.000
KSPF/26 44.4766998 -103.7789993 3931.00 270.000
KSPF/13 44.4907989 -103.7969971 3884.00 135.000
KSPF/31 44.4782982 -103.7789993 3895.00 315.000
KSPG/07 27.7639188 -82.6320721 6.85 62.000
KSPG/25 27.7679005 -82.6235962 6.00 242.000
KSPG/18 27.7684994 -82.6249008 5.00 180.000
KSPG/36 27.7605991 -82.6249008 5.00 0.000
KSPH/18 32.9888992 -93.4092026 218.00 181.000
KSPH/36 32.9780006 -93.4092026 207.00 1.000
KSPI/04 39.8368988 -89.6864014 587.00 41.500
KSPI/22 39.8532982 -89.6675034 597.00 221.500
KSPI/13 39.8485089 -89.6858883 588.51 127.000
KSPI/31 39.8380012 -89.6676025 583.00 307.000
KSPI/18 39.8502998 -89.6794968 590.00 180.000
KSPI/36 39.8358002 -89.6799011 587.00 0.000
KSPS/15C 34.0063019 -98.4971008 1002.00 158.300
KSPS/33C 33.9807014 -98.4849014 989.00 338.300
KSPS/15L 34.0112000 -98.4933014 1019.00 158.300
KSPS/33R 33.9958992 -98.4859009 999.00 338.300
KSPS/15R 34.0038986 -98.4994965 1000.00 158.300
KSPS/33L 33.9702988 -98.4834976 998.00 338.300
KSPS/17 33.9823990 -98.4957962 1001.00 180.500
KSPS/35 33.9631004 -98.4960022 1014.00 0.500
KSPW/12 43.1707001 -95.2121963 1339.00 126.200
KSPW/30 43.1609993 -95.1940002 1337.00 306.200
KSPW/18 43.1721001 -95.2015991 1337.00 185.600
KSPW/36 43.1581993 -95.2033997 1336.00 5.600
KSPZ/06 39.4001010 -119.2610020 4265.00 69.000
KSPZ/24 39.4059980 -119.2409970 4215.00 249.000
KSQI/07 41.7392006 -89.6847000 647.00 70.100
KSQI/25 41.7452011 -89.6623001 647.00 250.100
KSQI/18 41.7492981 -89.6809006 641.00 180.100
KSQI/36 41.7386017 -89.6809006 644.00 0.100
KSQL/12 37.5145280 -122.2525600 5.00 138.000
KSQL/30 37.5091980 -122.2465270 5.00 318.000
KSRB/04 36.0490990 -85.5364990 1025.00 34.700
KSRB/22 36.0626984 -85.5249023 1023.00 214.700
KSRC/01 35.2039340 -91.7393230 237.41 13.000
KSRC/19 35.2187004 -91.7352982 264.00 193.000
KSRE/05 35.2701988 -96.6785965 995.00 36.000
KSRE/23 35.2746010 -96.6745987 1012.00 216.000
KSRE/16 35.2823982 -96.6770020 1024.00 166.000
KSRE/34 35.2691002 -96.6727982 1000.00 346.000
KSRQ/04 27.3899994 -82.5577011 23.00 38.000
KSRQ/22 27.4008007 -82.5481033 25.00 218.000
KSRQ/14 27.4020295 -82.5625992 24.57 134.000
KSRQ/32 27.3884832 -82.5472478 27.52 314.000
KSRR/06 33.4593010 -105.5469971 6814.00 71.000
KSRR/24 33.4664001 -105.5220032 6751.00 251.000
KSRR/12 33.4640007 -105.5309982 6769.00 130.000
KSRR/30 33.4525986 -105.5139999 6718.00 310.000
KSSC/04L 33.9617004 -80.4814987 238.00 34.700
KSSC/22R 33.9842987 -80.4626999 241.00 214.700
KSSC/04R 33.9632988 -80.4761963 237.00 34.700
KSSC/22L 33.9813995 -80.4610977 235.00 214.700
KSSF/09 29.3383720 -98.4802728 576.46 103.000
KSSF/27 29.3356990 -98.4661030 564.00 283.000
KSSF/14 29.3402827 -98.4709573 568.88 145.400
KSSF/32 29.3330384 -98.4653630 557.35 325.400
KSSI/04 31.1474183 -81.3975162 12.90 36.000
KSSI/22 31.1581001 -81.3883972 17.00 216.000
KSSI/16 31.1562004 -81.3889008 18.00 154.000
KSSI/34 31.1480007 -81.3843002 13.00 334.000
KSSQ/14 45.7338669 -91.9239510 1231.17 137.000
KSSQ/32 45.7276001 -91.9157028 1227.00 317.000
KSTC/05 45.5433006 -94.0650024 1021.00 59.000
KSTC/23 45.5475006 -94.0549011 1022.00 239.000
KSTC/13 45.5539017 -94.0692978 1031.00 136.000
KSTC/31 45.5401001 -94.0503998 1017.00 316.000
KSTE/03 44.5383987 -89.5365982 1103.00 29.600
KSTE/21 44.5527992 -89.5251999 1110.00 209.600
KSTE/12 44.5467987 -89.5353012 1105.00 120.000
KSTE/30 44.5418015 -89.5232010 1103.00 300.000
KSTF/18 33.4369183 -88.8487215 328.76 179.000
KSTF/36 33.4254990 -88.8483963 322.00 359.000
KSTJ/13 39.7739983 -94.9204025 811.00 135.800
KSTJ/31 39.7645988 -94.9084015 811.00 315.800
KSTJ/17 39.7845993 -94.9068985 826.00 180.000
KSTJ/35 39.7625008 -94.9068985 812.00 0.000
KSTK/04 40.6102980 -103.2679980 4032.00 45.000
KSTK/22 40.6152000 -103.2610020 4029.00 225.000
KSTK/15 40.6220069 -103.2666389 4033.21 166.000
KSTK/33 40.6106000 -103.2630010 4024.00 346.000
KSTL/06 38.7466840 -90.3812180 551.00 63.000
KSTL/24 38.7562170 -90.3575040 533.00 243.000
KSTL/11 38.7599520 -90.4098720 617.00 122.000
KSTL/29 38.7467920 -90.3831630 555.00 302.000
KSTL/12L 38.7517930 -90.3663220 528.00 122.000
KSTL/30R 38.7386070 -90.3395850 605.00 302.000
KSTL/12R 38.7532213 -90.3777580 541.92 122.000
KSTL/30L 38.7377820 -90.3464640 585.00 302.000
KSTP/09 44.9348984 -93.0673981 700.00 90.700
KSTP/27 44.9347000 -93.0532989 700.00 270.700
KSTP/13 44.9392013 -93.0650024 704.00 127.700
KSTP/31 44.9323006 -93.0524979 700.00 307.700
KSTP/14 44.9404273 -93.0670657 703.95 146.000
KSTP/32 44.9270362 -93.0543815 703.08 326.000
KSTS/02 38.5032005 -122.8209991 129.00 29.000
KSTS/20 38.5157013 -122.8119965 113.00 209.000
KSTS/14 38.5175018 -122.8140030 111.00 157.000
KSTS/32 38.5023003 -122.8059998 120.00 337.000
KSUA/07 27.1816997 -80.2289963 17.00 68.000
KSUA/25 27.1863995 -80.2156982 12.00 248.000
KSUA/12 27.1813804 -80.2295876 15.77 110.000
KSUA/30 27.1763992 -80.2145996 14.00 290.000
KSUA/16 27.1876741 -80.2211508 14.00 154.000
KSUA/34 27.1782678 -80.2161850 14.00 334.000
KSUD/18 35.7942009 -96.6561966 901.00 180.000
KSUD/36 35.7859993 -96.6561966 892.00 0.000
KSUE/02 44.8368988 -87.4247971 722.00 13.000
KSUE/20 44.8492012 -87.4207993 704.00 193.000
KSUE/10 44.8446999 -87.4259033 719.00 93.000
KSUE/28 44.8442993 -87.4135971 715.00 273.000
KSUN/13 43.5088286 -114.3007471 5302.65 145.000
KSUN/31 43.4967000 -114.2890010 5269.00 325.000
KSUS/08L 38.6641006 -90.6682968 463.00 78.000
KSUS/26R 38.6669998 -90.6511002 463.00 258.000
KSUS/08R 38.6576996 -90.6596985 461.00 78.000
KSUS/26L 38.6618996 -90.6341019 462.00 258.000
KSUT/05 33.9250980 -78.0793000 20.00 41.000
KSUT/23 33.9333990 -78.0707020 23.00 221.000
KSUU/03L 38.2433014 -121.9570007 36.00 47.700
KSUU/21R 38.2635994 -121.9290009 53.00 227.700
KSUU/03R 38.2615013 -121.9260025 56.00 47.700
KSUU/21L 38.2817993 -121.8980026 55.00 227.700
KSUW/04 46.6837006 -92.0998001 674.00 36.700
KSUW/22 46.6958008 -92.0895996 674.00 216.700
KSUW/14 46.6874008 -92.1003037 672.00 139.300
KSUW/32 46.6790009 -92.0901032 673.00 319.300
KSUX/13 42.4091988 -96.3976974 1093.00 136.000
KSUX/31 42.3914986 -96.3743973 1093.00 316.000
KSUX/17 42.4146996 -96.3818970 1097.00 181.000
KSUX/35 42.3965988 -96.3822021 1095.00 1.000
KSUZ/02 34.5839005 -92.4822998 390.00 20.000
KSUZ/20 34.5969009 -92.4766006 387.00 200.000
KSVC/03 32.6329002 -108.1630020 5446.00 45.300
KSVC/21 32.6417007 -108.1529999 5446.00 225.300
KSVC/08 32.6324005 -108.1650009 5386.00 90.200
KSVC/26 32.6324005 -108.1429977 5377.00 270.200
KSVC/12 32.6418991 -108.1610031 5446.00 135.000
KSVC/30 32.6329002 -108.1500015 5446.00 315.000
KSVC/17 32.6476009 -108.1579996 5446.00 180.400
KSVC/35 32.6328011 -108.1589966 5446.00 0.400
KSVE/07 40.3745003 -120.5780029 4149.00 89.000
KSVE/25 40.3745995 -120.5699997 4131.00 269.000
KSVE/11 40.3797989 -120.5770035 4147.00 129.000
KSVE/29 40.3727989 -120.5660019 4122.00 309.000
KSVH/10 35.7657772 -80.9622446 954.71 96.800
KSVH/28 35.7639008 -80.9421997 959.00 276.800
KSVN/10 32.0106010 -81.1642990 18.00 92.000
KSVN/28 32.0093994 -81.1277008 28.00 272.000
KSWF/09 41.5019126 -74.1233328 479.63 78.300
KSWF/27 41.5074005 -74.0883026 468.00 258.300
KSWF/16 41.5111008 -74.1017990 471.00 149.500
KSWF/34 41.4968986 -74.0905991 437.00 329.500
KSWI/16 33.6295013 -96.5876999 745.00 166.100
KSWI/34 33.6188011 -96.5846024 711.00 346.100
KSWO/04 36.1553993 -97.0905991 960.00 44.500
KSWO/22 36.1651993 -97.0786972 984.00 224.500
KSWO/17 36.1722984 -97.0868988 1000.00 179.500
KSWO/35 36.1520004 -97.0866013 964.00 359.500
KSWT/04 40.8629990 -97.1138992 1500.00 46.900
KSWT/22 40.8694000 -97.1048965 1494.00 226.900
KSWT/16 40.8693008 -97.1095963 1494.00 174.000
KSWT/34 40.8577995 -97.1081009 1505.00 354.000
KSWW/04 32.4609985 -100.4710007 2379.00 43.400
KSWW/22 32.4723015 -100.4580002 2337.00 223.400
KSWW/17 32.4760017 -100.4690018 2340.00 173.600
KSWW/35 32.4600983 -100.4670029 2369.00 353.600
KSXL/04 38.2282982 -80.8740005 1808.00 36.800
KSXL/22 38.2349014 -80.8676987 1820.00 216.800
KSYF/18 39.7649002 -101.7919998 3380.00 199.100
KSYF/36 39.7588997 -101.7949982 3407.00 19.100
KSYI/18 35.5670013 -86.4425964 799.00 179.300
KSYI/36 35.5531998 -86.4423981 795.00 359.300
KSYR/10 43.1082001 -76.1261978 419.00 87.300
KSYR/28 43.1092987 -76.0924988 400.00 267.300
KSYR/15 43.1212006 -76.1128006 416.00 133.800
KSYR/33 43.1069984 -76.0925980 402.00 313.800
KSYV/01 31.5541000 -83.8967972 392.00 12.000
KSYV/19 31.5629005 -83.8945999 393.00 192.000
KSZL/01 38.7136002 -93.5520020 838.00 11.000
KSZL/19 38.7470016 -93.5437012 870.00 191.000
KSZT/02 48.2932010 -116.5660020 2129.00 32.000
KSZT/20 48.3059010 -116.5540010 2130.00 212.000
KSZY/17 35.2094994 -88.5003967 603.00 164.900
KSZY/35 35.1963005 -88.4960022 610.00 344.900
KT00/12 29.7726994 -94.6660995 20.00 129.000
KT00/30 29.7675991 -94.6586990 20.00 309.000
KT00/17 29.7730007 -94.6651993 20.00 180.000
KT00/35 29.7667999 -94.6651993 20.00 0.000
KT05/30 26.5604000 -97.4337006 10.00 303.000
KT12/13 30.6500902 -93.9189409 119.56 133.000
KT12/31 30.6441221 -93.9115297 115.30 313.000
KT15/17 31.3448009 -96.8518982 410.00 181.000
KT15/35 31.3367441 -96.8520916 402.24 1.000
KT16/06 33.6982994 -108.8580017 6361.00 75.400
KT16/24 33.7016983 -108.8430023 6271.00 255.400
KT19/14 27.8868999 -98.6031036 528.00 143.000
KT19/32 27.8799992 -98.5971985 564.00 323.000
KT20/15 29.5317993 -97.4638977 340.00 150.000
KT20/33 29.5242004 -97.4589005 350.00 330.000
KT23/17 32.7239000 -99.2675020 1404.00 180.000
KT23/35 32.7136000 -99.2675020 1412.00 0.000
KT24/17 31.2385998 -93.9819031 260.00 180.000
KT30/13 28.8269612 -99.1140456 584.93 137.200
KT30/31 28.8175094 -99.1040261 554.98 317.200
KT35/34 30.8752995 -96.9697037 402.00 344.000
KT39/35 33.5778999 -98.6186981 1065.00 0.000
KT41/05 29.6667995 -95.0677032 23.00 51.300
KT41/23 29.6718998 -95.0604019 24.00 231.300
KT41/12 29.6722922 -95.0691193 24.00 126.200
KT41/30 29.6664509 -95.0600215 24.00 306.200
KT42/13 40.2144012 -123.3020020 2765.00 142.600
KT42/31 40.2069016 -123.2939987 2782.00 322.600
KT45/17 35.3676987 -101.3649979 3451.00 179.900
KT45/35 35.3555985 -101.3649979 3452.00 359.900
KT50/15 30.9374180 -99.8190297 1928.24 154.000
KT50/33 30.9283009 -99.8139038 1915.00 334.000
KT51/17 30.0468016 -95.6672903 161.37 179.500
KT51/35 30.0390965 -95.6672092 165.42 359.500
KT55/19 34.5738983 -102.3199997 3883.00 197.600
KT59/17 35.4560013 -100.1999969 2431.00 180.000
KT59/35 35.4463576 -100.1999969 2469.38 0.000
KT60/17 33.1775017 -100.1979980 1714.00 180.000
KT60/35 33.1666985 -100.1979980 1744.00 0.000
KT65/13 26.1826290 -97.9774750 68.03 142.000
KT65/31 26.1721992 -97.9682999 69.00 322.000
KT69/14 28.0436341 -97.5457672 46.06 145.800
KT69/32 28.0352067 -97.5393945 46.91 325.800
KT74/17 30.5781002 -97.4432983 600.00 178.700
KT74/35 30.5686078 -97.4430405 555.15 358.700
KT78/16 30.0828991 -94.6999969 69.00 165.800
KT78/34 30.0727005 -94.6970978 69.00 345.800
KT82/14 30.2490005 -98.9134979 1695.00 146.700
KT82/32 30.2374992 -98.9048004 1677.00 326.700
KT85/13 29.3164997 -97.1423035 365.00 134.200
KT85/31 29.3099003 -97.1344986 341.00 314.200
KT88/17 32.4760017 -100.9209976 2214.00 181.000
KT88/35 32.4608994 -100.9209976 2205.00 1.000
KT90/18 29.8092003 -94.4310989 25.00 180.000
KT92/13 30.7355003 -99.1869965 1514.00 138.000
KT92/31 30.7290993 -99.1802979 1490.00 318.000
KT92/17 30.7373009 -99.1841965 1502.00 181.000
KT92/35 30.7271004 -99.1844025 1498.00 1.000
KT93/17 36.4463997 -100.1240005 2532.00 180.000
KT93/35 36.4351997 -100.1240005 2601.00 0.000
KTAD/03 37.2556992 -104.3420029 5755.00 44.900
KTAD/21 37.2663994 -104.3290024 5734.00 224.900
KTAD/09 37.2608986 -104.3529968 5760.00 106.100
KTAD/27 37.2566986 -104.3349991 5748.00 286.100
KTAN/04 41.8754005 -71.0226974 35.00 27.000
KTAN/22 41.8801002 -71.0195999 27.00 207.000
KTAN/12 41.8740997 -71.0197983 36.00 107.700
KTAN/30 41.8712006 -71.0075989 43.00 287.700
KTAZ/09R 39.5297012 -89.3416977 616.00 90.000
KTAZ/27L 39.5298996 -89.3292999 616.00 270.000
KTAZ/18 39.5377998 -89.3274994 616.00 179.000
KTAZ/36 39.5269012 -89.3273010 620.00 359.000
KTBN/15 37.7469469 -92.1462814 1158.67 140.000
KTBN/33 37.7364046 -92.1351771 1155.35 320.000
KTBR/06 32.4828990 -81.7427980 178.00 47.000
KTBR/24 32.4907000 -81.7320020 187.00 227.000
KTBR/14 32.4855995 -81.7434998 187.00 135.000
KTBR/32 32.4744813 -81.7303874 160.40 315.000
KTCC/03 35.1749000 -103.6110001 4040.00 45.000
KTCC/21 35.1887016 -103.5940018 4047.00 225.000
KTCC/08 35.1842995 -103.6119995 4065.00 90.000
KTCC/26 35.1842995 -103.5960007 4036.00 270.000
KTCL/04 33.2100983 -87.6192017 153.00 41.000
KTCL/22 33.2235985 -87.6052017 164.00 221.000
KTCL/12 33.2291980 -87.6159970 167.00 117.000
KTCL/30 33.2243000 -87.6042020 165.00 297.000
KTCM/16 47.1515007 -122.4769974 286.00 180.000
KTCM/34 47.1237984 -122.4759979 322.00 0.000
KTCS/01 33.2300987 -107.2699966 4810.00 21.400
KTCS/19 33.2384987 -107.2659988 4810.00 201.400
KTCS/07 33.2336998 -107.2740021 4830.00 80.100
KTCS/25 33.2350998 -107.2649994 4810.00 260.100
KTCS/13 33.2431984 -107.2770004 4850.00 144.500
KTCS/31 33.2271004 -107.2630005 4794.00 324.500
KTCS/15 33.2387009 -107.2679977 4820.00 166.700
KTCS/33 33.2308998 -107.2649994 4850.00 346.700
KTCY/08 37.6904983 -121.4489975 193.00 90.000
KTCY/26 37.6906014 -121.4349976 171.00 270.000
KTCY/12 37.6911011 -121.4459991 180.00 131.500
KTCY/30 37.6838989 -121.4359970 193.00 311.500
KTDF/06 36.2805452 -78.9903233 593.40 50.500
KTDF/24 36.2896996 -78.9766006 606.00 230.500
KTDO/06 46.4753990 -122.8150024 356.00 74.000
KTDO/24 46.4789009 -122.7979965 374.00 254.000
KTDW/05 35.1655006 -101.8290024 3642.00 55.900
KTDW/23 35.1701012 -101.8209991 3626.00 235.900
KTDW/17 35.1773057 -101.8259947 3646.60 179.900
KTDW/35 35.1641007 -101.8259964 3640.00 359.900
KTDZ/04 41.5600014 -83.4860992 622.00 39.000
KTDZ/22 41.5677986 -83.4777985 620.00 219.000
KTDZ/14 41.5698947 -83.4885684 620.10 134.000
KTDZ/32 41.5598984 -83.4748001 621.00 314.000
KTEB/19 40.8557465 -74.0591090 7.22 183.000
KTEB/24 40.8577480 -74.0540970 8.00 228.000
KTEL/13 38.0229988 -86.6978989 608.00 134.000
KTEL/31 38.0145988 -86.6868973 659.00 314.000
KTEW/10 42.5657997 -84.4306030 920.00 90.000
KTEW/28 42.5657997 -84.4158020 915.00 270.000
KTEX/09 37.9561997 -107.9199982 9061.00 105.000
KTEX/27 37.9513016 -107.8970032 9078.00 285.000
KTFP/13 27.9183006 -97.2164993 15.00 139.700
KTFP/31 27.9078007 -97.2064972 13.00 319.700
KTGC/01 35.9258995 -88.8501968 359.00 8.900
KTGC/19 35.9389992 -88.8477020 355.00 188.900
KTGI/02 37.8209000 -75.9988022 5.00 9.000
KTGI/20 37.8289986 -75.9971008 5.00 189.000
KTHA/06 35.3785019 -86.2543030 1082.00 57.800
KTHA/24 35.3857994 -86.2400971 1079.00 237.800
KTHA/09 35.3741989 -86.2545013 1078.00 89.200
KTHA/27 35.3742981 -86.2454987 1075.00 269.200
KTHA/18 35.3880997 -86.2435989 1077.00 180.000
KTHA/36 35.3742981 -86.2434998 1081.00 0.000
KTHM/08 47.5747990 -115.2929990 2463.00 90.000
KTHM/26 47.5751000 -115.2760010 2467.00 270.000
KTHV/17 39.9215126 -76.8756913 471.54 155.000
KTHV/35 39.9123380 -76.8703193 478.57 335.000
KTIF/11 41.9645004 -100.5749969 2926.00 118.200
KTIF/29 41.9598007 -100.5630035 2914.00 298.200
KTIK/13 35.4249000 -97.4042970 1226.00 131.000
KTIK/31 35.4067990 -97.3789980 1277.00 311.000
KTIK/18 35.4290010 -97.3821030 1260.00 180.000
KTIP/09 40.2919998 -88.1499023 735.00 89.600
KTIP/27 40.2920990 -88.1320038 729.00 269.600
KTIP/18 40.3017998 -88.1438980 737.00 180.000
KTIP/36 40.2883987 -88.1438980 733.00 0.000
KTIW/17 47.2747002 -122.5770035 289.00 187.000
KTIW/35 47.2611008 -122.5790024 292.00 7.000
KTIX/09 28.5151005 -80.8106995 32.00 89.100
KTIX/27 28.5153008 -80.7950974 31.00 269.100
KTIX/18 28.5237248 -80.7968805 30.17 179.000
KTIX/36 28.5044994 -80.7966003 34.00 359.000
KTKC/11 44.2508011 -95.6112976 1331.00 120.000
KTKC/29 44.2467003 -95.6008987 1336.00 300.000
KTKC/17 44.2510986 -95.6082993 1326.00 179.000
KTKC/35 44.2458992 -95.6082993 1336.00 359.000
KTKI/18 33.1875992 -96.5901032 575.00 182.000
KTKI/36 33.1683006 -96.5910034 585.00 2.000
KTKV/09 45.4691009 -89.8134994 1467.00 90.000
KTKV/27 45.4691009 -89.7978973 1486.00 270.000
KTKX/02 36.2172012 -90.0406036 259.00 18.000
KTKX/20 36.2303009 -90.0354004 258.00 198.000
KTKX/18 36.2335014 -90.0345993 260.00 179.000
KTKX/36 36.2252007 -90.0343018 258.00 359.000
KTLH/09 30.3913002 -84.3564987 61.00 89.000
KTLH/27 30.3915005 -84.3311996 49.00 269.000
KTLH/18 30.4116001 -84.3590012 81.00 179.000
KTLH/36 30.3948994 -84.3588028 58.00 359.000
KTLR/13 36.1605987 -119.3300018 271.00 147.000
KTLR/31 36.1515999 -119.3229980 269.00 327.000
KTMA/10 31.4319992 -83.4922028 351.00 94.000
KTMA/28 31.4312000 -83.4800034 339.00 274.000
KTMA/16 31.4337010 -83.4946980 352.00 149.000
KTMA/34 31.4207000 -83.4857030 339.00 329.000
KTMB/09L 25.6525990 -80.4401020 8.00 87.000
KTMB/27R 25.6532990 -80.4248960 8.00 267.000
KTMB/09R 25.6430000 -80.4381030 8.00 87.000
KTMB/27L 25.6437000 -80.4228970 8.00 267.000
KTMB/13 25.6506004 -80.4408035 8.00 127.000
KTMB/31 25.6438999 -80.4310989 8.00 307.000
KTME/18 29.8141003 -95.8980026 166.00 179.000
KTME/36 29.7959003 -95.8976974 163.00 359.000
KTMK/01 45.4151001 -123.8160019 25.00 30.000
KTMK/19 45.4220009 -123.8109970 32.00 210.000
KTMK/13 45.4243011 -123.8190002 17.00 155.000
KTMK/31 45.4118004 -123.8109970 36.00 335.000
KTNP/08 34.1343002 -115.9530029 1877.00 90.000
KTNP/26 34.1343994 -115.9349976 1787.00 270.000
KTNP/17 34.1327019 -115.9479980 1854.00 180.000
KTNP/35 34.1222992 -115.9479980 1887.00 0.000
KTNT/27 25.8617990 -80.8809970 12.00 270.000
KTNU/14 41.6804008 -93.0280991 952.00 141.200
KTNU/32 41.6683998 -93.0152969 945.00 321.200
KTNX/15 37.8139990 -116.7890010 5473.00 157.000
KTNX/33 37.7836000 -116.7730030 5550.00 337.000
KTOA/11L 33.8071317 -118.3442990 91.65 129.000
KTOA/29R 33.8004485 -118.3341793 96.35 309.000
KTOA/11R 33.8052760 -118.3441280 94.00 129.000
KTOA/29L 33.8001550 -118.3363980 103.00 309.000
KTOB/16 44.0232010 -92.8323975 1295.00 166.000
KTOB/34 44.0112000 -92.8282013 1305.00 346.000
KTOC/03 34.5873990 -83.2997970 994.00 21.000
KTOC/21 34.5976980 -83.2950970 968.00 201.000
KTOC/09 34.5951996 -83.2985001 972.00 88.000
KTOC/27 34.5955009 -83.2886963 948.00 268.000
KTOI/07 31.8586998 -86.0218964 389.00 69.000
KTOI/25 31.8635998 -86.0067978 394.00 249.000
KTOI/14 31.8652000 -86.0149002 398.00 143.000
KTOI/32 31.8542004 -86.0050964 366.00 323.000
KTOL/07 41.5814018 -83.8307037 683.00 67.000
KTOL/25 41.5927010 -83.7949982 664.00 247.000
KTOL/16 41.5934982 -83.8022995 674.00 157.000
KTOL/34 41.5792999 -83.7944031 665.00 337.000
KTOP/04 39.0653992 -95.6268005 878.00 49.100
KTOP/22 39.0708008 -95.6187973 879.00 229.100
KTOP/13 39.0747986 -95.6269989 880.00 134.300
KTOP/31 39.0649986 -95.6141968 875.00 314.300
KTOP/18 39.0735016 -95.6241989 879.00 181.700
KTOP/36 39.0615997 -95.6247025 880.00 1.700
KTOR/02 42.0623016 -104.1520004 4196.00 28.500
KTOR/20 42.0695992 -104.1470032 4193.00 208.500
KTOR/10 42.0671997 -104.1640015 4203.00 115.400
KTOR/28 42.0603981 -104.1449966 4194.00 295.400
KTPA/10 27.9708004 -82.5361023 14.00 92.000
KTPA/28 27.9701996 -82.5143967 26.00 272.000
KTPA/19L 27.9871006 -82.5281982 26.00 182.000
KTPA/01R 27.9643002 -82.5289993 18.00 2.000
KTPA/19R 27.9934998 -82.5412979 21.00 182.000
KTPA/01L 27.9633007 -82.5423965 11.00 2.000
KTPF/04 27.9113010 -82.4537960 7.00 37.000
KTPF/22 27.9188000 -82.4474030 8.00 217.000
KTPF/18 27.9194559 -82.4480216 7.00 173.000
KTPF/36 27.9125996 -82.4470978 7.00 353.000
KTPH/11 38.0671997 -117.0920029 5426.00 125.000
KTPH/29 38.0586014 -117.0759964 5426.00 305.000
KTPH/15 38.0675011 -117.0930023 5426.00 165.000
KTPH/33 38.0488014 -117.0859985 5392.00 345.000
KTPL/03 31.1476990 -97.4095000 674.00 28.000
KTPL/21 31.1593000 -97.4024960 665.00 208.000
KTPL/16 31.1600000 -97.4122010 682.00 163.000
KTPL/34 31.1434990 -97.4060970 669.00 343.000
KTQE/15 41.7685010 -96.1811980 1027.00 154.000
KTQE/33 41.7585980 -96.1746980 1025.00 334.000
KTQH/17 35.9343990 -95.0043030 873.00 182.000
KTQH/35 35.9234010 -95.0047990 851.00 2.000
KTQK/17 38.4812012 -100.8850021 2960.00 179.000
KTQK/35 38.4673996 -100.8850021 2956.00 359.000
KTRI/05 36.4653015 -82.4190979 1488.00 42.600
KTRI/23 36.4814987 -82.4007034 1518.00 222.600
KTRI/09 36.4782982 -82.4104996 1519.00 89.000
KTRI/27 36.4785004 -82.3954010 1509.00 269.000
KTRK/02 39.3144989 -120.1399994 5886.00 29.900
KTRK/20 39.3253264 -120.1322069 5890.88 209.900
KTRK/11 39.3247986 -120.1529999 5897.00 120.100
KTRK/29 39.3152008 -120.1309967 5889.00 300.100
KTRL/18 32.7154010 -96.2670970 474.00 180.000
KTRL/36 32.7015990 -96.2670970 456.00 0.000
KTRM/12 33.6301740 -116.1709890 -116.00 135.000
KTRM/30 33.6204600 -116.1593810 -131.00 315.000
KTRM/17 33.6391490 -116.1564210 -115.00 180.000
KTRM/35 33.6157870 -116.1564320 -135.00 0.000
KTRX/18 40.0886695 -93.5906815 756.81 179.000
KTRX/36 40.0775986 -93.5904999 754.00 359.000
KTSO/07 40.5592995 -81.0845032 1163.00 64.400
KTSO/25 40.5643997 -81.0705032 1163.00 244.400
KTSP/11 35.1376628 -118.4442077 3964.47 124.000
KTSP/29 35.1319008 -118.4339981 3997.00 304.000
KTTA/03 35.5738983 -79.1052017 246.00 20.600
KTTA/21 35.5908012 -79.0975037 230.00 200.600
KTTD/07 45.5491982 -122.4120026 28.00 89.000
KTTD/25 45.5494995 -122.3909988 39.00 269.000
KTTF/03 41.9336014 -83.4382019 611.00 22.500
KTTF/21 41.9462013 -83.4311981 615.00 202.500
KTTN/06 40.2697983 -74.8216019 160.00 47.000
KTTN/24 40.2811012 -74.8059998 192.00 227.000
KTTN/16 40.2836990 -74.8180008 212.00 145.700
KTTN/34 40.2728004 -74.8082962 174.00 325.700
KTTS/15 28.6327992 -80.7061005 10.00 150.000
KTTS/33 28.5970001 -80.6827011 10.00 330.000
KTUL/08 36.1954002 -95.8990021 671.00 89.400
KTUL/26 36.1955986 -95.8740006 633.00 269.400
KTUL/18L 36.2139015 -95.8813019 626.00 183.100
KTUL/36R 36.1865005 -95.8831024 644.00 3.100
KTUL/18R 36.2071991 -95.8991013 634.00 183.100
KTUL/36L 36.1904983 -95.9001999 677.00 3.100
KTUP/18 34.2770004 -88.7698975 342.00 180.000
KTUP/36 34.2592011 -88.7698975 346.00 0.000
KTUS/04 32.1188465 -110.9570547 2564.61 45.000
KTUS/22 32.1307980 -110.9430010 2569.00 225.000
KTUS/12 32.1234000 -110.9479000 2578.00 135.000
KTUS/30 32.1020000 -110.9228000 2643.00 315.000
KTVB/03 37.1290016 -92.0867996 1220.00 32.800
KTVB/21 37.1358986 -92.0811997 1206.00 212.800
KTVC/10 44.7411995 -85.5904007 624.00 94.000
KTVC/28 44.7400017 -85.5653992 608.00 274.000
KTVC/18 44.7495613 -85.5876999 617.35 180.000
KTVC/36 44.7355003 -85.5876999 624.00 0.000
KTVF/13 48.0709991 -96.1933975 1113.00 135.000
KTVF/31 48.0583992 -96.1744995 1112.00 315.000
KTVI/04 30.8952007 -83.8876038 239.00 40.000
KTVI/22 30.9067993 -83.8762970 235.00 220.000
KTVI/14 30.9073009 -83.8861008 264.00 133.000
KTVI/32 30.8978996 -83.8743973 250.00 313.000
KTVK/16 40.6907005 -92.9041977 1020.00 158.000
KTVK/34 40.6801987 -92.8986969 1020.00 338.000
KTVL/18 38.9053001 -119.9919968 6251.00 192.900
KTVL/36 38.8824997 -119.9990005 6259.00 12.900
KTVR/18 32.3585014 -91.0278015 85.00 179.000
KTVR/36 32.3446999 -91.0276031 86.00 359.000
KTVY/17 40.6208992 -112.3509979 4270.00 179.100
KTVY/35 40.6041985 -112.3509979 4318.00 359.100
KTWF/08 42.4813000 -114.5029980 4141.00 91.000
KTWF/26 42.4807010 -114.4710010 4149.00 271.000
KTWF/12 42.4872017 -114.4940033 4104.00 136.000
KTWF/30 42.4808006 -114.4850006 4145.00 316.000
KTWM/06 47.0472984 -91.7530975 1073.00 63.000
KTWM/24 47.0528984 -91.7375031 1070.00 243.000
KTWM/15 47.0507011 -91.7481003 1075.00 143.000
KTWM/33 47.0451012 -91.7419968 1040.00 323.000
KTWT/18 37.5485992 -87.9539032 370.00 183.000
KTWT/36 37.5349007 -87.9548035 372.00 3.000
KTXK/04 33.4463005 -94.0014038 338.00 46.000
KTXK/22 33.4590988 -93.9860992 384.00 226.000
KTXK/13 33.4588558 -93.9922089 364.96 135.000
KTXK/31 33.4500008 -93.9815979 386.00 315.000
KTYL/03 34.4454002 -110.1230011 5820.00 41.000
KTYL/21 34.4603004 -110.1070023 5715.00 221.000
KTYQ/18 40.0382000 -86.2515200 922.00 179.000
KTYQ/36 40.0190000 -86.2513000 922.00 359.000
KTYR/04 32.3459015 -95.4106979 541.00 45.100
KTYR/22 32.3599014 -95.3942032 525.00 225.100
KTYR/13 32.3611984 -95.4054031 516.00 135.100
KTYR/31 32.3511009 -95.3935013 542.00 315.100
KTYR/18 32.3604010 -95.4054030 517.00 180.000
KTYR/36 32.3470990 -95.4055020 544.00 0.000
KTYS/05L 35.8042984 -84.0055008 923.00 44.800
KTYS/23R 35.8218994 -83.9841003 976.00 224.800
KTYS/05R 35.8000984 -84.0039978 938.00 44.800
KTYS/23L 35.8168222 -83.9835501 960.93 224.800
KTZR/04 39.8947983 -83.1420975 902.00 32.200
KTZR/22 39.9076004 -83.1316986 904.00 212.200
KTZT/18 41.8830986 -92.2866974 771.00 171.500
KTZT/36 41.8718986 -92.2844009 771.00 351.500
KTZV/04 36.7244987 -85.6561966 1016.00 34.000
KTZV/22 36.7336006 -85.6484985 1037.00 214.000
KU00/11 44.6761017 -113.3570023 6003.00 130.000
KU00/29 44.6699982 -113.3470001 6008.00 310.000
KU00/16 44.6767006 -113.3539963 5998.00 174.000
KU00/34 44.6688995 -113.3529968 6018.00 354.000
KU01/03 42.7930984 -112.8320007 4413.00 52.000
KU01/21 42.8014984 -112.8180008 4413.00 232.000
KU02/01 43.2038002 -112.3529968 4481.00 24.000
KU02/19 43.2146988 -112.3460007 4488.00 204.000
KU03/09 42.5932999 -114.8040009 3603.00 110.000
KU03/27 42.5896988 -114.7900009 3660.00 290.000
KU10/16 42.1096001 -111.9130020 4723.00 179.000
KU10/34 42.1029015 -111.9130020 4723.00 359.000
KU10/22 42.1098947 -111.9079041 4718.86 228.000
KU12/04 43.9429246 -111.6900229 4947.33 59.000
KU12/22 43.9481359 -111.6787642 4963.60 239.000
KU14/17 39.7443311 -111.8720020 4980.81 180.000
KU14/35 39.7323990 -111.8720020 5009.00 0.000
KU25/11 43.5522000 -109.7030030 7272.00 113.000
KU25/29 43.5457000 -109.6819990 7238.00 293.000
KU30/18 36.0252991 -114.3339996 1498.00 188.100
KU36/06 42.9202995 -112.8880005 4470.00 81.000
KU36/24 42.9219017 -112.8740005 4450.00 261.000
KU42/16 40.6274986 -111.9940033 4603.00 172.000
KU42/34 40.6115990 -111.9919968 4598.00 352.000
KU52/07 38.2262993 -112.6829987 5839.00 84.500
KU52/25 38.2270012 -112.6740036 5843.00 264.500
KU52/13 38.2373186 -112.6787808 5787.78 148.300
KU52/31 38.2257004 -112.6699982 5860.00 328.300
KU55/18 37.8527985 -112.3889999 6759.00 196.400
KU55/36 37.8377991 -112.3949966 6746.00 16.400
KU56/01 43.6399994 -111.9309998 4835.00 26.000
KU56/19 43.6486015 -111.9260025 4845.00 206.000
KU58/17 42.4310989 -112.1090012 4886.00 185.000
KU58/35 42.4213982 -112.1100006 4906.00 5.000
KU62/30 43.9006004 -113.5960007 5876.00 316.000
KU63/05 44.4127998 -115.3259964 6335.00 66.000
KU63/23 44.4183006 -115.3079987 6370.00 246.000
KU68/09 44.9140015 -108.4530029 4080.00 105.800
KU68/27 44.9100990 -108.4339981 4090.00 285.800
KU68/16 44.9131012 -108.4509964 4080.00 171.800
KU68/34 44.9080009 -108.4499969 4085.00 351.800
KU70/12 44.4981003 -116.0220032 4742.00 136.000
KU70/30 44.4897003 -116.0110016 4738.00 316.000
KU76/10 43.1343002 -115.7379990 3163.00 116.000
KU76/28 43.1282005 -115.7210007 3155.00 296.000
KU78/16 42.6438869 -111.5808264 5820.71 171.000
KU78/34 42.6352997 -111.5790024 5839.00 351.000
KU79/07 45.3793983 -115.2050018 5750.00 93.000
KU79/25 45.3788986 -115.1890030 5715.00 273.000
KU79/15 45.3861008 -115.1999969 5765.00 161.000
KU79/33 45.3788986 -115.1969986 5740.00 341.000
KU81/16 45.2977982 -114.9489975 7030.00 180.000
KU81/34 45.2853012 -114.9489975 6940.00 0.000
KU82/17 44.7546997 -116.4459991 2963.00 188.000
KU82/35 44.7449989 -116.4479980 2930.00 8.000
KU89/08 42.9460983 -115.3359985 2530.00 96.000
KU89/26 42.9453011 -115.3239975 2536.00 276.000
KUAO/17 45.2538986 -122.7689972 196.00 187.000
KUAO/35 45.2402992 -122.7710037 196.00 7.000
KUBE/09 45.5060005 -91.9889984 1241.00 90.000
KUBE/27 45.5059013 -91.9731979 1232.00 271.000
KUBE/18 45.5091019 -91.9793014 1239.00 186.000
KUBE/36 45.5036011 -91.9802017 1230.00 6.000
KUBS/18 33.4715004 -88.3809967 188.00 179.000
KUBS/36 33.4590988 -88.3807983 188.00 359.000
KUBX/18 38.0733986 -91.4282990 1023.00 186.000
KUBX/36 38.0640984 -91.4293976 1019.00 6.000
KUCP/05 41.0224991 -80.4180985 1023.00 39.700
KUCP/23 41.0308991 -80.4088974 997.00 219.700
KUCP/13 41.0252991 -80.4179001 1016.00 118.900
KUCP/31 41.0214996 -80.4088974 1072.00 298.900
KUCY/01 36.3750000 -88.9863968 335.00 6.000
KUCY/19 36.3885994 -88.9844971 309.00 186.000
KUDD/10 33.7514640 -116.2823140 73.00 116.000
KUDD/28 33.7457955 -116.2683109 46.68 296.000
KUDG/05 34.4441986 -79.8927002 189.00 50.000
KUDG/23 34.4529991 -79.8800964 183.00 230.000
KUES/10 43.0438995 -88.2497025 897.00 102.000
KUES/28 43.0405998 -88.2283020 906.00 282.000
KUES/18 43.0438995 -88.2332001 906.00 177.900
KUES/36 43.0340996 -88.2344971 911.00 357.900
KUGN/05 42.4159012 -87.8756027 725.00 48.000
KUGN/23 42.4267998 -87.8590012 723.00 228.000
KUGN/14 42.4265912 -87.8719097 725.00 144.000
KUGN/32 42.4193001 -87.8648987 712.00 324.000
KUIL/04 47.9336014 -124.5699997 175.00 58.000
KUIL/22 47.9396019 -124.5550003 194.00 238.000
KUIN/04 39.9361000 -91.1996002 756.00 40.200
KUIN/22 39.9510002 -91.1831970 747.00 220.200
KUIN/13 39.9458008 -91.2005005 765.00 135.300
KUIN/31 39.9357987 -91.1876984 768.00 315.300
KUIN/18 39.9508018 -91.1993027 759.00 179.300
KUIN/36 39.9360008 -91.1990967 756.00 359.300
KUKF/01 36.2150993 -81.0983963 1249.00 359.000
KUKF/19 36.2321014 -81.0988998 1305.00 179.000
KUKI/15 39.1319008 -123.2020035 614.00 168.400
KUKI/33 39.1199989 -123.1989975 602.00 348.400
KUKL/18 38.3100014 -95.7249985 1171.00 179.700
KUKL/36 38.2948990 -95.7248993 1169.00 359.700
KUKT/11 40.4359016 -75.3876038 526.00 99.000
KUKT/29 40.4345017 -75.3761978 504.00 279.000
KULM/04 44.3175011 -94.5057983 1011.00 50.000
KULM/22 44.3224983 -94.4974976 1011.00 230.000
KULM/15 44.3246002 -94.5067978 1004.00 151.000
KULM/33 44.3140984 -94.4985962 1009.00 331.000
KULS/12 37.6029015 -101.3789978 3071.00 129.700
KULS/30 37.5947990 -101.3669968 3062.00 309.700
KULS/17 37.6161995 -101.3740005 3065.00 180.000
KULS/35 37.5997009 -101.3740005 3060.00 0.000
KUMP/15 39.9392475 -86.0484861 786.97 146.000
KUMP/33 39.9308010 -86.0411000 811.00 326.000
KUNI/07 39.2093066 -82.2351232 762.68 60.700
KUNI/25 39.2156982 -82.2205963 761.00 240.700
KUNO/18 36.8853989 -91.9024963 1225.00 180.900
KUNO/36 36.8713989 -91.9028015 1228.00 0.900
KUNU/02 43.4216003 -88.7018967 929.00 17.000
KUNU/20 43.4322014 -88.6974029 932.00 197.000
KUNU/08 43.4250984 -88.7154999 936.00 80.000
KUNU/26 43.4276009 -88.6967011 935.00 260.000
KUNV/06 40.8443985 -77.8571014 1231.00 52.600
KUNV/24 40.8554993 -77.8378983 1192.00 232.600
KUOS/07 35.2027020 -85.9042970 1953.00 64.000
KUOS/25 35.2068597 -85.8938071 1953.00 244.000
KUOX/09 34.3843994 -89.5460968 412.00 91.000
KUOX/27 34.3842010 -89.5274963 451.00 271.000
KUSE/09 41.6102982 -84.1325989 779.00 89.100
KUSE/27 41.6104012 -84.1184006 770.00 269.100
KUSE/18 41.6127014 -84.1302032 777.00 179.900
KUSE/36 41.6068993 -84.1302032 780.00 359.900
KUTA/17 34.6924019 -90.3498001 194.00 167.000
KUTA/35 34.6736984 -90.3445969 194.00 347.000
KUTS/18 30.7537003 -95.5863037 300.00 185.800
KUTS/36 30.7399998 -95.5879974 363.00 5.800
KUUU/04 41.5275993 -71.2830963 148.00 23.800
KUUU/22 41.5350990 -71.2786026 172.00 203.800
KUUU/16 41.5365982 -71.2852020 146.00 143.600
KUUU/34 41.5307999 -71.2795029 162.00 323.600
KUUV/06 38.2304001 -91.1710968 933.00 60.000
KUUV/24 38.2365990 -91.1575012 924.00 240.000
KUVA/15 29.2178993 -99.7471008 942.00 155.000
KUVA/33 29.2047997 -99.7400971 925.00 335.000
KUWL/09 39.8759935 -85.3332851 1076.24 91.400
KUWL/27 39.8757235 -85.3205467 1086.11 271.400
KUXL/15 30.1373997 -93.3800964 9.00 150.000
KUXL/33 30.1254997 -93.3722992 10.00 330.000
KUYF/09 39.9323998 -83.4691009 1081.00 86.600
KUYF/27 39.9329987 -83.4549026 1053.00 266.600
KUZA/02 34.9804001 -81.0589981 667.00 11.200
KUZA/20 34.9952011 -81.0553970 661.00 191.200
KVAD/19L 30.9818000 -83.1908040 233.00 180.000
KVAD/01R 30.9563010 -83.1911010 206.00 0.000
KVAD/19R 30.9793000 -83.1951980 231.00 180.000
KVAY/08 39.9410019 -74.8523026 45.00 69.800
KVAY/26 39.9446983 -74.8392029 51.00 249.800
KVBG/12 34.7523003 -120.6009979 238.00 136.500
KVBG/30 34.7224007 -120.5670013 369.00 316.500
KVBT/18 36.3506768 -94.2192990 1288.09 180.000
KVCB/02 38.3723984 -121.9660034 116.00 34.000
KVCB/20 38.3830986 -121.9570007 113.00 214.000
KVCT/13 28.8638000 -96.9340970 115.00 132.000
KVCT/31 28.8469010 -96.9131010 103.00 312.000
KVCT/18 28.8589000 -96.9097980 106.00 180.000
KVCT/36 28.8455010 -96.9096980 103.00 0.000
KVCV/03 34.5826988 -117.3880005 2878.00 45.000
KVCV/21 34.6006012 -117.3659973 2844.00 225.000
KVCV/17 34.6107358 -117.3870010 2845.47 180.000
KVCV/35 34.5802994 -117.3860016 2885.00 0.000
KVDF/05 28.0129150 -82.3468710 20.08 42.000
KVDF/23 28.0206711 -82.3388585 20.84 222.000
KVDF/18 28.0135002 -82.3496018 19.00 180.000
KVDF/36 28.0046005 -82.3496018 20.00 0.000
KVDI/07 32.1875990 -82.3793030 272.00 63.000
KVDI/25 32.1952020 -82.3620000 269.00 243.000
KVDI/14 32.1988980 -82.3778000 272.00 132.000
KVDI/32 32.1898000 -82.3657990 272.00 312.000
KVEL/17 40.4468994 -109.5110016 5262.00 179.000
KVEL/35 40.4297981 -109.5100021 5264.00 359.000
KVER/18 38.9522018 -92.6820984 710.00 185.000
KVER/36 38.9412994 -92.6831970 711.00 5.000
KVES/09 40.2042999 -84.5400009 1005.00 88.500
KVES/27 40.2046013 -84.5238037 1004.00 268.500
KVGT/07 36.2132988 -115.2030029 2204.00 88.600
KVGT/25 36.2136002 -115.1859970 2172.00 268.600
KVGT/12L 36.2123985 -115.1959991 2189.00 134.300
KVGT/30R 36.2043991 -115.1859970 2148.00 314.300
KVGT/12R 36.2146988 -115.2030029 2205.00 134.300
KVGT/30L 36.2051010 -115.1910019 2163.00 314.300
KVHN/03 31.0541992 -104.7910004 3956.00 44.500
KVHN/21 31.0659008 -104.7779999 3918.00 224.500
KVHN/07 31.0545998 -104.7910004 3957.00 84.400
KVHN/25 31.0559998 -104.7740021 3911.00 264.400
KVIH/04 38.1251998 -91.7761601 1134.95 47.000
KVIH/22 38.1352005 -91.7628021 1109.00 227.000
KVIH/13 38.1302986 -91.7759018 1148.00 137.000
KVIH/31 38.1194000 -91.7627029 1148.00 317.000
KVIQ/09 44.5586014 -90.5186996 1208.00 95.700
KVIQ/27 44.5577011 -90.5057983 1237.00 275.700
KVIS/12 36.3244687 -119.4003383 292.13 134.900
KVIS/30 36.3123016 -119.3850021 295.00 314.900
KVJI/06 36.6837006 -82.0395966 2063.00 56.000
KVJI/24 36.6904983 -82.0270004 2088.00 236.000
KVKS/01 32.2331141 -90.9291631 106.00 8.000
KVKS/19 32.2446954 -90.9273176 106.00 188.000
KVLA/09 38.9902000 -89.1700974 532.00 89.700
KVLA/27 38.9902992 -89.1595993 537.00 269.700
KVLA/18 38.9976006 -89.1672974 530.00 179.700
KVLA/36 38.9873009 -89.1671982 528.00 359.700
KVLD/04 30.7779007 -83.2852020 199.00 36.000
KVLD/22 30.7903996 -83.2746964 196.00 216.000
KVLD/18 30.7905010 -83.2752000 197.00 171.000
KVLD/36 30.7733990 -83.2720030 200.00 351.000
KVLL/09 42.5429001 -83.1845016 729.00 90.000
KVLL/27 42.5429993 -83.1713028 701.00 270.000
KVMR/12 42.7686005 -96.9403992 1145.00 126.000
KVMR/30 42.7620010 -96.9281006 1145.00 306.000
KVNC/04 27.0671005 -82.4446030 12.00 45.000
KVNC/22 27.0762295 -82.4343406 17.65 225.000
KVNC/13 27.0762005 -82.4468994 15.00 135.000
KVNC/31 27.0664005 -82.4360962 16.00 315.000
KVNW/09 40.8647003 -84.6166992 783.00 89.500
KVNW/27 40.8647995 -84.6022034 785.00 269.500
KVNW/18 40.8654353 -84.6016166 785.00 180.800
KVNW/36 40.8591995 -84.6017990 785.00 0.800
KVNY/16L 34.2150820 -118.4896901 784.22 176.000
KVNY/34R 34.2080060 -118.4889830 772.00 356.000
KVNY/16R 34.2150020 -118.4909271 784.59 176.000
KVNY/34L 34.1970010 -118.4891860 746.00 356.000
KVOK/09 43.9389990 -90.2702030 904.00 89.000
KVOK/27 43.9394000 -90.2360990 912.00 269.000
KVPC/01 34.1172247 -84.8491470 752.56 3.500
KVPC/19 34.1310005 -84.8480988 736.00 183.500
KVPS/02 30.4727990 -86.5178990 48.00 12.000
KVPS/20 30.4998000 -86.5112000 60.00 192.000
KVPS/12 30.4888000 -86.5522003 87.00 120.000
KVPS/30 30.4724998 -86.5190964 52.00 300.000
KVPZ/09 41.4524002 -87.0143686 770.86 90.000
KVPZ/27 41.4524994 -86.9906998 769.00 270.000
KVPZ/18 41.4622002 -87.0059967 771.00 183.800
KVPZ/36 41.4511986 -87.0068970 771.00 3.800
KVQQ/09L 30.2175999 -81.8917007 81.00 90.000
KVQQ/27R 30.2176991 -81.8663025 67.00 270.000
KVQQ/09R 30.2157001 -81.8917007 78.00 90.000
KVQQ/27L 30.2157993 -81.8663025 65.00 270.000
KVQQ/18L 30.2350006 -81.8740997 80.00 180.000
KVQQ/36R 30.2005997 -81.8738022 73.00 0.000
KVQQ/18R 30.2350006 -81.8762970 80.00 180.000
KVQQ/36L 30.2129993 -81.8760986 71.00 0.000
KVRB/04 27.6497002 -80.4266968 23.00 36.000
KVRB/22 27.6606998 -80.4176025 21.00 216.000
KVRB/12L 27.6604004 -80.4169006 20.00 111.000
KVRB/30R 27.6569004 -80.4067993 19.00 291.000
KVRB/12R 27.6578999 -80.4285965 23.00 111.000
KVRB/30L 27.6508007 -80.4075012 20.00 291.000
KVSF/05 43.3389015 -72.5213013 571.00 34.500
KVSF/23 43.3512993 -72.5094986 554.00 214.500
KVSF/11 43.3417015 -72.5262985 576.00 98.000
KVSF/29 43.3404999 -72.5151977 568.00 278.000
KVTA/09 40.0243674 -82.4684669 881.72 86.900
KVTA/27 40.0250015 -82.4534988 870.00 266.900
KVTI/09 42.2195015 -92.0354004 824.00 92.000
KVTI/27 42.2190018 -92.0205994 838.00 272.000
KVTI/16 42.2229004 -92.0261002 838.00 161.000
KVTI/34 42.2170177 -92.0233428 838.92 341.000
KVTN/03 42.8568993 -100.5510025 2590.00 36.000
KVTN/21 42.8630981 -100.5449982 2582.00 216.000
KVTN/14 42.8618011 -100.5520020 2588.00 145.000
KVTN/32 42.8512001 -100.5419998 2582.00 325.000
KVUJ/04L 35.4149017 -80.1544037 593.00 38.100
KVUJ/22R 35.4225006 -80.1473007 582.00 218.100
KVUJ/04R 35.4095993 -80.1568985 609.00 40.900
KVUJ/22L 35.4210014 -80.1447983 609.00 220.900
KVUO/08 45.6211014 -122.6630020 28.00 98.000
KVUO/26 45.6200912 -122.6529589 21.86 278.000
KVVS/05 39.9575005 -79.6614990 1223.00 40.500
KVVS/23 39.9646988 -79.6533966 1265.00 220.500
KVVS/14 39.9585000 -79.6600040 1227.00 129.000
KVVS/32 39.9542010 -79.6535030 1238.00 309.000
KVVV/04 45.2997017 -96.4281006 1091.00 46.900
KVVV/22 45.3036995 -96.4219971 1094.00 226.900
KVVV/16 45.3102989 -96.4256973 1100.00 168.600
KVVV/34 45.3011017 -96.4231033 1094.00 348.600
KVYS/18 41.3600998 -89.1531982 654.00 179.600
KVYS/36 41.3436012 -89.1529999 640.00 359.600
KW03/03 35.7639008 -77.9711990 156.00 30.400
KW03/21 35.7746010 -77.9635010 156.00 210.400
KW03/09 35.7734985 -77.9767990 160.00 90.500
KW03/27 35.7733993 -77.9617004 156.00 270.500
KW03/15 35.7738991 -77.9765015 161.00 150.600
KW03/33 35.7631989 -77.9690018 152.00 330.600
KW22/11 39.0014000 -80.2823029 1630.00 98.200
KW22/29 38.9998016 -80.2676010 1634.00 278.200
KW35/11 39.6938019 -78.1747971 409.00 99.700
KW35/29 39.6915016 -78.1574020 411.00 279.700
KW38/02 36.7877998 -84.2024002 1156.00 17.800
KW38/20 36.8022003 -84.1966019 1178.00 197.800
KW40/05 35.2183991 -78.0418014 167.00 40.300
KW40/23 35.2261009 -78.0337982 168.00 220.300
KW41/14 38.0209007 -75.8294983 4.00 131.700
KW41/32 38.0163994 -75.8230972 3.00 311.700
KW43/13 44.6688004 -104.5739975 4195.00 142.100
KW43/31 44.6568985 -104.5609970 4264.00 322.100
KW45/04 38.6635017 -78.5037003 903.00 34.600
KW45/22 38.6706009 -78.4974976 903.00 214.600
KW63/04 36.5903015 -78.5636978 368.00 27.700
KW63/22 36.6012001 -78.5566025 421.00 207.700
KW78/01 36.7044983 -78.8476028 382.00 357.000
KW78/19 36.7154999 -78.8483963 419.00 177.000
KW78/05 36.7063537 -78.8516795 371.81 50.000
KW78/23 36.7099962 -78.8463465 380.37 230.000
KW91/05 37.1052857 -79.5955914 858.02 45.000
KW91/23 37.1106987 -79.5887985 892.00 225.000
KW95/06 35.0984993 -75.9698029 5.00 50.000
KW95/24 35.1038017 -75.9620972 5.00 230.000
KW96/10 37.5042992 -77.1315994 123.00 100.000
KW96/28 37.5026016 -77.1194000 123.00 280.000
KW99/13 38.9986000 -79.1532974 947.00 122.000
KW99/31 38.9912987 -79.1383972 947.00 302.000
KWAL/04 37.9271011 -75.4709015 34.00 33.000
KWAL/22 37.9473991 -75.4548035 34.00 213.000
KWAL/10 37.9429016 -75.4850998 20.00 90.000
KWAL/28 37.9427986 -75.4572983 35.00 270.000
KWAL/17 37.9472008 -75.4679031 31.00 157.000
KWAL/35 37.9350014 -75.4616013 35.00 337.000
KWBW/07 41.2943993 -75.8561020 545.00 54.000
KWBW/25 41.2999000 -75.8462982 545.00 234.000
KWDG/13 36.3813823 -97.7884266 1158.00 135.000
KWDG/31 36.3753014 -97.7810974 1158.00 315.000
KWDG/17 36.3869554 -97.7910996 1165.78 180.000
KWDG/35 36.3697014 -97.7910995 1145.00 0.000
KWDR/05 33.9777985 -83.6731033 934.00 46.000
KWDR/23 33.9846992 -83.6645966 917.00 226.000
KWDR/13 33.9887009 -83.6735992 934.00 129.000
KWDR/31 33.9791985 -83.6594009 909.00 309.000
KWHP/12 34.2615576 -118.4159561 990.48 139.000
KWHP/30 34.2559899 -118.4100366 968.83 319.000
KWJF/06 34.7379990 -118.2300034 2350.00 72.100
KWJF/24 34.7440987 -118.2070007 2335.00 252.100
KWLD/13 37.1699982 -97.0435028 1160.00 140.000
KWLD/31 37.1633987 -97.0365982 1152.00 320.000
KWLD/17 37.1772995 -97.0361023 1157.00 180.000
KWLD/35 37.1622009 -97.0361023 1150.00 0.000
KWLW/13 39.5211983 -122.2200012 138.00 145.200
KWLW/31 39.5116997 -122.2109985 129.00 325.200
KWLW/16 39.5227013 -122.2200012 139.00 178.200
KWLW/34 39.5102997 -122.2190018 134.00 358.200
KWMC/02 40.8909988 -117.8059998 4300.00 39.500
KWMC/20 40.9011002 -117.7949982 4304.00 219.500
KWMC/14 40.9059982 -117.8140030 4298.00 159.600
KWMC/32 40.8880005 -117.8050003 4300.00 339.600
KWRB/15 32.6534996 -83.6034012 294.00 144.000
KWRB/33 32.6268005 -83.5804977 274.00 324.000
KWRI/06 40.0045013 -74.5972977 131.00 45.800
KWRI/24 40.0237007 -74.5717011 103.00 225.800
KWRI/18 40.0275993 -74.6027985 122.00 172.800
KWRI/36 40.0082016 -74.5996018 129.00 352.800
KWRL/04 43.9608993 -107.9499969 4212.00 56.900
KWRL/22 43.9642982 -107.9430008 4222.00 236.900
KWRL/10 43.9676018 -107.9520035 4182.00 118.500
KWRL/28 43.9644013 -107.9440002 4220.00 298.500
KWRL/16 43.9762001 -107.9540024 4161.00 175.000
KWRL/34 43.9570007 -107.9520035 4227.00 355.000
KWST/07 41.3456001 -71.8106003 51.00 53.100
KWST/25 41.3521996 -71.7988968 78.00 233.100
KWST/14 41.3540001 -71.8075027 57.00 130.000
KWST/32 41.3483216 -71.7985990 74.02 310.000
KWVI/02 36.9290009 -121.7959976 140.00 32.300
KWVI/20 36.9394989 -121.7880020 155.00 212.300
KWVI/09 36.9383010 -121.7939990 163.00 100.000
KWVI/27 36.9365010 -121.7809980 137.00 280.000
KWVL/05 44.5265007 -69.6806030 268.00 30.700
KWVL/23 44.5397987 -69.6705017 333.00 210.700
KWVL/14 44.5353012 -69.6789017 308.00 125.300
KWVL/32 44.5317001 -69.6716995 299.00 305.300
KWWD/01 39.0029980 -74.9056020 23.00 0.000
KWWD/19 39.0164817 -74.9057010 17.09 180.000
KWWD/10 39.0070990 -74.9203030 17.00 90.000
KWWD/28 39.0071980 -74.9027020 20.00 270.000
KWWR/17 36.4443016 -99.5208969 2160.00 180.500
KWWR/35 36.4291000 -99.5211029 2188.00 0.500
KWYS/01 44.6780590 -111.1247920 6649.00 26.000
KWYS/19 44.6987140 -111.1105080 6634.00 206.000
KX06/06 27.1924992 -81.8416977 60.00 52.000
KX06/24 27.1987000 -81.8282013 63.00 232.000
KX06/14 27.1956509 -81.8407520 60.71 133.000
KX06/32 27.1939892 -81.8387718 59.24 313.000
KX07/06 27.8904000 -81.6255040 126.00 59.000
KX07/24 27.8960000 -81.6147990 122.00 239.000
KX07/17 27.8997002 -81.6220017 124.00 167.000
KX07/35 27.8889999 -81.6193008 122.00 347.000
KX14/14 26.7450984 -81.4330671 19.20 137.000
KX14/32 26.7355587 -81.4230682 21.93 317.000
KX21/15 28.6257992 -80.8377991 25.00 156.000
KX21/33 28.6182995 -80.8339005 30.00 336.000
KX26/05 27.8087006 -80.5002975 18.00 45.000
KX26/23 27.8164997 -80.4915008 22.00 225.000
KX26/10 27.8141003 -80.5000992 18.00 90.000
KX26/28 27.8139992 -80.4901962 21.00 270.000
KX35/05 29.0592995 -82.3818970 63.00 45.000
KX35/23 29.0688000 -82.3709030 65.00 225.000
KX35/09 29.0594006 -82.3841019 64.00 90.000
KX35/27 29.0594006 -82.3694000 63.00 270.000
KX43/35 36.0243988 -101.8290024 3507.00 359.000
KX50/18 28.9841995 -80.9251022 12.00 180.000
KX50/36 28.9736004 -80.9251022 11.00 0.000
KX51/10 25.5027008 -80.5550995 6.00 90.000
KX51/28 25.5028000 -80.5459976 7.00 270.000
KX51/18 25.5021000 -80.5570984 7.00 179.000
KX51/36 25.4911003 -80.5569992 7.00 359.000
KX60/05 29.3526001 -82.4765015 74.00 45.000
KX60/23 29.3649998 -82.4624023 71.00 225.000
KX60/14 29.3545839 -82.4794774 69.70 138.500
KX60/32 29.3460999 -82.4709015 65.00 318.500
KXBP/18 33.1808010 -97.8283000 809.00 181.000
KXBP/36 33.1698000 -97.8284990 864.00 1.000
KXFL/06 29.4606991 -81.2121963 29.00 55.000
KXFL/24 29.4687004 -81.1994019 31.00 235.000
KXFL/11 29.4719009 -81.2144012 30.00 106.000
KXFL/29 29.4682007 -81.1993027 31.00 286.000
KXLL/07 40.5667000 -75.4961014 386.00 59.100
KXLL/25 40.5722008 -75.4839020 387.00 239.100
KXLL/15 40.5744019 -75.4935989 386.00 135.000
KXLL/33 40.5682983 -75.4856033 399.00 315.000
KXMR/13 28.4759998 -80.5789032 10.00 128.000
KXMR/31 28.4591999 -80.5542984 10.00 308.000
KXNA/16L 36.2932010 -94.3119960 1287.00 160.000
KXNA/34R 36.2705000 -94.3015980 1265.00 340.000
KXSA/10 37.8591995 -76.9014969 135.00 86.000
KXSA/28 37.8600998 -76.8867035 128.00 266.000
KXVG/13 46.9927247 -94.2084465 1332.88 130.000
KXVG/31 46.9869000 -94.1981960 1332.00 310.000
KXWA/14 48.2695579 -103.7593613 2303.00 148.000
KXWA/32 48.2521744 -103.7429276 2350.00 328.000
KY14/34 43.4528008 -96.8000031 1505.00 343.300
KY19/04 46.7649994 -100.8990021 1924.00 55.600
KY19/22 46.7694015 -100.8899994 1944.00 235.600
KY19/13 46.7737007 -100.8990021 1937.00 145.300
KY19/31 46.7638016 -100.8889999 1940.00 325.400
KY23/07 45.3079987 -91.6407013 1048.00 76.000
KY23/25 45.3087997 -91.6365967 1052.00 256.000
KY23/17 45.3085613 -91.6357978 1054.18 175.000
KY23/35 45.3008995 -91.6348038 1055.00 355.000
KY27/14 46.0719986 -100.6360016 1630.00 155.100
KY27/32 46.0628014 -100.6299973 1629.00 335.100
KY31/09 44.2447014 -84.1893005 881.00 89.000
KY31/27 44.2448997 -84.1703033 860.00 269.000
KY37/03 48.3919983 -97.7838974 1102.00 43.000
KY37/21 48.3969994 -97.7769012 1087.00 223.000
KY37/12 48.3964996 -97.7855988 1103.00 134.000
KY37/30 48.3905983 -97.7764969 1085.00 314.000
KY47/08 42.5029303 -83.6247531 923.02 71.000
KY47/26 42.5037302 -83.6212397 924.62 251.000
KY50/08 44.0449982 -89.3118973 858.00 82.000
KY50/26 44.0457993 -89.3032989 856.00 262.000
KY50/13 44.0446014 -89.3091965 858.00 132.000
KY50/31 44.0386009 -89.2997971 856.00 312.000
KY51/02 43.5751000 -90.8930969 1283.00 22.000
KY51/20 43.5816002 -90.8896027 1257.00 202.000
KY51/11 43.5820007 -90.9060974 1269.00 114.000
KY51/29 43.5782013 -90.8945999 1292.00 294.000
KY55/01 45.5181007 -88.9256973 1615.00 6.000
KY55/19 45.5255012 -88.9245987 1628.00 186.000
KY55/11 45.5251999 -88.9356995 1646.00 113.000
KY55/29 45.5219002 -88.9245987 1625.00 293.000
KY65/10 45.4089012 -84.6057968 602.00 97.800
KY65/28 45.4077988 -84.5942001 602.00 277.800
KY70/09 42.9379005 -85.0710983 815.00 90.600
KY70/27 42.9378014 -85.0550003 804.00 270.600
KY70/18 42.9440002 -85.0580978 805.00 179.000
KY70/36 42.9323006 -85.0578003 818.00 359.000
KY72/07 43.9738007 -90.4881973 970.00 67.000
KY72/25 43.9780006 -90.4746017 970.00 247.000
KY74/12 47.9389000 -102.1480026 1997.00 129.000
KY74/30 47.9313011 -102.1340027 2042.00 309.000
KY93/05 44.9991980 -84.1340098 875.00 47.000
KY93/23 45.0018069 -84.1301460 875.00 227.000
KY94/09 45.1305008 -85.1181030 642.00 92.000
KY94/27 45.1302114 -85.1059846 642.00 272.000
KYIP/05 42.2305980 -83.5399020 714.00 47.000
KYIP/23 42.2448010 -83.5196000 702.00 227.000
KYIP/09 42.2439990 -83.5432970 716.00 89.000
KYIP/27 42.2444990 -83.5164030 707.00 269.000
KYKM/04 46.5639000 -120.5479965 1073.00 60.000
KYKM/22 46.5691986 -120.5350037 1052.00 240.000
KYKM/09 46.5726013 -120.5599976 1095.00 110.000
KYKM/27 46.5653992 -120.5309982 1045.00 290.000
KYKN/01 42.9100990 -97.3862991 1274.00 21.000
KYKN/19 42.9188004 -97.3816986 1282.00 201.000
KYKN/13 42.9243011 -97.3944015 1306.00 140.000
KYKN/31 42.9114990 -97.3796997 1271.00 320.000
KYNG/05 41.2496986 -80.6825027 1123.00 45.000
KYNG/23 41.2593994 -80.6696014 1191.00 225.000
KYNG/14 41.2728996 -80.6923981 1107.00 135.000
KYNG/32 41.2554016 -80.6691971 1185.00 315.000
KZ-0008/04 47.7014999 67.7256012 1250.00 52.000
KZ-0008/22 47.7159996 67.7528000 1230.00 232.000
KZ01/18 30.6351185 -86.7428868 114.20 180.800
KZ01/36 30.6291662 -86.7427578 117.56 0.800
KZ10/16 47.0264015 -122.4459991 395.00 177.000
KZ10/34 47.0168991 -122.4459991 386.00 357.000
KZEF/07 36.2778015 -80.7922974 1067.00 66.400
KZEF/25 36.2821999 -80.7798004 1037.00 246.400
KZER/11 40.7064018 -76.3836975 1734.00 97.800
KZER/29 40.7047005 -76.3673019 1708.00 277.800
KZPH/19 28.2331579 -82.1532974 87.40 180.000
KZPH/23 28.2343006 -82.1531982 87.00 223.000
KZZV/04 39.9389992 -81.8958969 896.00 33.800
KZZV/22 39.9505005 -81.8859024 869.00 213.800
KZZV/16 39.9501991 -81.8973999 867.00 152.500
KZZV/34 39.9380989 -81.8891983 895.00 332.500
L18/18 33.3575480 -117.2494280 708.00 194.000
L18/36 33.3518090 -117.2511640 699.00 14.000
LAKU/01 42.0271110 20.4131550 1156.00 12.000
LAKU/19 42.0438000 20.4183290 1156.00 192.000
LATI/17 41.4269980 19.7189010 109.00 174.000
LATI/35 41.4025000 19.7222000 126.00 354.000
LBBG/04 42.5597992 27.5016003 89.00 44.000
LBBG/22 42.5803986 27.5289001 121.00 224.000
LBGO/09 43.1527496 25.7004408 281.18 98.000
LBGO/27 43.1501488 25.7254588 272.82 278.000
LBPD/12 42.0746002 24.8388004 564.00 127.000
LBPD/30 42.0610008 24.8628998 597.00 307.000
LBSF/09 42.6974983 23.3994999 1739.00 95.000
LBSF/27 42.6951599 23.4396591 1744.00 275.000
LBWN/09 43.2333984 27.8097992 203.00 97.000
LBWN/27 43.2305984 27.8405991 217.00 277.000
LCEN/11L 35.1597210 33.4874990 402.00 107.000
LCEN/29R 35.1505550 33.5155560 402.00 287.000
LCLK/04 34.8641850 33.6122550 11.00 45.000
LCLK/22 34.8820875 33.6341394 6.29 225.000
LCPH/11 34.7223015 32.4719009 41.00 110.000
LCPH/29 34.7137985 32.4995995 30.00 290.000
LCRA/10 34.5942001 32.9734993 71.00 108.000
LCRA/28 34.5867004 33.0019989 76.00 288.000
LDDU/11 42.5692297 18.2484022 518.12 118.000
LDDU/29 42.5558200 18.2821920 484.00 298.000
LDOC/10 45.5438995 18.6247005 299.00 103.000
LDOC/28 45.5415001 18.6394997 299.00 283.000
LDOS/11 45.4663010 18.7964000 291.00 111.000
LDOS/29 45.4584010 18.8263000 290.00 291.000
LDPL/09 44.8931007 13.9035997 169.00 88.000
LDPL/27 44.8939018 13.9406996 274.00 268.000
LDRG/07 45.3776016 14.4938002 958.00 75.000
LDRG/25 45.3814011 14.5136995 1010.00 255.000
LDRI/14 45.2257004 14.5614004 264.00 143.700
LDRI/32 45.2075996 14.5802002 246.00 323.700
LDSB/03 43.2813413 16.6754245 1776.34 35.000
LDSB/21 43.2901577 16.6839755 1703.66 215.000
LDSH/10 43.1823006 16.6289997 93.00 102.000
LDSH/28 43.1888008 16.6378002 70.00 282.000
LDSP/05 43.5321007 16.2856007 70.00 53.000
LDSP/23 43.5451354 16.3090147 51.26 233.000
LDVA/16 46.3001209 16.3784220 543.88 160.300
LDVA/34 46.2896998 16.3838596 543.15 340.300
LDZA/04 45.7318760 16.0519700 353.00 47.000
LDZA/22 45.7519070 16.0824300 348.00 227.000
LDZD/04 44.0793991 15.3411999 289.00 42.000
LDZD/22 44.0928001 15.3577003 272.00 222.000
LDZD/13 44.1164017 15.3357000 243.00 136.000
LDZD/31 44.1003990 15.3573999 259.00 316.000
LEAB/09 38.9480019 -1.8790600 2281.00 87.400
LEAB/27 38.9491005 -1.8479400 2302.00 267.400
LEAL/10 38.2845001 -0.5749970 142.00 99.700
LEAL/28 38.2798004 -0.5413170 44.00 279.700
LEAM/07 36.8400933 -2.3856485 28.06 73.000
LEAM/25 36.8480990 -2.3529400 70.00 253.000
LEAS/11 43.5666008 -6.0475898 399.00 109.000
LEAS/29 43.5605011 -6.0216498 399.00 289.000
LEAX/12 36.8001362 -4.1333016 122.00 123.000
LEAX/30 36.7994398 -4.1316546 130.12 303.000
LEBA/03 37.8344350 -4.8541560 292.00 29.000
LEBA/21 37.8505313 -4.8429371 302.93 209.000
LEBB/10 43.3032990 -2.9370300 116.00 97.000
LEBB/28 43.3013000 -2.9125400 129.00 277.000
LEBB/12 43.3063011 -2.9249401 119.00 116.600
LEBB/30 43.2976512 -2.9013819 126.41 296.600
LEBG/04 42.3504980 -3.6223500 2962.00 45.000
LEBG/22 42.3642460 -3.6049900 2963.00 225.000
LEBL/02 41.2877370 2.0848300 7.00 19.000
LEBL/20 41.3092930 2.0946680 12.00 199.000
LEBL/06L 41.2948048 2.0719172 8.25 66.000
LEBL/24R 41.3057350 2.1037510 10.00 246.000
LEBL/06R 41.2823110 2.0743420 8.00 66.000
LEBL/24L 41.2922180 2.1032820 8.00 246.000
LEBZ/13 38.8987999 -6.8346200 579.00 126.000
LEBZ/31 38.8838005 -6.8078899 609.00 306.000
LECH/06 40.2075005 0.0602450 1093.00 57.000
LECH/24 40.2206993 0.0869130 1181.00 237.000
LECO/03 43.2916985 -8.3857613 327.00 31.000
LECO/21 43.3085861 -8.3718996 286.00 211.000
LECU/09 40.3711014 -3.7939301 2267.00 94.000
LECU/27 40.3702011 -3.7763500 2248.00 274.000
LECU/09L 40.3722990 -3.7907100 2264.00 94.000
LECU/27R 40.3716010 -3.7775900 2244.00 274.000
LEDA/13 41.7356549 0.5244837 1163.00 133.000
LEDA/31 41.7213288 0.5447383 1167.82 313.000
LEGA/18 37.1390991 -3.6354201 2216.00 181.400
LEGA/36 37.1273994 -3.6359701 2297.00 1.300
LEGE/01 41.8949010 2.7582600 403.00 14.000
LEGE/19 41.9143027 2.7656521 464.60 194.000
LEGR/09 37.1885986 -3.7936900 1842.00 89.500
LEGR/27 37.1889000 -3.7610300 1860.00 269.500
LEGT/04 40.2862010 -3.7340700 2029.00 45.000
LEGT/22 40.3018990 -3.7133900 2001.00 225.000
LEHC/12L 42.0824318 -0.3266028 1768.00 122.000
LEHC/30R 42.0794296 -0.3203580 1756.00 302.000
LEHC/12R 42.0809212 -0.3273028 1768.00 122.000
LEHC/30L 42.0706787 -0.3059780 1699.00 302.000
LEIB/06 38.8669014 1.3588700 13.00 62.100
LEIB/24 38.8787003 1.3873800 16.00 242.100
LEJR/02 36.7350006 -6.0648098 68.00 21.400
LEJR/20 36.7542992 -6.0554099 93.00 201.400
LELC/05R 37.7677002 -0.8215560 11.00 45.800
LELC/23L 37.7821999 -0.8028330 5.00 225.800
LELN/05 42.5820010 -5.6652800 3006.00 46.000
LELN/23 42.6009110 -5.6393170 3006.00 227.000
LEMD/14L 40.4948997 -3.5578699 1942.00 144.200
LEMD/32R 40.4736473 -3.5360368 1885.43 324.200
LEMD/14R 40.4849014 -3.5760100 1995.00 144.200
LEMD/32L 40.4633587 -3.5536405 1931.64 324.200
LEMD/18L 40.5281056 -3.5594833 1922.28 181.000
LEMD/36R 40.5010986 -3.5592101 1942.00 1.000
LEMD/18R 40.5229410 -3.5750534 1995.06 181.000
LEMD/36L 40.4925990 -3.5746300 1985.00 2.000
LEMG/12 36.6910019 -4.5078001 52.00 119.000
LEMG/30 36.6795998 -4.4805298 31.00 299.000
LEMG/13 36.6845016 -4.5125899 52.00 133.000
LEMG/31 36.6654015 -4.4858198 31.00 313.000
LEMH/01 39.8512573 4.2163219 278.00 8.000
LEMH/19 39.8721657 4.2206192 303.00 188.000
LEMI/05 37.7934990 -1.1371000 641.00 46.000
LEMI/23 37.8128014 -1.1122900 640.00 226.000
LEMO/02 37.1595993 -5.6228900 285.00 19.800
LEMO/20 37.1901016 -5.6091499 270.00 199.800
LEPA/06L 39.5471001 2.7107301 15.00 58.600
LEPA/24R 39.5621715 2.7424920 8.15 238.600
LEPA/06R 39.5432225 2.7358208 21.81 58.600
LEPA/24L 39.5553017 2.7615299 8.00 238.600
LEPP/15 42.7794991 -1.6532500 1468.00 152.000
LEPP/33 42.7643826 -1.6422248 1499.11 332.000
LERI/07 37.9492989 -1.2351900 250.00 64.900
LERI/25 37.9528999 -1.2254400 221.00 244.900
LERS/07 41.1449419 1.1587567 231.32 68.900
LERS/25 41.1520004 1.1831501 234.00 249.000
LERT/10 36.6472015 -6.3699598 63.00 96.900
LERT/28 36.6431999 -6.3290000 62.00 276.900
LESA/03 40.9420240 -5.5090360 2595.00 28.000
LESA/21 40.9620250 -5.4950640 2586.00 208.000
LESA/08 40.9499700 -5.5119860 2587.00 74.000
LESA/26 40.9545670 -5.4906890 2588.00 254.000
LESB/05 39.5965004 2.6988699 115.00 51.000
LESB/23 39.6022987 2.7077899 146.00 231.000
LESL/02 39.8541020 4.2482920 217.00 20.000
LESL/20 39.8687030 4.2550070 184.00 200.000
LESO/04 43.3503990 -1.7974000 10.00 39.000
LESO/22 43.3627010 -1.7838200 15.00 219.000
LEST/17 42.9107525 -8.4200734 1170.98 166.000
LEST/35 42.8838005 -8.4109497 1196.00 346.000
LESU/03 42.3361590 1.4066780 2628.00 31.000
LESU/21 42.3459360 1.4146000 2628.00 211.000
LETO/04 40.4847980 -3.4607000 1967.00 43.000
LETO/22 40.5087010 -3.4310400 2026.00 223.000
LEVC/12 39.4963590 -0.5001130 225.00 116.000
LEVC/30 39.4847585 -0.4696736 177.65 296.000
LEVD/05 41.6970291 -4.8647852 2768.00 45.200
LEVD/23 41.7160187 -4.8390379 2775.00 225.200
LEVD/15 41.7132988 -4.8618102 2770.00 144.000
LEVD/33 41.7066994 -4.8554201 2771.00 324.000
LEVT/04 42.8700981 -2.7370300 1651.00 35.900
LEVT/22 42.8955994 -2.7118900 1682.00 215.900
LEVX/01 42.2212982 -8.6296597 855.00 11.400
LEVX/19 42.2425003 -8.6238899 829.00 191.400
LEXJ/11 43.4308014 -3.8339200 11.00 110.100
LEXJ/29 43.4235992 -3.8070199 12.00 290.100
LEZG/12L 41.6691017 -1.0398300 823.00 120.000
LEZG/30R 41.6553993 -1.0083200 834.00 300.000
LEZG/12R 41.6801987 -1.0823700 834.00 120.000
LEZG/30L 41.6635017 -1.0437100 863.00 300.000
LEZL/09 37.4179001 -5.9120798 83.00 90.000
LEZL/27 37.4179993 -5.8741002 111.00 270.000
LFAC/06 50.9588013 1.9452100 11.00 61.000
LFAC/24 50.9654007 1.9643101 11.00 241.000
LFAG/09 49.8686981 3.0199001 295.00 91.000
LFAG/27 49.8684006 3.0392599 291.00 271.000
LFAI/05 48.5938988 3.0019200 418.00 53.000
LFAI/23 48.5989990 3.0122800 425.00 233.000
LFAO/12 48.5473434 -0.3914264 718.00 120.000
LFAO/30 48.5437150 -0.3820497 718.00 300.000
LFAQ/08 49.9693300 2.6813251 343.52 90.000
LFAQ/26 49.9710009 2.7058353 348.32 270.000
LFAT/13 50.5239983 1.6124700 19.00 133.000
LFAT/31 50.5134205 1.6298389 16.24 313.000
LFAV/11 50.3280085 3.4523418 165.00 110.000
LFAV/29 50.3234349 3.4709507 165.00 290.000
LFAY/12 49.8754997 2.3792300 193.00 116.000
LFAY/30 49.8704987 2.3949201 205.00 296.000
LFBA/11 44.1771445 0.5823452 202.77 112.000
LFBA/29 44.1716467 0.6008451 200.55 292.000
LFBC/06 44.5279999 -1.1380100 74.00 57.000
LFBC/24 44.5400009 -1.1127300 83.00 237.000
LFBD/05 44.8190994 -0.7289830 160.00 46.000
LFBD/23 44.8386993 -0.7010000 151.00 226.000
LFBD/11 44.8316002 -0.7292420 153.00 107.000
LFBD/29 44.8254013 -0.6998970 160.00 287.000
LFBE/09 44.8251666 0.5075986 169.15 94.000
LFBE/27 44.8239527 0.5295034 162.00 274.000
LFBF/12 43.5490990 1.3572000 534.00 115.000
LFBF/30 43.5423012 1.3774101 533.00 295.000
LFBG/05 45.6492107 -0.3230173 78.37 50.000
LFBG/23 45.6617088 -0.3020651 99.61 230.000
LFBG/08 45.6619422 -0.3230580 87.43 84.000
LFBG/26 45.6635568 -0.3024396 95.44 264.000
LFBH/09 46.1795507 -1.2069261 61.09 93.000
LFBH/27 46.1790183 -1.1878667 70.89 273.000
LFBI/03 46.5796013 0.3001170 417.00 32.000
LFBI/21 46.5979004 0.3157610 421.00 212.000
LFBK/17 46.2309990 2.3612499 1346.00 167.000
LFBK/35 46.2142982 2.3666699 1354.00 347.000
LFBL/03 45.8525009 1.1725399 1273.00 34.000
LFBL/21 45.8708543 1.1897685 1274.95 214.000
LFBM/09 43.9107018 -0.5317780 164.00 87.000
LFBM/27 43.9122479 -0.4883471 195.98 267.000
LFBN/07 46.3083000 -0.4120970 144.00 68.000
LFBN/25 46.3144989 -0.3907310 201.00 248.000
LFBO/14L 43.6374016 1.3576200 490.00 143.000
LFBO/32R 43.6156006 1.3802201 497.00 323.000
LFBO/14R 43.6441002 1.3459300 488.00 143.000
LFBO/32L 43.6189995 1.3721000 497.00 323.000
LFBP/13 43.3876991 -0.4332610 581.00 125.000
LFBP/31 43.3745003 -0.4082420 616.00 305.000
LFBR/12 43.4514008 1.2576200 619.00 117.000
LFBR/30 43.4468994 1.2697600 621.00 297.000
LFBT/02 43.1716646 -0.0099232 1222.81 20.000
LFBT/20 43.1912994 0.0000690 1170.00 200.000
LFBU/10 45.7304993 0.2071310 432.00 97.000
LFBU/28 45.7285004 0.2302140 414.00 277.000
LFBX/11 45.1993042 0.8092660 306.60 114.000
LFBX/29 45.1952700 0.8224548 320.16 294.000
LFBZ/09 43.4682320 -1.5347527 239.96 89.000
LFBZ/27 43.4684982 -1.5094200 219.00 269.000
LFCC/13 44.3555984 1.4675000 884.00 129.000
LFCC/31 44.3471985 1.4819400 911.00 309.000
LFCG/15 43.0121990 1.1000700 1332.00 154.000
LFCG/33 43.0048768 1.1051784 1361.62 334.000
LFCH/07L 44.5955564 -1.1167982 51.85 74.000
LFCH/25R 44.5985442 -1.1052990 50.51 254.000
LFCH/07R 44.5945015 -1.1185700 52.00 74.000
LFCH/25L 44.5954642 -1.1141084 49.18 254.000
LFCI/09 43.9131012 2.1018760 553.48 90.000
LFCI/27 43.9132995 2.1182491 561.91 270.000
LFCK/14 43.5616141 2.2833117 711.06 141.000
LFCK/32 43.5498009 2.2962601 787.00 321.000
LFCL/15 43.5900022 1.4971857 460.00 155.000
LFCL/33 43.5833820 1.5013580 460.00 335.000
LFCM/14 43.9927059 3.1794551 2593.21 142.000
LFCM/32 43.9868438 3.1856110 2589.35 322.000
LFCQ/09 43.7701485 2.0075294 575.01 97.000
LFCQ/27 43.7694185 2.0152284 579.55 277.000
LFCR/13 44.4137001 2.4726601 1910.00 130.000
LFCR/31 44.4023886 2.4921580 1895.37 310.000
LFCU/10 45.5368996 2.4162800 2425.00 100.000
LFCU/28 45.5349007 2.4332500 2396.00 280.000
LFCW/10 44.3989980 0.7538940 189.00 103.000
LFCW/28 44.3974024 0.7648219 191.57 283.000
LFCY/10 45.6315400 -0.9783370 39.01 102.000
LFCY/28 45.6300308 -0.9672228 64.40 282.000
LFCZ/08 44.1455002 -1.1808800 159.00 82.000
LFCZ/26 44.1465141 -1.1698612 164.13 262.000
LFDA/12 43.7112721 -0.2503626 256.49 115.000
LFDA/30 43.7095746 -0.2446101 258.00 295.000
LFDB/13 44.0275934 1.3753795 345.36 135.000
LFDB/31 44.0239645 1.3805196 349.47 315.000
LFDH/36 43.6769981 0.5991970 411.00 4.000
LFDH/18 43.6903992 0.6003580 401.00 184.000
LFDI/04 44.9797043 -0.1376844 151.82 35.000
LFDI/22 44.9847577 -0.1325448 155.64 215.000
LFDJ/09 43.0908012 1.6899700 1112.00 92.000
LFDJ/27 43.0904007 1.7059200 1099.00 272.000
LFDL/08 47.0357280 0.0978677 310.89 83.000
LFDL/26 47.0364400 0.1060300 295.00 263.000
LFDM/11 44.5003224 0.1945960 105.00 107.000
LFDM/29 44.4974979 0.2067856 105.00 287.000
LFDN/12 45.8961983 -0.9972610 60.00 123.000
LFDN/30 45.8851013 -0.9725190 53.00 303.000
LFED/10 48.0588989 -2.9293301 381.00 94.000
LFED/28 48.0582008 -2.9142900 400.00 274.000
LFEH/06 47.4789047 2.3899362 618.15 60.000
LFEH/24 47.4827418 2.3996396 628.98 240.000
LFES/02 48.0462990 -3.6686500 521.00 23.000
LFES/20 48.0588000 -3.6609100 574.00 203.000
LFEY/04 46.7152250 -2.3949310 44.00 36.000
LFEY/22 46.7194980 -2.3906390 65.00 216.000
LFEY/14 46.7213210 -2.3968140 42.00 143.000
LFEY/32 46.7126850 -2.3869030 79.00 323.000
LFFI/07 47.4066010 -1.1851701 111.00 73.000
LFFI/25 47.4098015 -1.1699600 88.00 254.000
LFFN/10 48.4314995 4.4648800 369.00 99.000
LFFN/28 48.4286631 4.4922269 379.04 279.000
LFGA/01 48.1044540 7.3574299 625.04 11.000
LFGA/19 48.1166992 7.3610201 612.00 191.000
LFGB/02 47.7372017 7.4296899 787.00 21.000
LFGB/20 47.7448717 7.4343721 784.22 201.000
LFGB/02R 47.7364350 7.4303450 788.00 21.000
LFGB/20L 47.7457080 7.4358960 786.00 201.000
LFGF/03 47.0017014 4.8903098 643.00 25.000
LFGF/21 47.0102997 4.8964300 656.00 205.000
LFGI/02 47.3822060 4.9453450 1556.00 17.000
LFGI/20 47.3886020 4.9485110 1586.00 197.000
LFGI/02R 47.3829130 4.9463352 1558.51 17.000
LFGI/20L 47.3882890 4.9490530 1582.00 197.000
LFGJ/05 47.0331001 5.4153399 639.00 55.000
LFGJ/23 47.0447998 5.4391899 643.00 235.000
LFGK/08 47.9916281 3.3861970 680.86 79.000
LFGK/26 47.9928120 3.3966427 720.26 259.000
LFGW/10 49.1231995 5.4614801 1204.00 99.900
LFGW/28 49.1215909 5.4757573 1228.61 279.900
LFHF/18 44.4472709 4.3331262 351.64 181.000
LFHF/36 44.4420357 4.3325191 347.00 3.000
LFHM/15 45.8245010 6.6484199 4681.00 153.000
LFHM/33 45.8199997 6.6514101 4830.00 333.000
LFHO/18 44.5505980 4.3728000 919.00 184.000
LFHO/36 44.5378000 4.3715800 878.00 4.000
LFHP/15 45.0858036 3.7586296 2713.59 151.000
LFHP/33 45.0749016 3.7671599 2726.00 331.000
LFHP/15R 45.0835991 3.7590899 2719.00 151.000
LFHP/33L 45.0787197 3.7627221 2726.51 331.000
LFHQ/01 45.0699005 2.9914899 3218.00 9.000
LFHQ/19 45.0815010 2.9941299 3190.00 189.000
LFHS/18 46.2060013 5.2920098 852.00 180.000
LFHS/36 46.1958008 5.2920599 851.00 0.000
LFHV/18 45.9223808 4.6349771 1071.95 181.000
LFHV/36 45.9142575 4.6348190 1045.19 1.000
LFHV/18L 45.9235001 4.6360402 1073.00 182.000
LFHV/36R 45.9137993 4.6355801 1043.00 2.000
LFHY/08 46.5337982 3.4153299 890.00 83.200
LFHY/26 46.5354004 3.4321201 910.00 263.200
LFIF/12 43.8278999 2.7390599 1666.00 118.000
LFIF/30 43.8233552 2.7505592 1682.15 298.000
LFIG/10 44.1797981 2.5120599 1961.00 93.000
LFIG/28 44.1792176 2.5220302 1996.05 273.000
LFJA/01 48.0796013 5.0481000 965.00 5.000
LFJA/19 48.0931015 5.0500002 1001.00 185.000
LFJB/04 46.8992004 -0.7014030 576.00 36.000
LFJB/22 46.9085999 -0.6913740 522.00 216.000
LFJL/04 48.9734001 6.2405400 865.00 39.100
LFJL/22 48.9907990 6.2621002 861.00 219.100
LFJR/08 47.5588989 -0.3246750 165.00 80.400
LFJR/26 47.5613748 -0.3029286 188.83 260.400
LFJU/06 46.7098007 2.9376500 746.00 56.500
LFJU/24 46.7173004 2.9541399 746.00 236.500
LFJY/05 49.0186005 5.8634200 823.00 50.400
LFJY/23 49.0322990 5.8887200 866.00 230.400
LFKB/16 42.5634995 9.4791899 13.00 163.000
LFKB/34 42.5418015 9.4882698 26.00 343.000
LFKC/18 42.5410995 8.7929201 63.00 179.000
LFKC/36 42.5220997 8.7932971 186.32 359.000
LFKF/05 41.4947014 9.0860100 40.00 47.500
LFKF/23 41.5098000 9.1079302 86.00 227.500
LFKJ/02 41.9115982 8.7954197 15.00 24.900
LFKJ/20 41.9294513 8.8065355 17.72 204.900
LFKO/09 41.6611900 8.8813920 10.00 95.000
LFKO/27 41.6599880 8.8981220 13.00 275.000
LFKS/18 41.9361992 9.4050598 20.00 179.000
LFKS/36 41.9126015 9.4056396 18.00 359.000
LFKT/12 42.2952576 9.1902998 1117.52 124.000
LFKT/30 42.2910995 9.1977797 1060.00 304.000
LFLA/18 47.8577003 3.4982100 509.00 184.000
LFLA/36 47.8440731 3.4962119 521.06 4.000
LFLB/18 45.6450340 5.8796864 770.03 176.000
LFLB/36 45.6302595 5.8808342 777.38 356.000
LFLC/08 45.7848015 3.1508200 1089.00 82.000
LFLC/26 45.7884193 3.1873072 1058.54 262.000
LFLD/06 47.0565987 2.3598800 529.00 59.000
LFLD/24 47.0631994 2.3758607 518.92 239.000
LFLE/14 45.5646020 5.9720600 973.00 142.000
LFLE/32 45.5574990 5.9794600 955.00 322.000
LFLH/17 46.8302796 4.8166517 618.91 170.700
LFLH/35 46.8211212 4.8188195 610.34 350.700
LFLI/12 46.1939019 6.2631081 1581.25 117.000
LFLI/30 46.1901094 6.2736367 1605.67 297.000
LFLJ/22 45.3992200 6.6372900 6371.00 222.000
LFLL/17L 45.7349014 5.0918698 780.00 175.000
LFLL/35R 45.7109985 5.0947800 821.00 355.000
LFLL/17R 45.7466011 5.0859399 758.00 175.000
LFLL/35L 45.7107010 5.0903001 813.00 355.000
LFLM/17 46.2987339 4.7954357 725.58 174.000
LFLM/35 46.2900110 4.7967800 701.00 354.000
LFLN/15L 46.4220009 4.0071201 782.00 148.200
LFLN/33R 46.4065018 4.0211000 796.00 328.200
LFLN/15R 46.4165001 4.0071802 784.00 148.000
LFLN/33L 46.4056845 4.0169786 793.40 328.000
LFLO/02 46.0520080 3.9992369 1087.91 15.000
LFLO/20 46.0620990 4.0035600 1068.00 195.000
LFLP/04 45.9252469 6.0941938 1493.14 39.000
LFLP/22 45.9333930 6.1034674 1512.19 219.000
LFLS/09 45.3629990 5.3099098 1224.00 90.000
LFLS/27 45.3628998 5.3488402 1302.00 270.000
LFLT/11 46.3540993 2.5643799 771.00 110.000
LFLT/29 46.3510017 2.5765901 751.00 290.000
LFLU/01 44.9144782 4.9684949 524.15 7.000
LFLU/19 44.9298843 4.9715067 518.42 187.000
LFLU/01L 44.9156000 4.9696800 524.00 8.000
LFLU/19R 44.9262010 4.9717000 524.00 188.000
LFLV/01 46.1599007 3.4017200 817.00 8.000
LFLV/19 46.1795006 3.4057500 810.00 188.000
LFLW/15 44.8978996 2.4169400 2096.00 150.000
LFLW/33 44.8849983 2.4274399 2049.00 330.000
LFLX/03 46.8506012 1.7191700 528.00 33.000
LFLX/21 46.8768997 1.7441700 518.00 213.000
LFLY/16 45.7324212 4.9420597 649.65 163.000
LFLY/34 45.7218787 4.9464803 656.35 343.000
LFMA/14 43.5112278 5.3627066 342.63 146.000
LFMA/32 43.5018234 5.3715240 357.40 326.000
LFMC/09 43.3844986 6.3785701 258.00 88.400
LFMC/27 43.3847008 6.3884902 255.00 268.400
LFMC/13 43.3870442 6.3830021 260.70 130.200
LFMC/31 43.3808546 6.3930940 251.52 310.200
LFMD/04 43.5439000 6.9541100 7.00 43.000
LFMD/22 43.5485000 6.9608300 10.00 223.000
LFMD/17 43.5545010 6.9504200 14.00 170.000
LFMD/35 43.5402980 6.9529400 7.00 350.000
LFMH/17 45.5485139 4.2954755 1294.91 175.000
LFMH/35 45.5320222 4.2975697 1318.78 355.000
LFMI/15 43.5377998 4.9133000 77.00 153.000
LFMI/33 43.5078011 4.9346199 62.00 333.000
LFMK/09 43.2169884 2.2943945 431.59 97.000
LFMK/27 43.2151653 2.3163821 406.13 277.000
LFML/13L 43.4469870 5.2003562 12.37 133.700
LFML/31R 43.4313994 5.2225517 44.52 313.700
LFML/13R 43.4412994 5.2030201 8.00 134.400
LFML/31L 43.4265612 5.2234196 58.65 314.400
LFMN/04L 43.6523892 7.2048571 10.96 45.000
LFMN/22R 43.6683835 7.2269692 10.07 225.000
LFMN/04R 43.6467018 7.2024899 10.00 45.000
LFMN/22L 43.6655998 7.2284398 12.00 225.000
LFMO/15 44.1488991 4.8597398 195.00 144.000
LFMO/33 44.1313019 4.8773599 187.00 324.000
LFMP/13 42.7375465 2.8693661 140.25 128.000
LFMP/31 42.7344260 2.8749385 136.54 308.000
LFMP/15 42.7541008 2.8617101 130.00 148.000
LFMP/33 42.7362954 2.8766484 134.66 328.000
LFMQ/12 43.2565707 5.7779401 1372.44 127.000
LFMQ/30 43.2490604 5.7916712 1386.86 307.000
LFMS/01 44.0652515 4.1407831 650.84 13.000
LFMS/19 44.0758018 4.1440001 620.00 193.000
LFMT/12L 43.5861015 3.9557300 17.00 124.000
LFMT/30R 43.5727997 3.9822199 6.00 304.000
LFMT/12R 43.5752991 3.9529189 9.73 124.000
LFMT/30L 43.5702019 3.9630899 7.00 304.000
LFMU/09 43.3241139 3.3444415 50.17 94.000
LFMU/27 43.3228990 3.3650600 40.00 274.000
LFMV/17 43.9138347 4.9000363 114.06 169.000
LFMV/35 43.9017348 4.9033417 121.35 349.000
LFMY/09 43.6091160 5.1092640 197.00 91.000
LFMY/27 43.6089710 5.1189640 206.00 271.000
LFMY/16 43.6156998 5.1044102 195.00 160.100
LFMY/34 43.5988007 5.1130400 191.00 340.100
LFMY/16L 43.6147230 5.1159220 206.00 160.000
LFMY/34R 43.6063460 5.1192330 206.00 344.000
LFMY/16R 43.6128960 5.1144170 203.00 164.000
LFMY/34L 43.6033400 5.1181420 198.00 344.000
LFMZ/08 43.1747017 2.7284400 207.00 78.000
LFMZ/26 43.1764984 2.7405601 197.00 258.000
LFNA/02L 44.4497185 6.0339098 1943.00 26.000
LFNA/20R 44.4573593 6.0391402 1965.00 206.000
LFNA/02R 44.4513016 6.0357699 1947.00 26.000
LFNA/20L 44.4570007 6.0396399 1964.00 206.000
LFNB/12 44.5044945 3.5282050 3325.25 125.000
LFNB/30 44.4999884 3.5369386 3348.27 305.000
LFNH/13 44.0330201 5.0732426 353.86 132.000
LFNH/31 44.0261993 5.0837898 394.00 312.000
LFOA/06 47.0479012 2.6117699 546.00 60.000
LFOA/24 47.0634995 2.6518400 577.00 240.000
LFOB/04 49.4546013 2.1130199 332.00 42.000
LFOB/22 49.4621010 2.1232700 359.00 222.000
LFOB/12 49.4583015 2.1038499 352.00 125.000
LFOB/30 49.4462013 2.1317401 297.00 305.000
LFOC/10 48.0596008 1.3613400 433.00 98.500
LFOC/28 48.0567017 1.3919100 424.00 278.500
LFOD/10 47.2574005 -0.1245860 254.00 96.000
LFOD/28 47.2564334 -0.1073576 265.75 276.000
LFOE/04 49.0182991 1.2067100 448.00 39.900
LFOE/22 49.0390015 1.2330199 454.00 219.900
LFOH/04 49.5265010 0.0775860 310.00 44.000
LFOH/22 49.5415990 0.0993250 300.00 224.000
LFOI/02 50.1383018 1.8286500 220.00 22.000
LFOI/20 50.1487007 1.8351300 207.00 202.000
LFOJ/07 47.9838982 1.7455601 412.00 69.000
LFOJ/25 47.9915009 1.7756900 399.00 249.000
LFOK/10 48.7793925 4.1598789 556.86 102.000
LFOK/28 48.7730062 4.2084613 585.14 282.000
LFOP/04 49.3795013 1.1684500 499.00 41.300
LFOP/22 49.3909988 1.1839401 512.00 221.300
LFOQ/12 47.6813604 1.2028762 396.36 122.000
LFOQ/30 47.6759987 1.2158600 381.00 302.000
LFOT/02 47.4217987 0.7234080 351.00 15.000
LFOT/20 47.4426994 0.7318000 351.00 195.000
LFOU/02 47.0779682 -0.8799027 430.00 25.000
LFOU/20 47.0877990 -0.8732170 410.00 205.000
LFOV/14 48.0385060 -0.7511120 327.00 142.000
LFOV/32 48.0287996 -0.7399646 323.72 322.000
LFOZ/05 47.8941002 2.1573400 390.00 53.000
LFOZ/23 47.9016991 2.1722100 396.00 233.000
LFPB/03 48.9490548 2.4271235 147.48 26.000
LFPB/21 48.9705010 2.4421500 173.00 206.000
LFPB/07 48.9647665 2.4241294 151.80 69.000
LFPB/25 48.9710976 2.4467380 174.60 249.000
LFPB/09 48.9636993 2.4203999 148.00 86.000
LFPB/27 48.9650993 2.4456301 166.00 266.000
LFPC/07 49.2497542 2.5066572 281.83 65.100
LFPC/25 49.2580986 2.5340900 291.00 245.100
LFPG/08L 48.9957008 2.5527401 338.00 85.000
LFPG/26R 48.9983277 2.6019846 320.85 265.000
LFPG/08R 48.9929008 2.5656600 336.00 85.100
LFPG/26L 48.9948997 2.6024301 316.00 265.100
LFPG/09L 49.0247002 2.5248899 378.00 85.300
LFPG/27R 49.0266991 2.5616901 392.00 265.300
LFPG/09R 49.0205994 2.5130601 370.00 86.000
LFPG/27L 49.0233239 2.5620794 384.57 266.000
LFPK/09 48.8376007 3.0062699 470.00 91.000
LFPK/27 48.8375015 3.0253301 457.00 271.000
LFPK/09L 48.8386993 3.0149500 466.00 91.000
LFPK/27R 48.8386002 3.0238199 458.00 271.000
LFPK/09R 48.8352013 3.0011401 464.00 91.000
LFPK/27L 48.8351139 3.0087943 464.00 271.000
LFPL/08 48.8205910 2.6213200 354.00 82.000
LFPL/26 48.8215100 2.6307550 355.00 262.000
LFPM/01 48.6060982 2.6709800 295.00 13.000
LFPM/19 48.6175003 2.6748500 302.00 193.000
LFPM/10 48.6064987 2.6632900 296.00 103.000
LFPM/28 48.6024708 2.6881632 299.83 283.000
LFPN/07L 48.7512016 2.0987301 538.00 70.000
LFPN/25R 48.7543983 2.1129000 503.00 250.000
LFPN/07R 48.7495003 2.0997400 536.00 70.000
LFPN/25L 48.7526016 2.1131799 499.00 250.000
LFPO/02 48.7174988 2.3766999 287.00 18.000
LFPO/20 48.7379990 2.3869700 287.00 198.000
LFPO/06 48.7212675 2.3205300 283.08 62.000
LFPO/24 48.7355003 2.3606801 284.00 242.000
LFPO/07 48.7193985 2.3585899 277.00 74.000
LFPO/25 48.7263234 2.3963700 285.69 254.000
LFPP/07 49.1075740 2.7316860 387.00 67.000
LFPP/25 49.1100850 2.7404610 387.00 247.000
LFPP/07R 49.1062771 2.7325554 384.04 67.000
LFPP/25L 49.1091700 2.7423300 385.00 247.000
LFPT/04 49.0877990 2.0274000 274.00 45.000
LFPT/22 49.0975164 2.0419982 308.17 225.000
LFPT/12 49.1016565 2.0263932 322.77 118.000
LFPT/30 49.0960995 2.0422144 317.69 298.000
LFPV/09 48.7741013 2.1892800 584.00 88.000
LFPV/27 48.7746010 2.2139299 576.00 268.000
LFPZ/11L 48.8142257 2.0636934 371.39 113.000
LFPZ/29R 48.8119546 2.0716958 363.38 293.000
LFPZ/11R 48.8129269 2.0640956 368.38 113.000
LFPZ/29L 48.8107551 2.0718550 365.48 293.000
LFQA/07 49.2074129 4.1522629 306.83 66.000
LFQA/25 49.2097108 4.1602038 306.28 246.000
LFQB/05 48.3181628 4.0101275 384.99 52.000
LFQB/23 48.3210907 4.0155749 371.00 232.000
LFQB/17 48.3294983 4.0153298 372.00 174.000
LFQB/35 48.3157288 4.0175874 373.86 354.000
LFQB/17R 48.3255997 4.0124898 387.00 173.700
LFQB/35L 48.3175011 4.0138202 382.00 353.700
LFQC/09 48.5933990 6.5364099 794.00 92.000
LFQC/27 48.5931015 6.5504999 794.00 272.000
LFQE/01 49.2164001 5.6683402 738.00 13.600
LFQE/19 49.2374001 5.6760702 768.00 193.600
LFQF/18 46.9719009 4.2605700 991.00 180.000
LFQF/36 46.9626999 4.2604599 997.00 0.000
LFQF/18L 46.9715004 4.2610898 995.00 180.000
LFQF/36R 46.9658012 4.2610898 998.00 0.000
LFQG/12 47.0057419 3.1060435 569.28 121.800
LFQG/30 47.0005480 3.1180476 577.89 301.800
LFQJ/05R 50.3064003 4.0265799 447.00 48.000
LFQJ/23L 50.3142014 4.0401702 440.00 228.000
LFQM/05 47.2044784 6.0795371 1264.67 53.000
LFQM/23 47.2099755 6.0904654 1260.26 233.000
LFQP/06 48.7608986 7.1879902 996.00 57.000
LFQP/24 48.7714996 7.2131200 1017.00 237.000
LFQQ/01 50.5601006 3.0854599 148.00 15.000
LFQQ/19 50.5737991 3.0911400 153.00 195.000
LFQQ/08 50.5629005 3.0830100 157.00 78.000
LFQQ/26 50.5679773 3.1183549 134.48 258.000
LFQT/04 50.6122324 2.6348522 60.97 37.000
LFQT/22 50.6249008 2.6501501 60.00 217.000
LFQV/11 49.7864990 4.6374302 492.00 112.100
LFQV/29 49.7820753 4.6541299 483.33 292.100
LFQW/08 47.6376991 6.1947498 1181.00 82.000
LFQW/26 47.6394997 6.2137699 1249.00 262.000
LFRB/07L 48.4497986 -4.4224200 311.00 71.000
LFRB/25R 48.4519005 -4.4134102 317.00 251.000
LFRB/07R 48.4434013 -4.4383502 289.00 71.000
LFRB/25L 48.4514228 -4.4025354 309.77 251.000
LFRC/10 49.6521988 -1.4868600 452.00 100.700
LFRC/28 49.6481018 -1.4536600 428.00 280.700
LFRD/12 48.5904999 -2.0888801 209.00 115.000
LFRD/30 48.5855505 -2.0730877 212.60 295.000
LFRD/17 48.5980988 -2.0826800 193.00 170.000
LFRD/35 48.5786018 -2.0775599 198.00 350.000
LFRE/11 47.2901001 -2.3518400 105.00 107.000
LFRE/29 47.2876015 -2.3398299 100.00 287.000
LFRF/06 48.8805010 -1.5714900 44.00 65.000
LFRF/24 48.8836878 -1.5613236 31.11 245.000
LFRG/12 49.3686617 0.1442499 470.94 117.000
LFRG/30 49.3618145 0.1647654 466.99 297.000
LFRH/02 47.7561989 -3.4418099 144.00 16.000
LFRH/20 47.7705994 -3.4356101 160.00 196.000
LFRH/07 47.7563019 -3.4591701 134.00 72.000
LFRH/25 47.7625202 -3.4309290 139.57 252.000
LFRI/10 46.7033005 -1.3885601 288.00 102.000
LFRI/28 46.7011416 -1.3724081 290.44 282.000
LFRJ/07 48.5266991 -4.1691699 330.00 73.000
LFRJ/25 48.5335999 -4.1341701 336.00 253.000
LFRK/12 49.1794917 -0.4629962 232.16 124.000
LFRK/30 49.1711010 -0.4451690 233.00 304.000
LFRK/12L 49.1797220 -0.4578250 223.00 125.000
LFRK/30R 49.1755710 -0.4488810 234.00 305.000
LFRL/05 48.2785988 -4.4509602 272.00 51.000
LFRL/23 48.2849007 -4.4392099 269.00 231.000
LFRM/02 47.9418983 0.1979890 160.00 20.000
LFRM/20 47.9514356 0.2033070 177.66 200.000
LFRN/10 48.0735796 -1.7451737 81.34 101.000
LFRN/28 48.0702019 -1.7183900 120.00 281.000
LFRN/14 48.0699005 -1.7405000 110.00 142.000
LFRN/32 48.0639000 -1.7335300 109.00 322.000
LFRO/11 48.7559917 -3.4797135 278.08 107.100
LFRO/29 48.7524744 -3.4631144 284.15 287.100
LFRQ/09 47.9756346 -4.1839348 292.12 94.000
LFRQ/27 47.9744987 -4.1566000 275.00 274.000
LFRS/03 47.1416016 -1.6195400 73.00 28.000
LFRS/21 47.1631191 -1.6032135 85.05 208.000
LFRT/06 48.5331001 -2.8673799 450.00 58.700
LFRT/24 48.5433998 -2.8418400 431.00 238.700
LFRU/04 48.5986478 -3.8216920 251.04 41.000
LFRU/22 48.6087990 -3.8088300 262.00 221.000
LFRV/04 47.7178993 -2.7249601 429.00 39.000
LFRV/22 47.7285995 -2.7120800 437.00 219.000
LFRV/08 47.7241241 -2.7299864 433.68 82.000
LFRV/26 47.7252007 -2.7177801 440.00 262.000
LFRZ/07 47.3091011 -2.1644299 12.00 73.000
LFRZ/25 47.3153000 -2.1339300 11.00 253.000
LFSB/07 47.5879430 7.5168680 881.00 77.000
LFSB/25 47.5912008 7.5376437 883.80 257.000
LFSB/15 47.6176990 7.5098620 865.00 155.000
LFSB/33 47.5950627 7.5256489 877.12 335.000
LFSD/01 47.2663020 5.0828960 719.00 15.000
LFSD/19 47.2767220 5.0870140 728.00 195.000
LFSD/17 47.2766000 5.0935900 726.00 175.000
LFSD/35 47.2551000 5.0963700 710.00 355.000
LFSG/08 48.3241005 6.0518198 1084.00 85.000
LFSG/26 48.3259964 6.0846254 1038.78 265.000
LFSH/03 48.7904015 7.8143201 489.00 29.000
LFSH/21 48.7969639 7.8197142 489.00 209.000
LFSH/03L 48.7910000 7.8131600 488.00 29.000
LFSH/21R 48.7973403 7.8184509 487.17 209.000
LFSI/11 48.6403008 4.8843598 443.00 113.000
LFSI/29 48.6318016 4.9144702 458.00 293.000
LFSL/11 45.0439987 1.4722400 1016.00 115.000
LFSL/29 45.0362015 1.4965200 976.00 295.000
LFSM/08 47.4862615 6.7846950 1031.65 79.400
LFSM/26 47.4877373 6.7963748 1035.35 259.400
LFSN/03 48.6863441 6.2266641 700.00 29.000
LFSN/21 48.6990280 6.2369781 751.00 209.000
LFSO/02 48.5730019 5.9490900 1105.00 19.000
LFSO/20 48.5933990 5.9599500 1066.00 199.000
LFSP/02 46.9002747 6.3247175 2676.15 21.000
LFSP/20 46.9085007 6.3292699 2683.00 201.000
LFST/05 48.5312004 7.6160302 503.00 48.700
LFST/23 48.5453987 7.6404400 491.00 228.700
LFSX/04 47.7771988 6.3571601 872.00 38.000
LFSX/22 47.7937012 6.3762202 913.00 218.000
LFSX/11 47.7915993 6.3345399 858.00 113.000
LFSX/29 47.7830009 6.3644099 885.00 293.000
LFTF/11 43.2499158 6.1190134 257.40 110.000
LFTF/29 43.2456857 6.1343772 221.60 290.000
LFTH/05 43.0957470 6.1432263 6.00 51.000
LFTH/23 43.1063995 6.1614699 6.00 231.000
LFTH/13 43.0999557 6.1424643 10.93 135.000
LFTH/31 43.0903966 6.1554743 5.40 315.000
LFTW/18 43.7683983 4.4155598 301.00 177.000
LFTW/36 43.7463989 4.4171400 309.00 357.000
LFTZ/06 43.2034906 6.4771143 58.09 62.000
LFTZ/24 43.2074789 6.4873209 52.65 242.000
LFVM/12 47.0960999 -56.3867989 8.00 98.000
LFVM/30 47.0948982 -56.3736992 10.00 278.000
LFVP/08 46.7584000 -56.1856000 27.00 59.000
LFVP/26 46.7668990 -56.1655010 17.00 239.000
LFXA/01 45.9784012 5.3267798 807.00 7.400
LFXA/19 45.9944703 5.3297681 821.36 187.400
LFXA/02 45.9765015 5.3353500 823.00 15.000
LFXA/20 45.9824582 5.3375379 823.00 195.000
LG54/09 35.0633011 24.7525997 7.00 88.000
LG54/27 35.0640984 24.7823009 50.00 268.000
LG55/16 37.0983009 21.9876995 17.00 152.000
LG55/34 37.0900002 21.9930992 57.00 332.000
LGAD/16 37.9342995 21.2877998 31.00 165.000
LGAD/34 37.9071007 21.2973003 55.00 345.000
LGAL/07 40.8525009 25.9417000 10.00 73.000
LGAL/25 40.8591995 25.9708004 24.00 253.000
LGAV/03L 37.9231668 23.9212396 257.13 36.600
LGAV/21R 37.9463362 23.9429604 279.87 216.600
LGAV/03R 37.9256655 23.9453390 273.40 36.600
LGAV/21L 37.9502348 23.9683604 300.60 216.600
LGBL/08 39.2176018 22.7786999 83.00 81.000
LGBL/26 39.2212982 22.8103008 19.00 261.000
LGEL/18 38.0761986 23.5559998 129.00 180.000
LGEL/36 38.0522433 23.5561008 22.40 0.000
LGHI/01 38.3377400 26.1393783 8.09 10.000
LGHI/19 38.3492865 26.1418624 8.95 190.000
LGIK/15 37.6882019 26.3433990 78.00 152.000
LGIK/33 37.6778732 26.3503475 78.00 332.000
LGIO/14 39.7050018 20.8139000 1550.00 142.000
LGIO/32 39.6889500 20.8302364 1557.60 322.000
LGIR/09 35.3406260 25.1664389 78.70 95.000
LGIR/27 35.3390010 25.1905000 82.00 275.000
LGIR/12 35.3430948 25.1746564 62.63 126.000
LGIR/30 35.3356018 25.1872997 115.00 306.000
LGKA/12 40.4515673 21.2717632 2163.76 122.000
LGKA/30 40.4394302 21.2942276 2119.00 302.000
LGKC/02 36.2681007 23.0132008 1045.00 26.000
LGKC/20 36.2799988 23.0202999 1043.00 206.000
LGKF/14 38.1292000 20.4927998 32.00 146.000
LGKF/32 38.1130726 20.5064229 47.95 326.000
LGKL/17L 37.0816142 22.0235612 25.87 169.000
LGKL/35R 37.0554309 22.0296664 16.07 349.000
LGKL/17R 37.0811352 22.0224183 25.76 169.000
LGKL/35L 37.0557467 22.0283262 16.25 349.000
LGKM/13 40.9773130 24.3362319 199.00 137.000
LGKM/31 40.9685060 24.3468250 199.00 317.000
LGKO/14 36.8036003 27.0835991 412.00 148.000
LGKO/32 36.7851982 27.0979004 373.00 328.000
LGKP/12 35.4267475 27.1364715 37.63 124.000
LGKP/30 35.4160526 27.1555285 60.37 304.000
LGKR/16 39.6088968 19.9103422 5.00 169.000
LGKR/34 39.5921241 19.9146654 5.00 349.000
LGKS/09 35.4215012 26.9046001 19.00 93.000
LGKS/27 35.4211998 26.9153996 24.00 273.000
LGKV/05 40.9062996 24.6049995 11.00 55.000
LGKV/23 40.9216995 24.6343002 18.00 235.000
LGKZ/14 40.2903981 21.8349848 2041.85 143.000
LGKZ/32 40.2785988 21.8465996 1968.00 323.000
LGLE/14 37.1885986 26.7970009 8.00 144.000
LGLE/32 37.1824333 26.8024739 28.81 324.000
LGLM/04R 39.9071999 25.2243004 13.00 43.000
LGLM/22L 39.9268990 25.2483997 13.00 223.000
LGLR/08C 39.6477010 22.4486010 241.00 79.000
LGLR/26C 39.6528020 22.4824010 224.00 259.000
LGLR/08R 39.6466538 22.4486732 232.46 79.100
LGLR/26L 39.6511518 22.4788406 227.77 259.100
LGMK/16 37.4432983 25.3446999 395.00 160.000
LGMK/34 37.4271011 25.3518009 389.00 340.000
LGMT/14 39.0743754 26.5850027 55.77 148.000
LGMT/32 39.0607813 26.5961164 29.00 328.000
LGPL/15 36.5836983 26.3729992 142.00 150.000
LGPL/33 36.5760002 26.3785992 165.00 330.000
LGPZ/06 38.9206010 20.7500000 9.00 68.000
LGPZ/24 38.9297968 20.7789926 10.90 248.000
LGRD/08 36.3810997 28.0956001 203.00 79.700
LGRD/26 36.3849983 28.1222000 139.00 259.700
LGRP/06 36.4002991 28.0688992 16.00 70.100
LGRP/24 36.4104996 28.1035004 17.00 250.100
LGRX/18R 38.1644112 21.4263812 37.53 183.000
LGRX/36L 38.1378329 21.4247226 45.45 3.000
LGSA/11 35.5371017 24.1340008 428.00 111.000
LGSA/29 35.5261002 24.1683998 490.00 291.000
LGSK/01 39.1709584 23.5008407 10.60 19.000
LGSK/19 39.1843470 23.5067930 54.00 199.000
LGSM/09 37.6898120 26.9013528 19.66 94.000
LGSM/27 37.6884680 26.9236680 10.00 274.000
LGSO/18 37.4278984 24.9500999 225.00 181.000
LGSO/36 37.4182014 24.9498005 236.00 1.000
LGSR/15 36.4081000 25.4751000 123.00 159.000
LGSR/33 36.3902020 25.4834000 53.00 339.000
LGST/05 35.2102013 26.0925007 376.00 50.500
LGST/23 35.2220993 26.1100006 316.00 230.500
LGSY/17 38.9795197 24.4861331 15.37 176.000
LGSY/35 38.9612795 24.4878551 32.34 356.000
LGTG/10 38.3429508 23.5500618 481.80 105.000
LGTG/28 38.3363991 23.5814991 459.00 285.000
LGTP/02 37.5224991 22.3994007 2113.00 23.000
LGTP/20 37.5386009 22.4078999 2113.00 203.000
LGTS/10 40.5219994 22.9591007 9.00 104.000
LGTS/28 40.5167007 22.9869995 19.00 284.000
LGTS/16 40.5303001 22.9675999 14.00 166.300
LGTS/34 40.5092010 22.9743996 22.00 346.300
LGZA/16 37.7588242 20.8811496 11.09 163.000
LGZA/34 37.7429270 20.8871323 11.91 343.000
LHBC/17L 46.6891150 21.1616720 283.00 174.000
LHBC/35R 46.6775990 21.1632720 285.00 354.000
LHBP/13L 47.4454000 19.2575000 495.00 132.000
LHBP/31R 47.4230000 19.2939000 417.00 312.000
LHBP/13R 47.4487000 19.2208000 450.00 132.000
LHBP/31L 47.4305000 19.2502000 450.00 312.000
LHBS/09 47.4500000 18.9800000 422.00 94.000
LHBS/27 47.4500000 18.9800000 422.00 274.000
LHDC/04R 47.4813995 21.6030006 355.00 48.000
LHDC/22L 47.4946032 21.6246481 358.52 228.000
LHFM/16 47.5870018 16.8430004 433.00 158.500
LHFM/34 47.5787010 16.8477993 440.00 338.500
LHKE/12 46.9235992 19.7355003 376.00 123.000
LHKE/30 46.9113998 19.7630005 376.00 303.000
LHNY/18L 47.9858017 21.6970005 338.00 181.000
LHNY/36R 47.9779015 21.6966991 338.00 1.000
LHNY/18R 47.9884987 21.6924992 338.00 181.000
LHNY/36L 47.9794998 21.6921997 338.00 1.000
LHPP/15 45.9956020 18.2383000 650.00 157.000
LHPP/33 45.9831010 18.2458000 640.00 337.000
LHPR/11 47.6329000 17.7932000 418.00 120.000
LHPR/29 47.6239010 17.8167000 426.00 300.000
LHSA/16 47.0862007 17.9638004 902.00 159.100
LHSA/34 47.0695000 17.9731007 905.00 339.100
LHSM/16 46.6973000 17.1548996 408.00 165.000
LHSM/34 46.6754990 17.1632004 399.00 345.000
LHSN/02 47.1144981 20.2308006 292.00 21.000
LHSN/20 47.1313019 20.2402000 292.00 201.000
LHTL/14 47.3473928 18.9830063 331.00 142.000
LHTL/32 47.3500000 18.9800000 331.00 322.000
LHUD/16L 46.2511673 20.0916672 268.00 167.000
LHUD/34R 46.2408333 20.0950603 266.00 347.000
LHUD/16R 46.2507973 20.0890617 268.00 168.000
LHUD/34L 46.2403679 20.0922565 266.00 348.000
LHZA/35 46.8772650 16.7904930 643.00 353.000
LHZK/20 46.5569920 17.1537860 417.00 209.000
LIAF/17 42.9394440 12.7108330 730.00 170.000
LIAF/35 42.9272220 12.7133330 696.00 350.000
LIAP/18 42.3858219 13.3090179 2209.73 178.000
LIAP/36 42.3746788 13.3094441 2201.84 358.000
LIBA/11 41.5443993 15.6992998 177.00 114.000
LIBA/29 41.5346985 15.7285004 181.00 294.000
LIBC/17 39.0046870 17.0782533 519.52 169.000
LIBC/35 38.9883995 17.0823994 514.00 349.000
LIBD/07 41.1341837 16.7447614 167.47 67.000
LIBD/25 41.1423340 16.7740841 108.00 247.000
LIBF/15 41.4413190 15.5301580 260.00 156.000
LIBF/33 41.4279596 15.5378810 264.66 336.000
LIBG/17 40.5251007 17.4011993 215.00 169.000
LIBG/35 40.5099983 17.4051991 195.00 349.000
LIBN/32 40.2327988 18.1386122 156.78 326.000
LIBP/04 42.4235462 14.1727776 45.18 37.500
LIBP/22 42.4386568 14.1885053 28.48 217.500
LIBR/05 40.6523018 17.9368000 46.00 53.000
LIBR/23 40.6622220 17.9536362 14.29 233.000
LIBR/13 40.6721992 17.9298992 29.00 137.000
LIBR/31 40.6554985 17.9503002 26.00 317.000
LIBV/14L 40.7808693 16.9230877 1127.11 141.000
LIBV/32R 40.7615353 16.9438075 1152.88 321.000
LIBV/14R 40.7735593 16.9237414 1132.85 141.000
LIBV/32L 40.7544066 16.9440512 1183.38 321.000
LICA/10 38.9068523 16.2298103 20.67 99.000
LICA/28 38.9039515 16.2547794 38.33 279.000
LICC/08 37.4656885 15.0537716 36.22 84.000
LICC/26 37.4678194 15.0791418 17.70 264.000
LICD/08 35.4966011 12.6083002 48.00 81.000
LICD/26 35.4992981 12.6279001 70.00 261.000
LICG/02 36.8079990 11.9633000 620.00 28.000
LICG/20 36.8177990 11.9697000 591.00 208.000
LICG/07 36.8140980 11.9569000 635.00 76.000
LICG/25 36.8176990 11.9750000 603.00 256.000
LICJ/02 38.1661246 13.0856141 41.97 24.000
LICJ/20 38.1831758 13.0951854 22.03 204.000
LICJ/07 38.1747356 13.0877959 33.63 66.900
LICJ/25 38.1850684 13.1186220 48.94 246.900
LICP/17 38.1134491 13.3130012 292.43 174.700
LICP/35 38.1070138 13.3137627 328.61 354.700
LICR/11 38.0750999 15.6395998 38.00 113.000
LICR/29 38.0691986 15.6575003 43.00 293.000
LICR/15 38.0783470 15.6468282 77.59 153.000
LICR/33 38.0658989 15.6550409 35.25 333.000
LICT/13 37.9188004 12.4757996 10.00 128.000
LICT/31 37.9053831 12.4978553 22.70 308.000
LICZ/10L 37.4050461 14.9094993 81.00 98.000
LICZ/28R 37.4019543 14.9358253 81.00 278.000
LICZ/10R 37.4030674 14.9096718 79.32 98.000
LICZ/28L 37.4001347 14.9349075 64.69 278.000
LIDA/08L 45.8859336 11.5107756 3343.70 76.000
LIDA/26R 45.8882390 11.5235370 3405.27 256.000
LIDA/08R 45.8847008 11.5100002 3324.00 75.200
LIDA/26L 45.8871994 11.5235996 3409.00 255.200
LIDE/11 44.6981910 10.6646112 147.49 108.000
LIDE/29 44.6967164 10.6698488 148.86 288.000
LIDT/18 46.0272690 11.1249000 611.00 181.000
LIDT/36 46.0170830 11.1249000 605.00 1.000
LIEA/02 40.6198006 8.2833900 69.00 25.000
LIEA/20 40.6444016 8.2981596 87.00 205.000
LIED/16L 39.3656816 8.9703340 96.34 167.000
LIED/34R 39.3421231 8.9772353 84.66 347.000
LIED/16R 39.3653980 8.9677800 92.00 167.000
LIED/34L 39.3424990 8.9746200 81.00 347.000
LIEE/14 39.2607990 9.0434700 9.00 138.000
LIEE/32 39.2421000 9.0651100 4.00 318.000
LIEO/05 40.8937268 9.5080209 33.57 53.000
LIEO/23 40.9040830 9.5281359 19.88 233.000
LIET/12 39.9216003 9.6767302 22.00 121.000
LIET/30 39.9159012 9.6892300 7.00 301.000
LILE/16 45.5006738 8.0993813 921.72 156.000
LILE/34 45.4904330 8.1058475 881.57 336.000
LILH/16 44.9561996 9.0143099 399.00 159.600
LILH/34 44.9487786 9.0182454 420.21 339.600
LILN/17 45.7478617 8.8876140 1050.00 176.000
LILN/35 45.7365403 8.8888560 1050.00 356.000
LILQ/05 43.9850916 10.1423031 13.00 51.000
LILQ/23 43.9868515 10.1453029 13.00 231.000
LILV/02R 45.7188660 9.5932302 745.00 20.000
LILV/20L 45.7230938 9.5959949 745.00 200.000
LIMA/10L 45.0872990 7.5966900 943.00 101.000
LIMA/28R 45.0858288 7.6069350 925.35 281.000
LIMA/10R 45.0856018 7.6004100 935.00 101.500
LIMA/28L 45.0847491 7.6066102 927.00 281.500
LIMB/18 45.5447190 9.2023250 484.00 180.000
LIMB/36 45.5350000 9.2023830 464.00 0.000
LIMC/17L 45.6420544 8.7300400 732.04 170.000
LIMC/35R 45.6157410 8.7375070 691.00 350.000
LIMC/17R 45.6454490 8.7187360 764.00 170.000
LIMC/35L 45.6143684 8.7274085 702.94 350.000
LIME/10 45.6708146 9.6909712 778.17 105.000
LIME/28 45.6647129 9.7238152 755.13 285.000
LIME/12 45.6776285 9.7029342 782.00 121.000
LIME/30 45.6750391 9.7089490 782.00 301.000
LIMF/18 45.2090896 7.6500857 970.46 183.000
LIMF/36 45.1890441 7.6489239 938.09 3.000
LIMG/09 44.0508466 8.1195415 142.51 94.000
LIMG/27 44.0502010 8.1363100 103.00 274.000
LIMJ/10 44.4154015 8.8241901 9.00 105.000
LIMJ/28 44.4088752 8.8576231 11.83 285.000
LIML/17 45.4562150 9.2758670 353.00 176.000
LIML/35 45.4343070 9.2782280 337.00 356.000
LIMN/17 45.5433215 8.6651868 583.93 168.000
LIMN/35 45.5186091 8.6729545 553.86 348.000
LIMP/02 44.8195396 10.2938935 156.79 17.000
LIMP/20 44.8343344 10.3004251 147.03 197.000
LIMS/12 44.9196936 9.7083377 453.36 118.400
LIMS/30 44.9091391 9.7358278 437.69 298.400
LIMW/09 45.7381490 7.3607534 1789.11 85.000
LIMW/27 45.7390739 7.3754103 1773.48 265.000
LIMZ/03 44.5396004 7.6161900 1267.00 32.000
LIMZ/21 44.5555992 7.6304498 1217.00 212.000
LIPA/05 46.0233002 12.5839005 321.00 48.000
LIPA/23 46.0388985 12.6089001 410.00 228.000
LIPB/01 46.4520559 11.3242741 771.30 10.000
LIPB/19 46.4645025 11.3275332 785.29 190.000
LIPB/01R 46.4549813 11.3268307 773.70 11.000
LIPB/19L 46.4585406 11.3277084 778.83 191.000
LIPC/11 44.2299326 12.2914376 17.69 116.000
LIPC/29 44.2186537 12.3230038 10.30 296.000
LIPE/12 44.5398463 11.2763502 120.00 117.000
LIPE/30 44.5312787 11.3003302 120.00 297.000
LIPH/07 45.6447502 12.1808299 55.84 69.000
LIPH/25 45.6519197 12.2075755 51.24 249.000
LIPI/06 45.9734993 13.0351000 163.00 59.000
LIPI/24 45.9852982 13.0633001 179.00 239.000
LIPK/12 44.1997986 12.0566998 97.00 117.000
LIPK/30 44.1897011 12.0833998 91.00 297.000
LIPL/13 45.4400269 10.2564431 328.51 135.000
LIPL/31 45.4242728 10.2788578 313.49 315.000
LIPN/08 45.4707985 10.9216995 286.00 74.700
LIPN/26 45.4732018 10.9342003 271.00 254.700
LIPO/14 45.4361916 10.3204184 350.99 135.000
LIPO/32 45.4203422 10.3430327 334.30 315.000
LIPQ/09 45.8279991 13.4499807 36.93 90.000
LIPQ/27 45.8278008 13.4860001 36.00 270.000
LIPR/12 44.0267617 12.6000943 22.89 128.000
LIPR/30 44.0136987 12.6234785 37.16 308.000
LIPS/08 45.6829628 12.0719146 136.10 82.000
LIPS/26 45.6859347 12.1024972 136.90 262.000
LIPU/04 45.3929281 11.8442097 43.89 40.000
LIPU/22 45.3986565 11.8509560 42.40 220.000
LIPX/04 45.3876585 10.8768305 220.34 46.000
LIPX/22 45.4040398 10.9007227 235.59 226.000
LIPY/04 43.6081417 13.3511155 45.81 45.000
LIPY/22 43.6248474 13.3739830 29.91 225.000
LIPZ/04L 45.4958285 12.3364058 7.00 42.000
LIPZ/22R 45.5136986 12.3593998 7.00 222.000
LIPZ/04R 45.4940987 12.3376999 7.00 42.000
LIPZ/22L 45.5162010 12.3660002 7.00 222.000
LIQG/15 43.2898026 10.5154982 46.00 150.000
LIQS/18 43.2612000 11.2547998 634.00 178.000
LIQS/36 43.2486992 11.2552996 604.00 358.000
LIRA/15 41.8081017 12.5888004 341.00 152.000
LIRA/33 41.7904015 12.6009998 427.00 332.000
LIRF/07 41.8005957 12.2368017 6.75 70.000
LIRF/25 41.8096310 12.2694830 5.00 250.000
LIRF/16L 41.8460007 12.2615004 14.00 163.000
LIRF/34R 41.8124008 12.2755003 6.00 343.000
LIRF/16R 41.8154980 12.2264000 7.00 163.000
LIRF/34L 41.7820010 12.2404000 8.00 343.000
LIRG/04 41.9866982 12.7321997 288.00 34.900
LIRG/22 41.9954987 12.7405005 256.00 214.900
LIRG/18 41.9968987 12.7410002 289.00 181.000
LIRG/36 41.9836998 12.7406998 243.00 1.000
LIRJ/16 42.7647650 10.2380117 25.39 160.000
LIRJ/34 42.7587335 10.2410358 12.56 340.000
LIRL/12 41.5467987 12.9006996 93.00 124.500
LIRL/30 41.5381012 12.9174004 57.00 304.500
LIRM/06 41.0546364 14.0674998 18.36 59.900
LIRM/24 41.0672664 14.0963088 28.65 239.900
LIRN/06 40.8816949 14.2815292 274.74 58.100
LIRN/24 40.8913958 14.3020790 227.41 238.100
LIRP/03L 43.6759442 10.3829330 2.43 37.000
LIRP/21R 43.6940000 10.4015000 6.00 217.000
LIRP/03R 43.6741727 10.3843176 3.15 37.000
LIRP/21L 43.6927535 10.4035767 5.74 217.000
LIRQ/05 43.8062424 11.1992037 123.87 48.000
LIRQ/23 43.8105021 11.2058242 127.98 228.000
LIRS/03 42.7501459 11.0618096 15.00 31.000
LIRS/21 42.7724991 11.0799999 15.00 211.000
LIRS/03R 42.7505000 11.0660000 17.00 31.000
LIRS/21L 42.7687000 11.0807000 17.00 211.000
LIRU/16 41.9560709 12.5004551 54.90 160.000
LIRU/34 41.9499119 12.5033666 54.23 340.000
LIRV/04C 42.4314000 12.0573000 970.00 38.000
LIRV/22C 42.4404980 12.0670000 990.00 218.000
LIRV/04L 42.4322014 12.0560999 969.00 38.000
LIRV/22R 42.4393005 12.0636997 987.00 218.000
LIRV/04R 42.4351006 12.0621996 977.00 39.000
LIRV/22L 42.4392014 12.0667000 987.00 219.000
LIRZ/01 43.0893848 12.5109399 668.18 14.000
LIRZ/19 43.1071452 12.5171429 692.27 194.000
LJCE/09 45.8996850 15.5103640 504.00 89.000
LJCE/27 45.9001540 15.5490110 504.00 269.000
LJLJ/12 46.2324982 14.4404001 1273.00 126.400
LJLJ/30 46.2149010 14.4748001 1191.00 306.400
LJMB/14 46.4892006 15.6771002 875.00 146.000
LJMB/32 46.4706001 15.6952000 856.00 326.000
LJPZ/15 45.4771996 13.6120005 5.00 151.000
LJPZ/33 45.4695038 13.6179750 6.62 331.000
LKBE/06 49.7402650 14.6401970 1302.00 60.000
LKBE/24 49.7434010 14.6491690 1302.00 240.000
LKBE/09L 49.7396430 14.6393830 1304.00 87.000
LKBE/27R 49.7398990 14.6498170 1304.00 267.000
LKBO/07 49.6697006 17.2893009 774.00 74.000
LKBO/25 49.6712990 17.3006992 774.00 254.000
LKBU/10R 49.9751015 14.1729002 1384.00 102.000
LKBU/28L 49.9737015 14.1828003 1397.00 282.000
LKCB/05 50.0624470 12.4035490 1585.00 53.000
LKCB/23 50.0699200 12.4193000 1585.00 233.000
LKCM/16 49.2405010 16.5522990 925.00 155.000
LKCM/34 49.2332000 16.5581000 846.00 335.000
LKCS/09 48.9464000 14.4104000 1417.00 90.000
LKCS/27 48.9463999 14.4403847 1387.97 270.000
LKCV/13 49.9476013 15.3704996 757.00 137.000
LKCV/31 49.9317017 15.3931999 787.00 317.000
LKER/11 49.8037220 13.0322210 1575.00 108.000
LKER/29 49.8016340 13.0437310 1562.00 288.000
LKFR/08 49.5889020 18.3740010 1364.00 84.000
LKFR/26 49.5903020 18.3843990 1440.00 264.000
LKHK/15L 50.2630000 15.8379000 780.00 151.000
LKHK/33R 50.2434010 15.8523000 786.00 331.000
LKHK/15R 50.2584000 15.8399000 791.00 151.000
LKHK/33L 50.2519000 15.8447000 791.00 331.000
LKHS/06L 49.0379940 14.4904020 1621.00 58.000
LKHS/24R 49.0419580 14.4995570 1591.00 238.000
LKHS/06R 49.0371360 14.4905930 1621.00 58.000
LKHS/24L 49.0411640 14.4999490 1588.00 238.000
LKHV/06 49.8470988 13.8904577 1214.00 66.000
LKHV/24 49.8513950 13.9052402 1214.00 246.000
LKJC/12 50.4326670 15.3271990 863.00 123.000
LKJC/30 50.4274900 15.3386830 863.00 303.000
LKJI/10 49.4202650 15.6291110 1818.00 102.000
LKJI/28 49.4184230 15.6416550 1821.00 282.000
LKKA/13 49.3705790 16.1126880 1808.00 134.000
LKKA/31 49.3662870 16.1195810 1834.00 314.000
LKKB/06 50.1171989 14.5312996 939.00 62.000
LKKB/24 50.1254997 14.5559998 916.00 242.000
LKKL/12 50.1157000 14.0841800 1421.00 124.000
LKKL/30 50.1103320 14.0949620 1421.00 304.000
LKKM/02 49.2836556 17.4138569 617.00 19.000
LKKM/20 49.2875087 17.4166361 617.00 199.000
LKKO/03L 49.9983340 15.1702360 925.00 26.000
LKKO/21R 50.0054820 15.1760180 883.00 206.000
LKKO/03R 49.9980110 15.1710870 925.00 26.000
LKKO/21L 50.0051340 15.1769060 883.00 206.000
LKKU/02C 49.0213013 17.4340000 574.00 25.000
LKKU/20C 49.0374985 17.4456997 581.00 205.000
LKKU/02L 49.0217018 17.4326000 571.00 25.000
LKKU/20R 49.0336990 17.4412994 581.00 205.000
LKKU/02R 49.0210991 17.4346008 571.00 25.000
LKKU/20L 49.0348015 17.4445000 581.00 205.000
LKKV/11 50.2063523 12.9030755 1986.87 113.000
LKKV/29 50.1992600 12.9290220 1985.00 293.000
LKLB/16 50.7707180 15.0204600 1303.00 162.000
LKLB/34 50.7634240 15.0257640 1329.00 342.000
LKLN/06 49.6717987 13.2659998 1175.00 56.400
LKLN/24 49.6786003 13.2832003 1188.00 236.400
LKMB/04 50.3951990 14.8931000 768.00 45.000
LKMB/22 50.4000020 14.9004000 758.00 225.000
LKMB/16 50.4007000 14.8940000 778.00 155.000
LKMB/34 50.3927990 14.8978000 742.00 335.000
LKMH/07 50.5390571 15.0025285 801.00 66.600
LKMH/25 50.5412845 15.0103651 801.00 246.600
LKMT/04 49.6852989 18.0932007 842.00 46.100
LKMT/22 49.7070999 18.1284008 808.00 226.100
LKNA/12 49.1730461 16.1116524 1548.00 129.000
LKNA/30 49.1593704 16.1371059 1496.00 309.000
LKNM/08 50.3630980 16.1046010 974.00 78.000
LKNM/26 50.3644980 16.1175000 991.00 258.000
LKNM/18 50.3680990 16.1136000 1001.00 179.000
LKNM/36 50.3601000 16.1134000 984.00 359.000
LKPA/15 49.7330093 16.2621155 1873.00 155.000
LKPA/33 49.7392578 16.2635574 1972.00 335.000
LKPC/09 50.3054008 13.9167995 1207.00 86.000
LKPC/27 50.3069992 13.9517002 1148.00 266.000
LKPD/09 50.0139999 15.7212000 735.00 93.000
LKPD/27 50.0129013 15.7560997 732.00 273.000
LKPJ/12 49.4505000 17.1276000 702.00 122.000
LKPJ/30 49.4446980 17.1411990 702.00 302.000
LKPM/06L 49.7155991 14.0892000 1529.00 56.000
LKPM/24R 49.7229004 14.1056995 1460.00 236.000
LKPM/06R 49.7136993 14.0861998 1519.00 56.000
LKPM/24L 49.7256750 14.1132404 1480.48 236.000
LKPN/07 49.9380420 15.5420140 1201.00 69.000
LKPN/25 49.9399190 15.5517270 1247.00 249.000
LKPN/13 49.9402470 15.5487200 1237.00 128.000
LKPN/31 49.9364200 15.5551570 1250.00 308.000
LKPO/06 49.4213982 17.3892994 663.00 66.000
LKPO/24 49.4304008 17.4204998 673.00 246.000
LKPR/06 50.1017990 14.2263002 1202.00 65.000
LKPR/24 50.1160011 14.2734003 1158.00 245.000
LKPR/12 50.1080017 14.2454004 1160.00 127.000
LKPR/30 50.0904999 14.2817001 1232.00 307.000
LKRA/11 50.4061970 13.7417520 814.00 108.000
LKRA/29 50.4036790 13.7529440 863.00 288.000
LKRK/09R 50.0934880 13.6851120 1273.00 87.000
LKRK/27L 50.0938290 13.6978110 1214.00 267.000
LKRO/13L 50.4126270 14.2237480 728.00 133.000
LKRO/13R 50.4149440 14.2191290 728.00 133.000
LKRO/31L 50.4061020 14.2331450 728.00 313.000
LKSB/13 49.4899670 17.0479430 837.00 135.000
LKSB/31 49.4849130 17.0570680 837.00 315.000
LKSK/13 49.8313440 15.9998210 1528.00 124.000
LKSK/31 49.8267770 16.0096960 1601.00 304.000
LKSZ/15L 50.3276140 14.2569610 765.00 145.000
LKSZ/33R 50.3208240 14.2639510 765.00 325.000
LKSZ/15R 50.3296200 14.2536280 765.00 145.000
LKSZ/33L 50.3197140 14.2640030 765.00 325.000
LKTA/12 49.3951740 14.6971990 1411.00 116.000
LKTA/30 49.3906310 14.7106650 1391.00 296.000
LKTA/16 49.3906554 14.7085296 1423.04 160.000
LKTA/34 49.3892986 14.7092270 1405.29 340.000
LKTB/09 49.1529007 16.6758995 764.00 94.000
LKTB/27 49.1497993 16.7119007 771.00 274.000
LKTC/09 49.9854740 14.4209080 1030.00 90.000
LKTC/27 49.9854730 14.4319111 1011.84 270.000
LKTD/09 49.7974130 12.6993360 1639.00 92.000
LKTD/27 49.7971080 12.7145950 1586.00 272.000
LKTO/08 50.0849690 12.9439950 2136.00 75.000
LKTO/26 50.0879750 12.9613050 2116.00 255.000
LKUL/05 50.6976013 13.9644003 774.00 51.000
LKUL/23 50.7022018 13.9733000 784.00 231.000
LKUO/14 49.9818690 16.4228570 1332.00 143.000
LKUO/32 49.9752880 16.4298950 1342.00 323.000
LKVO/10 50.2195702 14.3786268 880.00 105.000
LKVO/28 50.2137985 14.4125004 915.00 285.100
LKZD/11 50.3191380 13.5053480 883.00 109.000
LKZD/29 50.3156050 13.5199860 883.00 289.000
LKZN/08 48.8171960 16.0600590 827.00 80.000
LKZN/26 48.8183630 16.0714420 827.00 260.000
LLBG/03 31.9962158 34.8860817 129.00 29.000
LLBG/21 32.0181236 34.9002266 134.00 209.000
LLBG/08 32.0130005 34.8604012 97.00 80.000
LLBG/26 32.0179644 34.8923326 120.01 260.000
LLBG/12 32.0147018 34.8657990 112.00 121.400
LLBG/30 32.0002521 34.8935207 129.57 301.400
LLBO/18 32.6534004 34.9336014 14.00 188.000
LLBO/36 32.6467018 34.9325981 17.00 8.000
LLEK/15L 31.8476009 34.8264999 165.00 151.000
LLEK/33R 31.8286991 34.8389015 213.00 331.000
LLEK/15R 31.8472004 34.8207016 171.00 151.000
LLEK/33L 31.8283005 34.8330994 165.00 331.000
LLFK/04 32.7822610 35.7137170 1168.00 38.000
LLFK/22 32.7911470 35.7228390 1218.00 218.000
LLHA/15 32.8159793 35.0418897 25.62 159.000
LLHA/33 32.8067734 35.0461559 16.88 339.000
LLHB/10L 31.2416000 34.6459999 700.00 105.000
LLHB/28R 31.2357998 34.6706009 720.00 285.000
LLHB/10R 31.2324009 34.6489983 658.00 105.000
LLHB/28L 31.2254009 34.6787987 722.00 285.000
LLHB/15 31.2409992 34.6464005 658.00 143.000
LLHB/33 31.2282009 34.6575012 688.00 323.000
LLHS/05 31.7542000 34.7150993 123.00 53.000
LLHS/23 31.7668991 34.7358017 130.00 233.000
LLHS/11L 31.7654991 34.7215004 116.00 111.600
LLHS/29R 31.7574005 34.7456017 148.00 291.600
LLHS/11R 31.7639999 34.7206993 116.00 111.600
LLHS/29L 31.7556992 34.7449989 148.00 291.600
LLHZ/10 32.1813890 34.8305560 94.00 104.000
LLHZ/28 32.1793100 34.8380430 117.00 284.000
LLIB/15 32.9869883 35.5682471 883.85 150.000
LLIB/33 32.9791606 35.5734782 878.53 330.000
LLMG/09 32.5975289 35.2223109 197.30 85.000
LLMG/27 32.5969390 35.2404580 177.00 265.000
LLMZ/01 31.3229008 35.3875999 -1246.00 9.600
LLMZ/19 31.3334999 35.3897018 -1210.00 189.600
LLNV/08C 31.2043991 34.9950981 1295.00 77.000
LLNV/26C 31.2112999 35.0293007 1360.00 257.000
LLNV/08L 31.2075005 34.9942017 1290.00 76.800
LLNV/26R 31.2127991 35.0208015 1320.00 256.800
LLNV/08R 31.2000008 34.9962997 1318.00 77.000
LLNV/26L 31.2052002 35.0224991 1426.00 257.000
LLOV/02L 29.9312507 34.9296830 1484.77 22.000
LLOV/20R 29.9504498 34.9386183 1435.23 202.000
LLOV/02R 29.9284508 34.9322846 1488.60 22.000
LLOV/20L 29.9509495 34.9427153 1427.40 202.000
LLRD/09 32.6659012 35.1637001 131.00 86.000
LLRD/27 32.6677017 35.1913986 185.00 266.000
LLRD/11 32.6628990 35.1627007 128.00 108.000
LLRD/29 32.6562004 35.1874008 158.00 288.000
LLRD/15 32.6755981 35.1768990 164.00 145.000
LLRD/33 32.6580009 35.1917992 164.00 325.000
LLRM/07L 30.7726994 34.6529999 2108.00 66.800
LLRM/25R 30.7823009 34.6790009 2080.00 246.800
LLRM/07R 30.7691994 34.6530991 2133.00 66.500
LLRM/25L 30.7800007 34.6819000 2071.00 246.500
LLYT/02 29.8978996 35.0656013 249.00 27.000
LLYT/20 29.9062996 35.0699005 244.00 207.000
LMML/05 35.8475000 14.4601000 297.00 52.000
LMML/23 35.8599010 14.4815000 247.00 232.000
LMML/13 35.8564000 14.4788000 256.00 132.000
LMML/31 35.8350372 14.5052421 231.47 312.000
LOAN/09 47.8438988 16.2530994 896.00 97.000
LOAN/27 47.8428001 16.2672005 876.00 277.000
LOIR/04 47.4690020 10.6886000 2807.00 45.000
LOIR/22 47.4725317 10.6937552 2807.00 225.000
LOKL/12 46.7993470 12.8755970 2093.00 124.000
LOKL/30 46.7968290 12.8809950 2093.00 304.000
LOKR/06 46.7424810 14.4110700 1753.00 64.000
LOKR/24 46.7440680 14.4157970 1753.00 244.000
LOLM/13 47.8725010 14.1224000 1509.00 138.000
LOLM/31 47.8699000 14.1274000 1509.00 318.000
LOLW/08C 48.1819000 14.0340000 1043.00 84.000
LOLW/26C 48.1819990 14.0464000 1043.00 264.000
LOLW/08L 48.1831951 14.0328288 1041.29 84.000
LOLW/26R 48.1833322 14.0492473 1032.51 264.000
LOLW/08R 48.1805000 14.0347000 1043.00 84.000
LOLW/26L 48.1805990 14.0463000 1043.00 269.000
LOM/01 21.2545890 -101.9453930 6223.00 19.000
LOM/19 21.2615600 -101.9428060 6194.00 199.000
LOWG/16C 47.0020516 15.4369449 1112.66 164.000
LOWG/34C 46.9777985 15.4433002 1088.00 344.000
LOWG/16L 46.9906006 15.4426003 1093.00 169.000
LOWG/34R 46.9850006 15.4441004 1106.00 349.000
LOWG/16R 46.9940756 15.4354769 1110.03 169.000
LOWG/34L 46.9900247 15.4365229 1103.97 349.000
LOWI/08 47.2589459 11.3322525 1906.33 81.000
LOWI/26 47.2616005 11.3570004 1894.00 261.000
LOWK/10L 46.6454051 14.3232175 1468.16 106.000
LOWK/28R 46.6390991 14.3548002 1445.00 286.000
LOWK/10R 46.6439521 14.3209522 1469.43 106.000
LOWK/28L 46.6424477 14.3283474 1463.57 286.000
LOWL/08 48.2326159 14.1707743 976.75 87.000
LOWL/26 48.2338274 14.2056737 963.75 267.000
LOWS/15 47.8031645 12.9977470 1411.00 157.000
LOWS/33 47.7840445 13.0098349 1411.00 337.000
LOWW/11 48.1227989 16.5333996 575.00 116.000
LOWW/29 48.1090012 16.5755997 600.00 296.100
LOWW/16 48.1198006 16.5781994 597.00 164.000
LOWW/34 48.0886002 16.5912991 586.00 344.000
LOWZ/07 47.2910674 12.7873843 2470.69 70.000
LOWZ/25 47.2920486 12.7944067 2469.31 250.000
LOWZ/07R 47.2899680 12.7912120 2470.00 70.000
LOWZ/25L 47.2906350 12.7950430 2408.00 250.000
LOXZ/08R 47.2009098 14.7284601 2220.00 81.000
LOXZ/26L 47.2045887 14.7600394 2220.00 261.000
LPAR/04 38.8736846 -9.0376579 9.17 33.000
LPAR/22 38.8926915 -9.0221700 10.84 213.000
LPAV/17 40.6603012 -8.7456398 26.00 165.000
LPAV/35 40.6481018 -8.7414598 10.00 345.000
LPAZ/18 36.9850006 -25.1732998 283.00 171.000
LPAZ/36 36.9578018 -25.1679001 283.00 351.000
LPBJ/01L 38.0634003 -7.9344301 628.00 6.400
LPBJ/19R 38.0943985 -7.9303699 624.00 186.400
LPBJ/01R 38.0653992 -7.9317002 633.00 5.900
LPBJ/19L 38.0918999 -7.9282298 617.00 185.900
LPBR/07 41.5856322 -8.4485775 237.12 62.000
LPBR/25 41.5890007 -8.4402103 243.00 242.000
LPCO/16 40.1609993 -8.4721098 587.00 157.100
LPCO/34 40.1534004 -8.4678898 542.00 337.100
LPCS/17 38.7294834 -9.3567956 320.71 164.000
LPCS/35 38.7190020 -9.3529830 287.00 344.000
LPEV/01 38.5282937 -7.8901561 807.00 4.000
LPEV/19 38.5390310 -7.8891040 807.00 184.000
LPFL/18 39.4608014 -31.1328755 98.51 166.000
LPFL/36 39.4497236 -31.1298689 106.61 346.000
LPFR/10 37.0172292 -7.9855898 23.89 100.000
LPFR/28 37.0134715 -7.9590603 18.11 280.000
LPHR/10 38.5199013 -28.7245007 81.00 90.000
LPHR/28 38.5199013 -28.7070999 117.00 270.000
LPLA/15 38.7760010 -27.1056004 158.00 140.700
LPLA/33 38.7528992 -27.0813999 180.00 320.700
LPMA/05 32.6899344 -16.7836999 149.37 44.700
LPMA/23 32.7058438 -16.7651227 189.58 224.700
LPMR/36 39.8202262 -8.8876796 172.91 2.000
LPMR/18 39.8423358 -8.8868375 172.09 182.000
LPMT/01 38.6999016 -9.0383396 10.00 6.500
LPMT/19 38.7196007 -9.0354700 35.00 186.500
LPMT/07 38.7050020 -9.0371700 18.00 72.000
LPMT/25 38.7116010 -9.0104100 46.00 252.000
LPOV/18 40.9267998 -8.6469002 44.00 176.000
LPOV/36 40.9049988 -8.6449499 56.00 356.000
LPPD/12 37.7462006 -25.7108994 259.00 111.600
LPPD/30 37.7386939 -25.6871372 193.92 291.600
LPPI/09 38.5518819 -28.4518438 109.74 83.000
LPPI/27 38.5538359 -28.4335848 104.21 263.000
LPPM/11 37.1505013 -8.5885601 5.00 107.000
LPPM/29 37.1484374 -8.5803102 5.00 287.000
LPPR/17 41.2606258 -8.6847901 157.46 172.800
LPPR/35 41.2338362 -8.6774251 222.77 352.800
LPPS/18 33.0870018 -16.3505001 240.00 178.000
LPPS/36 33.0598984 -16.3493996 338.00 358.000
LPPT/02 38.7664150 -9.1439201 331.37 22.000
LPPT/20 38.7923316 -9.1299582 344.49 202.000
LPSJ/13 38.6677207 -28.1814418 333.29 117.000
LPSJ/31 38.6632806 -28.1702580 319.71 297.000
LPST/14 38.8367996 -9.3468800 420.00 135.000
LPST/32 38.8252983 -9.3324299 440.00 315.000
LPTN/08 39.4723016 -8.3845749 249.35 77.000
LPTN/26 39.4766006 -8.3596802 257.00 257.000
LPTN/12 39.4786911 -8.3727624 265.17 117.000
LPTN/30 39.4742012 -8.3613701 256.00 297.000
LPVL/16 41.2749462 -8.5146363 753.21 155.000
LPVL/34 41.2718010 -8.5125704 738.00 335.000
LPVR/02 41.2703018 -7.7221699 1798.00 17.700
LPVR/20 41.2784004 -7.7187500 1831.00 197.700
LPVZ/36 40.7205437 -7.8885125 2058.92 359.000
LPVZ/18 40.7304563 -7.8895375 2039.08 179.000
LQBI/12 44.7995910 15.8986700 744.00 121.000
LQBI/30 44.7946650 15.9101850 741.00 301.000
LQBK/16 44.9524000 17.2946000 376.00 170.000
LQBK/34 44.9304010 17.3004000 401.00 350.000
LQMO/15 43.2929000 17.8403000 155.00 158.000
LQMO/33 43.2729990 17.8514000 138.00 338.000
LQSA/11 43.8295874 18.3182279 1644.81 117.000
LQSA/29 43.8212717 18.3402600 1680.96 297.000
LQTZ/09 44.4598007 18.7092991 763.00 96.000
LQTZ/27 44.4575005 18.7402992 776.00 276.000
LR79/02 45.1495005 27.4236435 131.10 2.000
LR79/20 45.1685980 27.4381010 132.00 200.000
LRAR/09 46.1773987 21.2492008 345.00 95.000
LRAR/27 46.1757011 21.2747993 352.00 275.000
LRBC/16 46.5326996 26.9058990 607.00 165.000
LRBC/34 46.5111008 26.9144001 591.00 345.000
LRBM/09 47.6599998 23.4496994 555.00 99.000
LRBM/27 47.6568985 23.4780998 606.00 279.000
LRBS/07 44.4997935 26.0857073 296.63 74.000
LRBS/25 44.5052267 26.1118608 293.24 254.000
LRCK/18 44.3777008 28.4906006 353.00 186.000
LRCK/36 44.3465004 28.4862995 315.00 6.000
LRCL/07 46.7851486 23.6740589 1036.00 79.000
LRCL/25 46.7901955 23.6964607 1025.00 259.000
LRCS/11 45.4235992 22.2418995 809.00 109.000
LRCS/29 45.4178009 22.2660999 864.00 289.000
LRCV/08 44.3179020 23.8729000 626.00 89.000
LRCV/26 44.3184010 23.9041000 614.00 269.000
LRIA/14 47.1894720 27.6126980 397.00 154.000
LRIA/32 47.1710130 27.6291080 340.00 334.000
LROD/01 47.0186609 21.9004995 478.21 11.000
LROD/19 47.0319441 21.9043115 451.79 191.000
LROP/08L 44.5764999 26.0839005 313.00 84.000
LROP/26R 44.5797997 26.1278000 303.00 264.000
LROP/08R 44.5644989 26.0765991 314.00 84.000
LROP/26L 44.5677986 26.1203995 303.00 264.000
LRPV/09 44.9265760 25.9545800 573.00 93.000
LRPV/27 44.9261670 25.9665100 573.00 273.000
LRSB/09 45.7861633 24.0686722 1496.00 91.000
LRSB/27 45.7856102 24.1024914 1444.00 271.000
LRSM/01 47.6924019 22.8819008 414.00 13.000
LRSM/19 47.7140999 22.8894997 408.00 193.000
LRSV/16 47.6952019 26.3505993 1375.00 163.000
LRSV/34 47.6797981 26.3575001 1330.00 343.000
LRTC/16 45.0712013 28.7115002 200.00 167.000
LRTC/34 45.0537987 28.7171001 138.00 347.000
LRTM/07 46.4653015 24.3999996 963.00 74.000
LRTM/25 46.4702988 24.4249992 963.00 254.000
LRTR/11 45.8151016 21.3167992 340.00 110.000
LRTR/29 45.8045006 21.3589993 343.00 290.000
LS88/14 30.4519444 -92.3305588 42.00 143.000
LS88/32 30.4475002 -92.3241653 42.00 323.000
LSGC/05 47.0813716 6.7877690 3366.45 54.000
LSGC/23 47.0863705 6.7980217 3345.21 234.000
LSGE/09 46.7555960 7.0705330 2281.00 95.000
LSGE/27 46.7549670 7.0809640 2294.00 275.000
LSGG/04 46.2278602 6.0940040 1407.11 46.000
LSGG/22 46.2504010 6.1269900 1365.00 226.000
LSGK/08 46.4857812 7.2433837 3282.15 81.000
LSGK/26 46.4872728 7.2532992 3292.21 261.000
LSGR/03 46.6120045 7.6758115 2470.18 38.000
LSGR/21 46.6158765 7.6804071 2453.10 218.000
LSGS/07 46.2168294 7.3151963 1575.17 73.000
LSGS/25 46.2218496 7.3387646 1581.83 253.000
LSKV/21 48.0475100 17.3518700 410.00 212.000
LSMA/01 46.9362360 8.2818290 1460.00 11.000
LSMA/19 46.9494410 8.2858540 1425.00 191.000
LSMD/11 47.4015999 8.6337204 1427.00 107.800
LSMD/29 47.3953018 8.6627197 1470.00 287.800
LSMD/11R 47.3995920 8.6350420 1428.00 108.000
LSMD/29L 47.3971440 8.6462440 1437.00 288.000
LSME/04 47.0842883 8.2959613 1399.34 37.600
LSME/22 47.1000049 8.3137060 1386.09 217.600
LSMM/10 46.7433433 8.0963762 1885.18 95.000
LSMM/28 46.7413417 8.1214538 1894.82 275.000
LSMP/05 46.8371856 6.9051503 1461.98 48.400
LSMP/23 46.8492301 6.9250029 1457.01 228.400
LSPV/08 47.2044861 8.8645350 1335.00 74.000
LSPV/26 47.2051632 8.8699630 1335.00 254.000
LSTA/10 46.3045693 7.8160804 2083.65 91.000
LSTA/28 46.3045861 7.8233373 2085.64 280.000
LSTZ/17 46.5539456 7.3806392 3057.47 172.000
LSTZ/35 46.5548322 7.3804568 3064.11 352.000
LSZA/01 45.9994366 8.9082238 897.48 19.000
LSZA/19 46.0082563 8.9125266 912.25 199.000
LSZB/14 46.9179325 7.4925172 1668.69 140.000
LSZB/32 46.9073890 7.5053650 1674.00 320.000
LSZC/06 46.9709774 8.3865114 1473.78 62.000
LSZC/24 46.9777576 8.4073455 1436.22 242.000
LSZG/06 47.1802906 7.4127682 1406.77 64.000
LSZG/24 47.1834850 7.4232030 1405.00 244.000
LSZH/10 47.4589005 8.5374699 1391.00 96.000
LSZH/28 47.4566002 8.5704498 1416.00 276.000
LSZH/14 47.4821147 8.5360910 1402.00 137.000
LSZH/32 47.4613000 8.5644600 1402.00 317.000
LSZH/16 47.4756010 8.5359500 1390.00 155.000
LSZH/34 47.4492308 8.5540884 1388.25 335.000
LSZL/08C 46.1599560 8.8745610 650.00 78.000
LSZL/26C 46.1611440 8.8834580 650.00 258.000
LSZL/08L 46.1648611 8.8744007 650.00 78.000
LSZL/26R 46.1658851 8.8822979 650.00 258.000
LSZL/08R 46.1587390 8.8748960 650.00 78.000
LSZL/26L 46.1597441 8.8825253 650.00 258.000
LSZM/01 47.0709000 9.0621700 1485.00 13.000
LSZM/19 47.0844994 9.0667801 1445.00 193.000
LSZR/10 47.4860000 9.5516060 1306.00 99.000
LSZR/28 47.4842000 9.5689620 1306.00 279.000
LSZS/03 46.5270250 9.8781020 5600.00 29.000
LSZS/21 46.5406259 9.8891465 5575.59 209.000
LTAB/06 39.9305992 32.7294006 2682.00 60.000
LTAB/24 39.9385986 32.7505989 2691.00 240.000
LTAC/03L 40.1203378 32.9861360 3102.15 36.300
LTAC/21R 40.1423988 33.0071983 3123.00 216.300
LTAC/03R 40.1141014 32.9832001 3097.00 35.400
LTAC/21L 40.1413002 33.0091019 3125.00 215.400
LTAD/11L 39.9563746 32.6728193 2642.60 113.000
LTAD/29R 39.9474983 32.6991997 2653.00 293.000
LTAE/03 40.0662003 32.5550003 2729.00 32.800
LTAE/21 40.0915985 32.5763016 2767.00 212.800
LTAF/05 36.9748001 35.2680016 54.00 54.000
LTAF/23 36.9894981 35.2928009 65.00 234.000
LTAG/05 36.9936981 35.4122009 175.00 52.900
LTAG/23 37.0102997 35.4394989 238.00 232.900
LTAH/13L 38.7373009 30.5877991 3310.00 133.000
LTAH/31R 38.7145004 30.6184006 3265.00 313.000
LTAH/13R 38.7363014 30.5865993 3310.00 134.000
LTAH/31L 38.7176018 30.6116009 3268.00 314.000
LTAI/18C 36.9155010 30.7947010 176.00 186.000
LTAI/36C 36.8851010 30.7906000 176.00 6.000
LTAI/18L 36.9113998 30.8113995 176.00 186.000
LTAI/36R 36.8809013 30.8071995 158.00 6.000
LTAI/18R 36.9156990 30.7924000 172.00 186.000
LTAI/36L 36.8890000 30.7887000 176.00 6.000
LTAJ/10L 36.9507961 37.4657127 2309.58 105.000
LTAJ/28R 36.9445990 37.4945980 2190.00 285.000
LTAL/18 41.3237991 33.7972984 3520.00 182.000
LTAL/36 41.3041992 33.7944984 3520.00 2.000
LTAN/01L 37.9651150 32.5541420 3367.00 17.000
LTAN/19R 37.9940150 32.5651090 3392.00 197.000
LTAN/01R 37.9646000 32.5563010 3352.00 17.000
LTAN/19L 37.9934010 32.5674020 3382.00 197.000
LTAO/04L 38.3466400 38.2440200 3002.00 47.000
LTAO/22R 38.3607900 38.2635100 3005.00 227.000
LTAP/05 40.8217010 35.5079002 1758.00 54.600
LTAP/23 40.8370018 35.5360985 1741.00 234.600
LTAR/01 39.7975010 36.8967020 5236.00 18.000
LTAR/19 39.8302000 36.9103010 5181.00 198.000
LTAT/03 38.4225006 38.0810013 2828.00 31.000
LTAT/21 38.4482002 38.1010017 2757.00 211.000
LTAU/07 38.7672005 35.4786987 3449.00 76.000
LTAU/25 38.7736015 35.5121994 3463.00 256.000
LTAV/11 39.4575005 31.3469009 3167.00 113.000
LTAV/29 39.4454002 31.3831997 3185.00 293.000
LTAW/04 40.3013840 36.3582120 1828.00 49.000
LTAW/22 40.3127100 36.3753320 1828.00 229.000
LTAY/05 37.7785988 29.6867008 2797.00 59.000
LTAY/23 37.7924995 29.7159004 2774.00 239.000
LTAZ/11 38.7779999 34.5192986 3080.00 117.000
LTAZ/29 38.7657013 34.5498009 3100.00 297.000
LTBA/05 40.9669956 28.8129304 92.83 59.000
LTBA/23 40.9777985 28.8362007 90.00 239.000
LTBD/09 37.8153343 27.8794994 27.00 86.000
LTBD/27 37.8136673 27.8953323 27.00 266.000
LTBF/18 39.6327019 27.9265995 340.00 182.200
LTBF/36 39.6058006 27.9253006 332.00 2.200
LTBG/18 40.3316990 27.9781000 170.00 181.000
LTBG/36 40.3046990 27.9774000 138.00 1.000
LTBH/04 40.1273994 26.4153004 12.00 41.000
LTBH/22 40.1432991 26.4335003 21.00 221.000
LTBI/08 39.7840996 30.5641003 2581.00 90.000
LTBI/26 39.7843018 30.5997009 2570.00 270.000
LTBJ/16L 38.3065987 27.1527004 412.00 167.000
LTBJ/34R 38.2781982 27.1611996 364.00 347.000
LTBJ/16R 38.3061981 27.1506004 409.00 167.000
LTBJ/34L 38.2778015 27.1592007 366.00 347.000
LTBK/17 38.3250999 27.1576996 432.00 168.000
LTBK/35 38.3130989 27.1609993 425.00 348.000
LTBL/17 38.5265007 27.0086994 13.00 176.000
LTBL/35 38.4995995 27.0114002 11.00 356.000
LTBN/16 39.4329987 30.0137005 3022.00 159.000
LTBN/34 39.4203987 30.0200996 3026.00 339.000
LTBO/09 38.6817020 29.4570010 2895.00 91.000
LTBO/27 38.6813010 29.4864010 2865.00 271.000
LTBP/08 40.6841011 29.3719997 30.00 85.000
LTBP/26 40.6851006 29.3885002 42.00 265.000
LTBP/18 40.6944008 29.3764000 11.00 183.000
LTBP/36 40.6822014 29.3756008 37.00 3.000
LTBQ/09 40.7364998 30.0657005 182.00 96.000
LTBQ/27 40.7336006 30.1007996 173.00 276.000
LTBR/07L 40.2522011 29.5454006 763.00 74.500
LTBR/25R 40.2593994 29.5792999 749.00 254.500
LTBR/07R 40.2509995 29.5457993 764.00 75.000
LTBR/25L 40.2582016 29.5797005 755.00 255.000
LTBS/01 36.7000999 28.7880993 10.00 15.300
LTBS/19 36.7262001 28.7968998 20.00 195.300
LTBT/14L 38.8195000 27.8230991 244.00 139.000
LTBT/32R 38.7991982 27.8458004 263.00 319.000
LTBT/14R 38.8186989 27.8218002 249.00 139.000
LTBT/32L 38.7984009 27.8444996 265.00 319.000
LTBU/04 41.1293983 27.9053001 500.00 49.000
LTBU/22 41.1470985 27.9326000 574.00 229.000
LTBV/06 37.1371994 27.6616001 125.00 65.600
LTBV/24 37.1424082 27.6759599 194.17 245.600
LTBY/09 39.8105011 30.5046997 2593.00 93.000
LTBY/27 39.8093987 30.5340996 2580.00 273.000
LTCA/07 38.5943985 39.2647552 2927.00 71.000
LTCA/25 38.6008911 39.2981796 2890.00 251.000
LTCC/16L 37.9091990 40.1950000 2251.00 163.000
LTCC/34R 37.8786010 40.2071000 2176.00 343.000
LTCC/16R 37.9085810 40.1926730 2260.00 163.000
LTCC/34L 37.8780780 40.2047580 2175.00 343.000
LTCD/10 39.7158010 39.5106010 3783.00 111.000
LTCD/28 39.7062000 39.5434000 3760.00 291.000
LTCE/08L 39.9567986 41.1478996 5764.00 88.100
LTCE/26R 39.9580002 41.1925011 5761.00 268.100
LTCE/08R 39.9551010 41.1479988 5762.00 88.000
LTCE/26L 39.9561996 41.1925011 5757.00 268.000
LTCF/06 40.5553017 43.0964012 5873.00 64.400
LTCF/24 40.5689011 43.1335983 5869.00 244.400
LTCG/11 40.9995003 39.7751999 104.00 112.200
LTCG/29 40.9906006 39.8041992 95.00 292.200
LTCI/03 38.4584007 43.3227005 5412.00 38.000
LTCI/21 38.4780006 43.3418999 5474.00 218.000
LTCJ/02 37.9165993 41.1091003 1796.00 26.000
LTCJ/20 37.9413986 41.1240997 1822.00 206.000
LTCK/11 38.7547989 41.6428986 4158.00 116.000
LTCK/29 38.7406998 41.6795006 4160.00 296.000
LTCL/06 37.9758987 41.8308983 1946.00 68.300
LTCL/24 37.9818993 41.8499985 2000.00 248.300
LTCN/08 37.5363998 36.9407997 1616.00 76.000
LTCN/26 37.5409467 36.9626989 1709.05 256.000
LTCO/16 39.6715317 43.0201874 5419.00 165.000
LTCO/34 39.6454849 43.0294685 5462.00 345.000
LTCP/04 37.7239990 38.4581990 2199.00 49.000
LTCP/22 37.7387010 38.4796980 2207.00 229.000
LTCR/03 37.2144010 40.6231000 1650.00 37.000
LTCR/21 37.2323000 40.6402020 1728.00 217.000
LTDA/04 36.3525010 36.2761990 265.00 42.000
LTDA/22 36.3722990 36.2988010 267.00 222.000
LTFA/17 38.5302010 26.9738010 13.00 173.000
LTFA/35 38.5031010 26.9783000 13.00 353.000
LTFB/09 37.9506190 27.3200040 9.00 89.000
LTFB/27 37.9508900 27.3378620 9.00 269.000
LTFC/05 37.8465996 30.3554001 2827.00 49.600
LTFC/23 37.8642006 30.3813992 2835.00 229.600
LTFD/05 39.5489006 27.0042000 51.00 53.700
LTFD/23 39.5600014 27.0237007 51.00 233.700
LTFE/10L 37.2550011 27.6492004 9.00 104.000
LTFE/28R 37.2472992 27.6814995 21.00 284.000
LTFH/13 41.2636986 36.5541992 10.00 133.500
LTFH/31 41.2452011 36.5800018 17.00 313.500
LTFJ/06L 40.8927000 29.2934000 293.00 64.000
LTFJ/24R 40.9044000 29.3250010 304.00 244.000
LTFM/09 41.2536930 28.7662720 274.00 89.000
LTFM/27 41.2540630 28.8000180 274.00 269.000
LTFM/16L 41.2985992 28.7091999 218.00 174.000
LTFM/34R 41.2649002 28.7098999 325.00 354.000
LTFM/16R 41.2985992 28.7067509 218.00 174.000
LTFM/34L 41.2648392 28.7074108 325.00 354.000
LTFM/17L 41.2988281 28.7270393 202.00 174.000
LTFM/35R 41.2619209 28.7277603 310.00 354.000
LTFM/17R 41.2988014 28.7245007 202.00 174.000
LTFM/35L 41.2619019 28.7252998 310.00 354.000
LTFM/18 41.2897987 28.7562008 221.00 179.000
LTFM/36 41.2621994 28.7567005 309.00 354.000
LUBL/15 47.8470000 27.7749000 758.00 153.000
LUBL/33 47.8292010 27.7880990 706.00 333.000
LUKK/08 46.9272995 28.9074001 399.00 88.000
LUKK/26 46.9282990 28.9545002 279.00 268.000
LWOH/01 41.1689990 20.7377000 2284.00 18.000
LWOH/19 41.1908000 20.7469010 2313.00 198.000
LWSK/16 41.9723015 21.6177006 781.00 165.000
LWSK/34 41.9510002 21.6250992 768.00 345.000
LXGB/09 36.1508579 -5.3585974 10.05 88.000
LXGB/27 36.1514778 -5.3413035 10.94 268.000
LY-0019/09 32.6631010 13.1288000 262.00 90.000
LY-0019/27 32.6636994 13.1545013 262.67 270.000
LY-0019/18 32.6797981 13.1581001 240.00 177.300
LY-0019/36 32.6571280 13.1593425 262.00 357.300
LY89/15 44.0225983 22.1343994 1266.00 156.500
LY89/33 44.0139008 22.1399002 1227.00 336.500
LYBE/12L 44.8265190 20.2909700 318.00 122.000
LYBE/30R 44.8122387 20.3231549 333.00 302.000
LYKV/13 43.8254510 20.5769310 687.00 133.000
LYKV/31 43.8103180 20.5957870 687.00 313.000
LYLE/18 43.0255013 21.9333000 732.00 182.000
LYLE/36 43.0154991 21.9326992 738.00 2.000
LYNI/11 43.3404317 21.8437935 644.18 113.000
LYNI/29 43.3333532 21.8660823 645.76 293.000
LYPG/18 42.3706017 19.2530003 118.00 184.300
LYPG/36 42.3482018 19.2507000 82.00 4.300
LYSM/09 45.0376150 19.6536490 315.00 92.000
LYSM/27 45.0372930 19.6676570 315.00 272.000
LYTV/14 42.4131012 18.7133007 7.00 139.000
LYTV/32 42.3961983 18.7332993 16.00 319.000
LYUZ/11 43.9019820 19.6839207 3002.22 107.000
LYUZ/29 43.8947983 19.7159996 2941.00 287.000
LYVR/01R 45.1425018 21.3085995 276.00 12.000
LYVR/19L 45.1512985 21.3111992 276.00 192.100
LZIB/04 48.1608009 17.1993999 436.00 44.000
LZIB/22 48.1795998 17.2264996 430.00 224.000
LZIB/13 48.1757011 17.2040005 433.00 134.000
LZIB/31 48.1572794 17.2325037 433.93 314.000
LZKZ/01 48.6493988 21.2364006 739.00 13.000
LZKZ/19 48.6766014 21.2458992 753.00 193.000
LZMC/19 48.4127390 17.1234110 672.00 198.000
LZOC/08R 48.5945530 19.2607570 1181.00 80.000
LZOC/26L 48.5958140 19.2711640 1214.00 260.000
LZPP/01 48.6165009 17.8251991 535.00 14.000
LZPP/19 48.6339989 17.8316994 541.00 194.000
LZSL/18 48.6488700 19.1347310 1044.00 182.000
LZSL/36 48.6272860 19.1336220 1014.00 2.000
LZTN/03 48.8667984 18.0041008 666.00 32.800
LZTN/21 48.8741989 18.0114002 663.00 212.800
LZTN/04 48.8583984 17.9829998 659.00 42.800
LZTN/22 48.8716011 18.0014992 673.00 222.800
LZTT/09 49.0744019 20.2234993 2355.00 94.000
LZTT/27 49.0727997 20.2588005 2279.00 274.000
LZZI/06 49.2293015 18.6063995 1017.00 65.000
LZZI/24 49.2336998 18.6205006 1020.00 245.000
MBGT/11 21.4461706 -71.1491202 10.75 104.000
MBGT/29 21.4424000 -71.1333008 9.00 284.000
MBNC/08 21.9155006 -71.9453964 10.00 69.600
MBNC/26 21.9195004 -71.9337006 10.00 249.600
MBPV/10 21.7743413 -72.2804351 12.35 93.000
MBPV/28 21.7730999 -72.2551422 3.00 273.000
MBSC/11 21.5170420 -71.5383070 5.00 98.000
MBSC/29 21.5146310 -71.5198440 7.00 278.000
MDAB/11 19.1994991 -69.4352036 57.00 99.500
MDAB/29 19.1977005 -69.4243011 57.00 279.500
MDBH/12 18.2577000 -71.1330032 10.00 118.000
MDBH/30 18.2451992 -71.1078033 10.00 298.000
MDCR/11 17.9312000 -71.6514969 262.00 109.000
MDCR/29 17.9267006 -71.6380997 262.00 289.000
MDJB/01 18.5650997 -69.9865036 38.00 6.400
MDJB/19 18.5799007 -69.9847031 79.00 186.400
MDLR/11 18.4541170 -68.9251940 240.00 109.000
MDLR/29 18.4541170 -68.9251940 217.00 289.000
MDPC/08 18.5702991 -68.3831024 43.00 74.000
MDPC/26 18.5781002 -68.3547974 37.00 254.000
MDPC/09 18.5660992 -68.3780975 47.00 83.000
MDPC/27 18.5685997 -68.3488007 36.00 263.000
MDPP/08 19.7537994 -70.5840988 17.00 73.000
MDPP/26 19.7619991 -70.5559998 15.00 253.000
MDSD/17 18.4440002 -69.6742020 39.00 161.000
MDSD/35 18.4153996 -69.6636963 58.00 341.000
MDSD/18 18.4413970 -69.6752090 39.00 173.000
MDSD/36 18.4158900 -69.6658400 55.00 353.000
MDST/11 19.4088001 -70.6168976 565.00 103.000
MDST/29 19.4034004 -70.5924988 551.00 283.000
MGGT/02 14.5704002 -90.5316010 4884.00 17.400
MGGT/20 14.5942113 -90.5239117 4946.99 197.400
MGSJ/15 13.9446001 -90.8395004 30.00 156.700
MGSJ/33 13.9278002 -90.8321991 30.00 336.700
MGTK/11 16.9186990 -89.8795010 407.00 111.000
MGTK/29 16.9090000 -89.8532030 385.00 291.000
MHLC/07 15.7380705 -86.8638660 46.58 67.000
MHLC/25 15.7475857 -86.8406275 52.86 247.000
MHLM/04 15.4436773 -87.9314028 90.43 40.000
MHLM/22 15.4616003 -87.9157028 83.00 220.000
MHRO/07 16.3128222 -86.5319794 9.22 66.000
MHRO/25 16.3211002 -86.5133972 17.00 246.000
MHSC/17 14.3932300 -87.6231990 2061.00 170.000
MHSC/35 14.3715220 -87.6191250 2036.00 350.000
MHTE/06 15.7726002 -87.4811020 7.00 57.600
MHTE/24 15.7791004 -87.4704971 4.00 237.600
MHTG/02 14.0546368 -87.2193848 3329.44 19.000
MHTG/20 14.0688000 -87.2144012 3268.00 199.000
MHTJ/06 15.9245005 -85.9425964 7.00 61.200
MHTJ/24 15.9292002 -85.9338989 10.00 241.200
MI56/25 43.0762409 -85.2668157 819.45 248.000
MKBS/09 18.4039000 -76.9732970 90.00 86.000
MKBS/27 18.4046000 -76.9646990 90.00 266.000
MKJP/12 17.9403000 -76.7994995 8.00 112.000
MKJP/30 17.9311008 -76.7757034 17.00 292.000
MKJS/07 18.4989499 -77.9242029 7.00 66.000
MKJS/25 18.5080802 -77.9033666 7.00 246.000
MKTP/14 17.9909576 -76.8266622 13.56 131.100
MKTP/32 17.9859606 -76.8206196 15.51 311.100
ML-0001/09 13.2552996 -10.5113001 525.00 88.000
ML-0001/27 13.2559004 -10.4974003 538.00 268.000
MM35/15 18.3323540 -100.6355210 841.00 149.000
MM35/33 18.3201739 -100.6278604 847.73 329.000
MMAA/06 16.7535992 -99.7623978 11.00 67.000
MMAA/24 16.7595997 -99.7477036 11.00 247.000
MMAA/10 16.7600002 -99.7631989 13.00 108.000
MMAA/28 16.7507000 -99.7338028 13.00 288.000
MMAL/02 26.3227997 -99.5495987 676.00 29.900
MMAL/20 26.3451004 -99.5353012 676.00 209.900
MMAN/02 25.8565495 -100.2436224 1473.00 32.000
MMAN/20 25.8714008 -100.2330017 1473.00 212.000
MMAN/11 25.8712186 -100.2473242 1473.00 122.000
MMAN/29 25.8646858 -100.2358635 1473.00 302.000
MMAS/18 21.7145996 -102.3170013 6112.00 183.000
MMAS/36 21.6875000 -102.3190002 6112.00 3.000
MMBT/07 15.7729998 -96.2750015 464.00 79.100
MMBT/25 15.7776003 -96.2501984 464.00 259.100
MMCB/03 18.8237000 -99.2684021 4277.00 31.000
MMCB/21 18.8452887 -99.2545917 4277.00 211.000
MMCE/13 18.6595001 -91.8061981 10.00 140.000
MMCE/31 18.6443005 -91.7927017 10.00 320.000
MMCG/13 30.4046993 -107.8799973 4850.00 150.000
MMCG/31 30.3901997 -107.8700027 4850.00 330.000
MMCL/03 24.7563670 -107.4813610 102.00 33.000
MMCL/21 24.7712902 -107.4707028 108.16 213.000
MMCM/10 18.5077000 -88.3367004 39.00 108.100
MMCM/28 18.5023403 -88.3192897 27.56 288.100
MMCN/13 27.4001999 -109.8410034 205.00 137.000
MMCN/31 27.3850002 -109.8249969 205.00 317.000
MMCP/16 19.8278008 -90.5031967 34.00 166.100
MMCP/34 19.8057995 -90.4973984 34.00 346.100
MMCS/03 31.6282997 -106.4359970 3887.00 38.500
MMCS/21 31.6473999 -106.4179993 3887.00 218.500
MMCS/14 31.6431999 -106.4319992 3899.00 156.000
MMCS/32 31.6287003 -106.4250031 3902.00 336.000
MMCT/10 20.6434994 -88.4593964 102.00 100.300
MMCT/28 20.6389999 -88.4329987 102.00 280.300
MMCU/05 28.6966990 -105.9720000 4447.00 56.000
MMCU/23 28.7022990 -105.9629970 4447.00 236.000
MMCU/18L 28.7145996 -105.9609985 4436.00 190.800
MMCU/36R 28.6916008 -105.9660034 4398.00 10.800
MMCU/18R 28.7133007 -105.9629974 4459.00 190.800
MMCU/36L 28.6919994 -105.9680023 4459.00 10.800
MMCV/15 23.7124996 -98.9608002 761.00 156.500
MMCV/33 23.6942005 -98.9522018 761.00 336.500
MMCZ/12 20.5193114 -86.9382768 10.37 116.000
MMCZ/30 20.5095005 -86.9166031 15.00 296.000
MMDO/03 24.1138992 -104.5370026 6104.00 38.000
MMDO/21 24.1345005 -104.5189972 6104.00 218.000
MMEP/02 21.4102000 -104.8470000 3020.00 26.000
MMEP/20 21.4286990 -104.8379970 3020.00 206.000
MMES/11 31.7989998 -116.6090012 66.00 123.400
MMES/29 31.7915993 -116.5960007 66.00 303.400
MMGL/11R 20.5287860 -103.3276980 5012.00 113.000
MMGL/29L 20.5140720 -103.2926640 5011.00 293.000
MMGM/02 27.9598007 -110.9309998 59.00 29.000
MMGM/20 27.9782009 -110.9189987 59.00 209.000
MMHO/05 29.0879993 -111.0630035 626.00 59.000
MMHO/23 29.0988007 -111.0419998 626.00 239.000
MMIA/07 19.2740993 -103.5879974 2467.00 73.900
MMIA/25 19.2798996 -103.5670013 2467.00 253.900
MMIO/17 25.5515003 -100.9280014 4646.00 180.300
MMIO/35 25.5252991 -100.9290009 4778.00 0.300
MMJA/08 19.4745998 -96.8056030 3136.00 86.400
MMJA/26 19.4754340 -96.7921839 3136.00 266.400
MMLM/09 25.6867008 -109.0899963 16.00 100.000
MMLM/27 25.6835995 -109.0709991 16.00 280.000
MMLO/13 21.0044003 -101.4929962 5956.00 134.000
MMLO/31 20.9825001 -101.4690018 5956.00 314.000
MMLP/18 24.0839005 -110.3610001 31.00 187.700
MMLP/36 24.0615005 -110.3639984 68.00 7.700
MMLT/16 25.9990997 -111.3499985 34.00 173.000
MMLT/34 25.9792995 -111.3470001 34.00 353.000
MMMA/15 25.7793999 -97.5298996 26.00 156.200
MMMA/33 25.7604008 -97.5206985 26.00 336.200
MMMD/10 20.9369011 -89.6575117 38.00 105.000
MMMD/28 20.9300003 -89.6306000 38.00 285.000
MMMD/18 20.9407005 -89.6576004 38.00 181.000
MMMD/36 20.9197998 -89.6579971 38.00 1.000
MMML/10 32.6362000 -115.2549973 72.00 118.400
MMML/28 32.6250992 -115.2300034 72.00 298.400
MMMM/05 19.8411007 -101.0390015 6033.00 54.700
MMMM/23 19.8588009 -101.0120010 6033.00 234.700
MMMT/01 18.0944004 -94.5837021 33.00 17.800
MMMT/19 18.1124992 -94.5775986 32.00 197.800
MMMV/06L 26.9554996 -101.4759979 1864.00 72.700
MMMV/24R 26.9590171 -101.4633780 1864.00 252.700
MMMV/06R 26.9514328 -101.4801660 1864.00 72.700
MMMV/24L 26.9562625 -101.4629364 1864.00 252.700
MMMX/05L 19.4290436 -99.0879129 7309.16 59.400
MMMX/23R 19.4434099 -99.0623030 7310.75 239.400
MMMX/05R 19.4290833 -99.0820649 7313.55 59.400
MMMX/23L 19.4449005 -99.0539017 7295.00 239.400
MMMY/12 25.7841000 -100.1169970 1277.00 121.000
MMMY/30 25.7700000 -100.0910030 1234.00 301.000
MMMY/16 25.7880993 -100.1100006 1271.00 165.000
MMMY/34 25.7723999 -100.1050034 1254.00 345.000
MMMZ/09 23.1620010 -106.2780000 19.00 93.000
MMMZ/27 23.1607000 -106.2519990 37.00 273.000
MMNL/14 27.4517002 -99.5754013 484.00 151.000
MMNL/32 27.4358997 -99.5654984 484.00 331.000
MMOX/01 16.9881001 -96.7291031 4965.00 15.700
MMOX/19 17.0093994 -96.7228012 4989.00 195.700
MMPA/08 20.6025009 -97.4694977 497.00 89.100
MMPA/26 20.6028004 -97.4522018 497.00 269.100
MMPB/17 19.1744995 -98.3720016 7361.00 177.800
MMPB/35 19.1417999 -98.3709030 7361.00 357.800
MMPG/12 28.6324158 -100.5432610 901.00 126.800
MMPG/30 28.6219006 -100.5270004 901.00 306.800
MMPN/02 19.3873997 -102.0449982 5258.00 31.300
MMPN/20 19.4060001 -102.0329971 5258.00 211.300
MMPQ/10 17.5359917 -92.0269089 145.00 101.000
MMPQ/28 17.5301056 -92.0041733 145.00 281.000
MMPR/04 20.6704998 -105.2649994 23.00 47.000
MMPR/22 20.6896000 -105.2429962 23.00 227.000
MMPS/09 15.8774004 -97.0998993 294.00 92.700
MMPS/27 15.8764000 -97.0783005 294.00 272.700
MMQT/09 20.6201992 -100.2020035 6296.00 100.800
MMQT/27 20.6142998 -100.1689987 6296.00 280.800
MMRX/13 26.0156002 -98.2344971 139.00 140.900
MMRX/31 26.0023003 -98.2225037 139.00 320.900
MMSD/16 23.1653004 -109.7229996 374.00 173.700
MMSD/34 23.1383991 -109.7190018 348.00 353.700
MMSM/04C 19.7285610 -99.0231020 7358.00 45.000
MMSM/22C 19.7551270 -98.9906310 7358.00 225.000
MMSM/04L 19.7340810 -99.0396960 7356.00 45.000
MMSM/22R 19.7606510 -99.0072250 7356.00 225.000
MMSM/04R 19.7258220 -99.0206300 7355.00 45.000
MMSM/22L 19.7465000 -98.9953540 7355.00 225.000
MMSP/04 22.2523994 -100.9329987 6035.00 47.400
MMSP/22 22.2584991 -100.9260025 6035.00 227.400
MMSP/14 22.2735996 -100.9430008 6035.00 149.200
MMSP/32 22.2502995 -100.9280014 6035.00 329.200
MMTB/17 16.7491935 -93.1733926 1909.00 179.100
MMTB/35 16.7307480 -93.1731123 1909.00 359.100
MMTC/08 25.5682589 -103.4089519 3688.00 91.000
MMTC/26 25.5681229 -103.3973236 3688.00 271.000
MMTC/13 25.5720081 -103.4146729 3688.00 136.000
MMTC/31 25.5541935 -103.3955460 3688.00 316.000
MMTJ/09 32.5430984 -116.9860001 487.00 99.000
MMTJ/27 32.5390015 -116.9550018 487.00 279.000
MMTM/09 22.3024998 -97.8731995 80.00 99.600
MMTM/27 22.3006992 -97.8617020 80.00 279.600
MMTM/14 22.3020000 -97.8741000 80.00 145.000
MMTM/32 22.2831990 -97.8599010 80.00 325.000
MMTM/18 22.3006001 -97.8622971 80.00 190.300
MMTM/36 22.2896996 -97.8644028 80.00 10.300
MMTN/16 22.0447998 -98.8070984 164.00 176.000
MMTN/34 22.0317993 -98.8059006 164.00 356.000
MMTO/15 19.3537566 -99.5735607 8463.06 156.800
MMTO/33 19.3209219 -99.5586986 8465.89 336.800
MMTP/05 14.7891998 -92.3777008 97.00 55.400
MMTP/23 14.7995005 -92.3623962 97.00 235.400
MMUN/12L 21.0547028 -86.8813782 22.00 123.600
MMUN/30R 21.0406590 -86.8589630 18.00 303.600
MMUN/12R 21.0452995 -86.8909988 20.00 123.600
MMUN/30L 21.0277996 -86.8628998 18.00 303.600
MMVA/08 17.9964008 -92.8277969 46.00 87.000
MMVA/26 17.9976006 -92.8069000 46.00 267.000
MMVR/19 19.1494999 -96.1863022 89.00 191.000
MMVR/01 19.1280994 -96.1906967 111.00 11.000
MMZC/02 22.8850994 -102.6940002 7141.00 28.000
MMZC/20 22.9090996 -102.6800003 7141.00 208.000
MMZH/09 17.6019250 -101.4723510 13.00 92.000
MMZH/27 17.6013160 -101.4487530 26.00 272.000
MMZO/10 19.1474991 -104.5690002 35.00 106.000
MMZO/28 19.1420002 -104.5490036 35.00 286.000
MNBR/09 12.1906996 -86.3581009 213.00 99.000
MNBR/27 12.1893997 -86.3496017 218.00 279.000
MNCE/03 11.4218998 -86.0373993 60.00 34.000
MNCE/21 11.4331999 -86.0294037 76.00 214.000
MNMG/10 12.1427000 -86.1792980 194.00 97.000
MNMG/28 12.1402000 -86.1569980 192.00 277.000
MNMR/05 11.8008856 -86.5167267 94.00 51.000
MNMR/23 11.8090332 -86.5064518 94.00 231.000
MO61/19 36.5639880 -93.6383970 1119.00 272.000
MP26/07 8.2236404 -78.9097977 60.00 77.000
MP26/25 8.2260599 -78.8989029 66.00 257.000
MPBO/08 9.3404800 -82.2576980 7.00 87.000
MPBO/26 9.3412300 -82.2440030 7.00 267.000
MPCH/03 9.4545498 -82.5177994 18.00 31.600
MPCH/21 9.4630499 -82.5124969 19.00 211.600
MPDA/04 8.3799191 -82.4437027 35.00 38.000
MPDA/22 8.3984385 -82.4291687 89.00 218.000
MPEJ/18 9.3727779 -79.8669434 23.00 182.000
MPEJ/36 9.3483334 -79.8677750 25.00 2.000
MPHO/18 8.9265099 -79.5996017 51.00 180.000
MPHO/36 8.9030800 -79.5996017 17.00 0.000
MPMG/01 8.9664577 -79.5561688 18.05 6.000
MPMG/19 8.9799552 -79.5550581 29.72 186.000
MPTO/03L 9.0727901 -79.3872986 56.00 31.000
MPTO/21R 9.0936203 -79.3748016 135.00 211.000
MPTO/03R 9.0475702 -79.3927002 22.00 29.500
MPTO/21L 9.0715599 -79.3789978 36.00 209.500
MR-0013/05 18.0870991 -15.9568005 6.00 38.000
MR-0013/23 18.1084995 -15.9392996 6.00 218.000
MRGP/03 10.2131004 -83.8000031 882.00 36.200
MRGP/21 10.2213001 -83.7939987 791.00 216.200
MRLB/07 10.5890999 -85.5562973 249.00 70.000
MRLB/25 10.5974998 -85.5325012 269.00 250.000
MRLM/14 9.9646997 -83.0264969 7.00 146.000
MRLM/32 9.9512196 -83.0175018 7.00 326.000
MROC/07 9.9890003 -84.2219009 2936.00 69.100
MROC/25 9.9969244 -84.2010199 3023.28 249.100
MRPM/04 8.9457100 -83.4720000 49.00 4.000
MRPM/22 8.9563400 -83.4651030 49.00 213.000
MRPV/10 9.9576522 -84.1465475 3239.91 95.000
MRPV/28 9.9564100 -84.1324010 3287.00 275.000
MRQP/04 9.4393902 -84.1330032 69.00 41.000
MRQP/22 9.4469404 -84.1265030 105.00 221.000
MRUP/05 10.8889000 -85.0194020 184.00 44.000
MRUP/23 10.8955000 -85.0129010 158.00 224.000
MS10/03 33.1417007 -90.5177994 109.00 32.000
MS10/21 33.1487007 -90.5127029 109.00 212.000
MSLP/07 13.4359999 -89.0696030 77.00 70.000
MSLP/25 13.4459000 -89.0418015 99.00 250.000
MSSS/15 13.7084999 -89.1244965 1998.00 153.500
MSSS/33 13.6905003 -89.1153030 2021.00 333.500
MTCH/05 19.7179970 -72.2075500 10.00 39.000
MTCH/23 19.7365040 -72.1914830 6.00 219.000
MTPP/10 18.5792999 -72.3069000 79.00 87.000
MTPP/28 18.5807991 -72.2781982 122.00 267.000
MU73/27 36.9263992 -93.2873001 1322.00 270.000
MUBA/16 20.3726997 -74.5098038 20.00 155.000
MUBA/34 20.3579998 -74.5026016 23.00 335.000
MUBR/09 22.6208992 -79.1558990 10.00 87.600
MUBR/27 22.6215992 -79.1383972 13.00 267.600
MUBY/07 20.3932516 -76.6298710 172.59 68.000
MUBY/25 20.3998312 -76.6126426 202.24 248.000
MUCA/07 22.0200996 -78.8050003 335.00 64.000
MUCA/25 22.0340004 -78.7742996 253.00 244.000
MUCC/08 22.4564991 -78.3423996 10.00 71.000
MUCC/26 22.4652996 -78.3147964 13.00 251.000
MUCF/02 22.1394005 -80.4175034 98.00 16.000
MUCF/20 22.1602993 -80.4111023 102.00 196.000
MUCL/12 21.6224003 -81.5590973 7.00 116.000
MUCL/30 21.6105003 -81.5328979 10.00 296.000
MUCM/07 21.4153996 -77.8609009 400.00 68.000
MUCM/25 21.4253006 -77.8339005 400.00 248.000
MUCU/10 19.9695535 -75.8518259 200.68 91.000
MUCU/28 19.9699524 -75.8193555 242.34 269.000
MUCU/19 19.9806995 -75.8355026 187.00 179.000
MUCU/01 19.9689999 -75.8354034 217.00 359.000
MUGM/10 19.9067001 -75.2186966 56.00 90.300
MUGM/28 19.9062004 -75.1953964 43.00 270.300
MUGT/17 20.0955991 -75.1611940 55.62 166.000
MUGT/35 20.0768424 -75.1560975 38.10 346.000
MUHA/06 22.9785995 -82.4248962 210.00 54.000
MUHA/24 22.9997005 -82.3932037 210.00 234.000
MUHG/05 20.7760247 -76.3256098 281.53 46.000
MUHG/23 20.7957001 -76.3039017 361.00 226.000
MUKW/06 23.1212053 -81.3071044 16.00 61.000
MUKW/24 23.1267938 -81.2960985 16.00 241.000
MULM/07 22.3332005 -83.6514969 131.00 71.000
MULM/25 22.3390007 -83.6326981 131.00 251.000
MUMO/07 20.6504052 -74.9297680 15.76 63.000
MUMO/25 20.6578007 -74.9142990 7.00 243.000
MUMZ/08 20.2852001 -77.1003036 112.00 74.000
MUMZ/26 20.2910995 -77.0782013 89.00 254.000
MUNG/05 21.8271999 -82.7928009 79.00 48.000
MUNG/23 21.8421993 -82.7748032 62.00 228.000
MUNG/17 21.8416996 -82.7802963 69.00 172.000
MUNG/35 21.8271999 -82.7779999 52.00 352.000
MUPB/02 23.0234967 -82.5832871 83.40 21.900
MUPB/20 23.0389548 -82.5765648 33.78 201.900
MUSC/08 22.4888992 -79.9578018 338.00 76.100
MUSC/26 22.4955006 -79.9293976 318.00 256.100
MUSL/07 21.5069008 -77.0286026 13.00 71.500
MUSL/25 21.5119991 -77.0121002 7.00 251.500
MUSN/05 21.6369991 -82.9621964 39.00 50.200
MUSN/23 21.6480999 -82.9479980 39.00 230.200
MUTD/06 21.7835999 -80.0042038 59.00 52.000
MUTD/24 21.7916400 -79.9924853 91.51 232.000
MUVR/06 23.0254993 -81.4494019 210.00 56.000
MUVR/24 23.0433998 -81.4212036 210.00 236.000
MUVT/05 20.9824392 -76.9413240 327.67 44.700
MUVT/23 20.9934998 -76.9296036 322.00 224.700
MWCB/09 19.6861992 -79.8914032 2.00 84.000
MWCB/27 19.6877003 -79.8740997 7.00 264.000
MWCR/08 19.2907726 -81.3651063 7.78 81.000
MWCR/26 19.2949245 -81.3490675 6.10 261.000
MX-0070/03 19.2481995 -97.6809998 7726.00 37.000
MX-0070/21 19.2567997 -97.6741028 7723.00 217.000
MX-0126/04 14.8203001 -92.3355026 144.00 46.000
MX-0126/22 14.8247004 -92.3308029 170.00 226.000
MX-0226/09 21.9184303 -99.9468689 3229.00 99.000
MX-0226/27 21.9161453 -99.9315186 3247.00 279.000
MX-2509/03 31.3460007 -113.5270004 30.00 45.400
MX-2509/21 31.3523998 -113.5189972 30.00 225.400
MX-2509/11 31.3596001 -113.5319977 30.00 122.200
MX-2509/29 31.3526001 -113.5189972 30.00 302.200
MX-2510/11 16.6944916 -92.5410584 7707.00 111.800
MX-2510/29 16.6860041 -92.5191319 7707.00 291.800
MX-2515/10 26.5219994 -99.1563034 150.00 97.000
MX-2515/28 26.5202999 -99.1408997 150.00 277.000
MY02/24 44.6330000 -93.5387000 900.00 241.000
MYAM/09 26.5112000 -77.0911030 6.00 88.000
MYAM/27 26.5116000 -77.0757980 5.00 268.000
MYAT/14 26.7518997 -77.3991013 8.00 133.000
MYAT/32 26.7387009 -77.3834000 8.00 313.000
MYBS/09 25.6999836 -79.2733536 8.00 90.000
MYBS/27 25.6999741 -79.2569275 7.00 270.000
MYEF/12 23.5669003 -75.8869019 9.00 118.000
MYEF/30 23.5580006 -75.8683014 8.00 298.000
MYEH/07 25.4724998 -76.6897964 8.00 68.200
MYEH/25 25.4787006 -76.6728973 5.00 248.200
MYEM/15 25.2914773 -76.3362638 14.00 144.800
MYEM/33 25.2756996 -76.3239975 14.00 324.800
MYER/09 24.8913002 -76.1885986 10.00 87.700
MYER/27 24.8920994 -76.1669006 4.00 267.700
MYGF/06 26.5513000 -78.7102966 6.00 61.000
MYGF/24 26.5660000 -78.6808014 7.00 241.000
MYNN/10 25.0359001 -77.4820023 14.00 90.000
MYNN/28 25.0361004 -77.4569016 13.00 270.000
MYNN/14 25.0517998 -77.4756012 13.00 135.000
MYNN/32 25.0305004 -77.4520035 14.00 315.000
MYSM/10 24.0643005 -74.5358963 10.00 95.100
MYSM/28 24.0622997 -74.5120010 24.00 275.100
MZBZ/07 17.5368996 -88.3181229 14.00 77.000
MZBZ/25 17.5428715 -88.2910461 15.00 257.000
N07/01 40.9435997 -74.3141022 180.00 355.000
N07/19 40.9515991 -74.3149033 181.00 175.000
N10/09 40.2030983 -75.4353027 248.00 76.000
N10/27 40.2050018 -75.4252014 269.00 256.000
N30/18 41.5186005 -75.2525024 1344.00 167.000
N43/18 40.7448006 -75.2437973 395.00 166.000
N43/36 40.7396011 -75.2421036 384.00 346.000
N85/08 40.5857010 -75.0234985 480.00 64.000
N85/26 40.5886993 -75.0151978 480.00 244.000
N85/13 40.5891991 -75.0223999 444.00 118.000
N85/31 40.5868988 -75.0167007 459.00 298.000
NCAI/14 -18.8302002 -159.7649994 14.00 153.900
NCAI/32 -18.8449001 -159.7570038 10.00 333.900
NCRG/08 -21.2026997 -159.8158253 20.63 90.000
NCRG/26 -21.2026997 -159.7950060 14.31 270.000
NE81/16 42.8944016 -98.6577988 1690.00 158.000
NE81/34 42.8793983 -98.6541977 1680.00 338.000
NFFN/02 -17.7730943 177.4284878 26.39 37.800
NFFN/20 -17.7504005 177.4470062 41.00 217.800
NFFN/09 -17.7535000 177.4360046 17.00 104.400
NFFN/27 -17.7583008 177.4550018 59.00 284.400
NFNA/10 -18.0412436 178.5530450 16.61 109.000
NFNA/28 -18.0472720 178.5711360 10.00 289.000
NFND/14 -18.2527987 178.0481505 19.10 155.000
NFND/32 -18.2581997 178.0509949 21.00 335.000
NFNL/13 -16.4627000 179.3370060 33.00 146.000
NFNL/31 -16.4708000 179.3430020 44.00 326.000
NFTF/11 -21.2348003 -175.1609955 91.00 121.900
NFTF/29 -21.2476006 -175.1390076 113.00 301.900
NFTF/17 -21.2376995 -175.1390076 98.00 181.200
NFTF/35 -21.2513008 -175.1390076 126.00 1.200
NFTL/11 -19.7742996 -174.3459930 10.00 120.400
NFTL/29 -19.7798004 -174.3359985 25.00 300.400
NFTV/08 -18.5845892 -173.9671837 223.10 96.200
NFTV/26 -18.5855104 -173.9587529 229.45 276.200
NG-0005/06 12.4721800 4.3571000 770.00 61.000
NG-0005/24 12.4862100 4.3816500 771.00 241.000
NGTA/09 1.3827800 173.1380005 9.00 97.200
NGTA/27 1.3805803 173.1552904 9.00 277.200
NGTE/14 -1.2203500 174.7729950 7.00 153.000
NGTE/32 -1.2285900 174.7779999 7.00 333.000
NIUE/10 -19.0764008 -169.9360046 209.00 109.900
NIUE/28 -19.0835991 -169.9149933 182.00 289.900
NL-0144/09 52.1274201 5.2605929 47.24 91.100
NL-0144/27 52.1269840 5.2918548 62.50 271.100
NL-0145/05 52.1593018 4.4039998 1.00 52.000
NL-0145/23 52.1730003 4.4320002 1.00 232.000
NL-0145/16 52.1752014 4.4233298 1.00 163.000
NL-0145/34 52.1631573 4.4294229 1.00 343.000
NL-0146/06 51.5099983 5.8499999 95.00 60.000
NL-0146/24 51.5239983 5.8740001 98.00 240.000
NLWW/08 -13.2383003 -176.2089996 59.00 90.000
NLWW/26 -13.2383003 -176.1900024 75.00 270.000
NM24/19 36.9294014 -106.5550003 8030.00 201.000
NM86/24 31.9389000 -108.5299988 4519.00 250.700
NM90/35 31.8962002 -109.0250015 4107.00 0.000
NO-0111/01 68.4335022 17.3827000 93.00 17.000
NO-0111/19 68.4400024 17.3901997 95.00 197.000
NSAS/08 -14.1840000 -169.6730042 9.00 98.000
NSAS/26 -14.1847000 -169.6670074 9.00 278.000
NSFA/08 -13.8302002 -172.0220032 58.00 89.000
NSFA/26 -13.8297005 -171.9940033 9.00 269.000
NSTU/05 -14.3391376 -170.7225510 27.90 60.200
NSTU/23 -14.3278902 -170.7029680 10.68 240.200
NSTU/08 -14.3268995 -170.7084708 5.58 90.000
NSTU/26 -14.3268995 -170.7019958 5.00 270.000
NTAA/04 -17.5611090 -149.6173801 5.00 54.300
NTAA/22 -17.5452234 -149.5949046 5.00 234.300
NTAR/09 -22.4318008 -151.3679962 18.00 108.000
NTAR/27 -22.4358006 -151.3540039 14.00 288.000
NTAT/03 -23.3698997 -149.5299988 5.00 48.400
NTAT/21 -23.3609009 -149.5189972 7.00 228.400
NTAV/06 -23.8871002 -147.6679993 7.00 72.600
NTAV/24 -23.8833008 -147.6549988 7.00 252.600
NTGA/14 -17.3467007 -145.5140076 7.00 149.700
NTGA/32 -17.3584995 -145.5059967 7.00 329.700
NTGB/07 -15.8203401 -140.8922615 8.93 85.200
NTGB/25 -15.8195789 -140.8829804 8.09 265.200
NTGC/06 -15.1210003 -148.2359924 5.00 75.400
NTGC/24 -15.1182003 -148.2250061 5.00 255.400
NTGE/11 -18.4633999 -136.4429932 12.00 125.700
NTGE/29 -18.4682999 -136.4360046 5.00 305.700
NTGF/05 -16.0564000 -145.6620030 7.00 65.000
NTGF/23 -16.0519010 -145.6519930 13.00 245.000
NTGI/05 -14.4391003 -146.0740051 14.00 56.100
NTGI/23 -14.4343996 -146.0659943 8.00 236.100
NTGJ/12 -23.0732994 -134.8970032 7.00 136.500
NTGJ/30 -23.0863991 -134.8840027 7.00 316.500
NTGK/02 -15.6675997 -146.8869934 8.00 28.500
NTGK/20 -15.6590004 -146.8820038 11.00 208.500
NTGM/11 -16.5802002 -143.6640015 3.00 123.400
NTGM/29 -16.5872019 -143.6527808 3.00 303.400
NTGP/10 -14.8078003 -138.8170013 4.00 112.500
NTGP/28 -14.8111000 -138.8090057 4.00 292.500
NTGT/07 -14.7103004 -145.2500000 12.00 80.200
NTGT/25 -14.7088003 -145.2420044 9.00 260.200
NTGU/10 -15.2456999 -146.6219940 9.00 116.500
NTGU/28 -15.2509003 -146.6109924 9.00 296.500
NTGV/01 -14.8775030 -148.7155110 9.00 197.000
NTGV/19 -14.8671420 -148.7121580 9.00 17.000
NTGY/18 -20.7837086 -138.5617522 7.50 192.000
NTGY/36 -20.7903000 -138.5693000 6.00 12.000
NTHE/06 -14.4299002 -146.2619934 4.00 70.800
NTHE/24 -14.4261999 -146.2519989 11.00 250.800
NTKF/08 -16.6868992 -145.3350067 7.00 88.500
NTKF/26 -16.6865997 -145.3240051 7.00 268.500
NTKK/08 -15.4853001 -145.4700012 7.00 83.000
NTKK/26 -15.4839001 -145.4579926 10.00 263.000
NTKR/07 -14.4561005 -145.0290070 11.00 86.200
NTKR/25 -14.4554996 -145.0200043 13.00 266.200
NTMD/06 -8.7984200 -140.2359924 220.00 68.500
NTMD/24 -8.7927904 -140.2220001 180.00 248.500
NTMN/02 -9.7734404 -139.0140076 1428.00 31.300
NTMN/20 -9.7641401 -139.0079956 1481.00 211.300
NTTB/11 -16.4405003 -151.7570038 10.00 124.400
NTTB/29 -16.4482002 -151.7449951 10.00 304.400
NTTG/09 -14.9516001 -147.6699982 10.00 106.500
NTTG/27 -14.9569998 -147.6510010 10.00 286.500
NTTH/07 -16.6884995 -151.0290070 7.00 79.500
NTTH/25 -16.6860008 -151.0149994 7.00 259.500
NTTM/12 -17.4863551 -149.7658434 7.92 135.000
NTTM/30 -17.4937000 -149.7579960 4.00 315.000
NTTO/12 -18.0644769 -140.9566018 10.00 134.800
NTTO/30 -18.0855999 -140.9349976 10.00 314.800
NTTP/08 -16.4265966 -152.2478068 4.24 89.100
NTTP/26 -16.4263992 -152.2389984 15.00 269.100
NTTR/07 -16.7234993 -151.4720001 3.00 83.900
NTTR/25 -16.7222004 -151.4589996 3.00 263.900
NV11/14 36.9566000 -116.0449980 3919.00 151.000
NV11/32 36.9348980 -116.0299990 3919.00 331.000
NV72/18 38.5147018 -119.2149963 6837.00 196.100
NV72/36 38.5049019 -119.2190018 6796.00 16.100
NVSS/12 -15.4994001 167.2129974 184.00 129.000
NVSS/30 -15.5106001 167.2270050 113.00 309.000
NVVV/11 -17.6926994 168.3070068 51.00 117.900
NVVV/29 -17.7036991 168.3280029 70.00 297.900
NVVW/15 -19.4500008 169.2220001 11.00 157.600
NVVW/33 -19.4603004 169.2259979 19.00 337.600
NWWC/09 -19.7198901 163.6583107 266.29 107.200
NWWC/27 -19.7212191 163.6627162 302.92 287.200
NWWD/09 -21.0534992 164.8320007 23.00 99.900
NWWD/27 -21.0550003 164.8419952 16.00 279.900
NWWE/10 -22.5867996 167.4510040 315.00 114.100
NWWE/28 -22.5909004 167.4609985 283.00 294.100
NWWK/06 -20.5482006 164.2510071 23.00 67.500
NWWK/24 -20.5443993 164.2610016 42.00 247.500
NWWL/12 -20.7712994 167.2359924 92.00 134.900
NWWL/30 -20.7782993 167.2440033 92.00 314.900
NWWM/17 -22.2544768 166.4730568 8.83 178.600
NWWM/35 -22.2626298 166.4729710 8.12 358.600
NWWR/13 -21.4783001 168.0339966 135.00 138.900
NWWR/31 -21.4850998 168.0410004 141.00 318.900
NWWU/13 -20.7859001 165.2570038 10.00 145.600
NWWU/31 -20.7940998 165.2619934 10.00 325.600
NWWV/13 -20.6373185 166.5705855 16.64 143.000
NWWV/31 -20.6445007 166.5760040 23.00 323.000
NWWW/11 -22.0070000 166.1990051 30.00 121.100
NWWW/29 -22.0221004 166.2259979 52.00 301.100
NY1/01 42.3453210 -73.6349500 380.00 10.000
NY1/19 42.3555470 -73.6365970 380.00 190.000
NZ-0022/18 -44.9725990 169.2209930 985.00 200.000
NZ-0022/36 -44.9855995 169.2140045 990.00 20.000
NZAA/05R -37.0161480 174.7706711 15.75 72.000
NZAA/23L -37.0066990 174.8049930 23.00 252.000
NZAP/17 -38.7342987 176.0870056 1335.00 196.000
NZAP/35 -38.7464981 176.0820007 1324.00 16.000
NZAR/03 -37.0346013 174.9697913 105.22 47.500
NZAR/21 -37.0270278 174.9792956 107.76 227.500
NZCH/02 -43.4976006 172.5220032 123.00 41.000
NZCH/20 -43.4749985 172.5480042 93.00 221.000
NZCH/11 -43.4846001 172.5249939 115.00 131.000
NZCH/29 -43.4947014 172.5410004 95.00 311.000
NZCI/05 -43.8138008 -176.4730072 43.00 72.100
NZCI/23 -43.8100014 -176.4570007 27.00 252.100
NZDN/03 -45.9338989 170.1869965 3.00 56.000
NZDN/21 -45.9244003 170.2079926 4.00 236.000
NZFI/10 -40.2536011 175.6000061 214.00 119.000
NZFI/28 -40.2580986 175.6109924 214.00 299.000
NZGM/01 -42.4660530 171.1871796 14.00 348.000
NZGM/19 -42.4586525 171.1932526 8.00 168.000
NZGS/03 -38.6680984 177.9720001 11.00 47.600
NZGS/21 -38.6610985 177.9810028 10.00 227.600
NZGS/09 -38.6610985 177.9700012 10.00 116.800
NZGS/27 -38.6657982 177.9819946 13.00 296.800
NZGS/14L -38.6599998 177.9790039 11.00 165.500
NZGS/32R -38.6649655 177.9804288 13.22 345.500
NZGS/14R -38.6579018 177.9750061 12.00 165.100
NZGS/32L -38.6693001 177.9790039 15.00 345.100
NZGT/15 -43.9061012 170.1269989 1754.00 171.000
NZGT/33 -43.9146996 170.1289978 1778.00 351.000
NZHK/03 -42.7134002 170.9802776 116.45 57.900
NZHK/21 -42.7077409 170.9920767 108.55 237.900
NZHK/12 -42.7106020 170.9839940 116.00 147.000
NZHK/30 -42.7197000 170.9920040 146.00 327.000
NZHN/07 -37.8624000 175.3249970 168.00 95.000
NZHN/25 -37.8629000 175.3329930 171.00 275.000
NZHN/07R -37.8629000 175.3249970 168.00 95.000
NZHN/25L -37.8634000 175.3329930 169.00 275.000
NZHN/18L -37.8592197 175.3346366 171.54 196.000
NZHN/36R -37.8739238 175.3294219 164.53 16.000
NZHN/18R -37.8628010 175.3320010 169.00 196.000
NZHN/36L -37.8703990 175.3289950 162.00 16.000
NZKK/02 -35.2655983 173.9140015 485.00 38.500
NZKK/20 -35.2621002 173.9170074 479.00 218.500
NZKK/15L -35.2583008 173.9129944 478.00 168.500
NZKK/33R -35.2644005 173.9140015 492.00 348.500
NZKK/15R -35.2519989 173.9109955 478.00 165.500
NZKK/33L -35.2625999 173.9140015 492.00 345.500
NZKT/12 -35.0643005 173.2810059 223.00 143.000
NZKT/30 -35.0745010 173.2910004 270.00 323.000
NZKT/18 -35.0700622 173.2876793 257.25 201.300
NZKT/36 -35.0806007 173.2839966 261.00 21.300
NZLX/01 -45.2127619 169.3685084 750.22 33.900
NZLX/19 -45.2078018 169.3719940 752.00 213.900
NZLX/14L -45.2057991 169.3699951 749.00 159.600
NZLX/32R -45.2158012 169.3750000 750.00 339.600
NZLX/14R -45.2056007 169.3690033 749.00 160.100
NZLX/32L -45.2159004 169.3739929 750.00 340.100
NZMC/13 -43.7603566 170.1302341 2151.05 155.200
NZMC/31 -43.7723525 170.1377139 2085.44 335.200
NZMO/08 -45.5317001 167.6430054 687.00 101.800
NZMO/26 -45.5334015 167.6560059 684.00 281.800
NZMS/06C -40.9740982 175.6280060 362.00 78.000
NZMS/24C -40.9720451 175.6404819 336.02 258.000
NZMS/06R -40.9771996 175.6300049 350.00 74.200
NZMS/24L -40.9752151 175.6385995 336.37 254.200
NZMS/10 -40.9725859 175.6278170 362.21 122.100
NZMS/28 -40.9769082 175.6373853 342.35 302.100
NZNP/05L -39.0103989 174.1699982 90.00 66.500
NZNP/23R -39.0054016 174.1840057 83.00 246.500
NZNP/14 -39.0003014 174.1790009 71.00 156.700
NZNP/32 -39.0102997 174.1840057 92.00 336.700
NZNR/07 -39.4645996 176.8569946 5.00 88.500
NZNR/25 -39.4643199 176.8709221 5.00 268.500
NZNS/02 -41.3027000 173.2200010 10.00 42.000
NZNS/20 -41.2935980 173.2299960 14.00 222.000
NZNS/06 -41.2961310 173.2169950 14.00 83.000
NZNS/24 -41.2954520 173.2241670 12.00 263.000
NZNV/04 -46.4181157 168.3031246 4.84 65.000
NZNV/22 -46.4110468 168.3249853 3.15 245.000
NZNV/12 -46.4099920 168.3133495 5.00 140.900
NZNV/30 -46.4155812 168.3197516 5.00 320.900
NZOH/09 -40.2026356 175.3746503 149.94 109.000
NZOH/27 -40.2094002 175.3999939 149.00 289.000
NZOH/15 -40.2039314 175.3865351 154.40 168.200
NZOH/33 -40.2111686 175.3884587 141.60 348.200
NZOU/02 -44.9682999 171.0829926 92.00 42.900
NZOU/20 -44.9631004 171.0899963 85.00 222.900
NZOU/11 -44.9682999 171.0829926 92.00 136.700
NZOU/29 -44.9735469 171.0901318 85.74 316.700
NZOU/18 -44.9618645 171.0851440 94.00 207.000
NZOU/36 -44.9721489 171.0778503 99.00 27.000
NZPM/07L -40.3214084 175.6046362 123.19 90.400
NZPM/25R -40.3213947 175.6250651 149.74 270.400
NZPP/11L -40.8995517 174.9863023 15.59 134.000
NZPP/29R -40.9042122 174.9930615 18.57 314.000
NZPP/16R -40.8985511 174.9879880 16.81 180.700
NZPP/34L -40.9080204 174.9890288 15.31 0.700
NZQN/05 -45.0199930 168.7356615 1160.35 76.000
NZQN/23 -45.0165544 168.7577186 1170.70 256.000
NZQN/14 -45.0172724 168.7409391 1167.90 165.000
NZQN/32 -45.0245942 168.7445018 1159.20 345.000
NZRO/18L -38.1016998 176.3209991 935.00 206.000
NZRO/36R -38.1058109 176.3175366 935.00 26.000
NZRO/18R -38.1003990 176.3200073 935.00 205.000
NZRO/36L -38.1127117 176.3132936 935.00 25.000
NZRU/13 -39.4364014 175.6519928 2682.00 144.900
NZRU/31 -39.4455986 175.6600037 2686.00 324.900
NZTG/04 -37.6730995 176.1880035 13.00 52.000
NZTG/22 -37.6693993 176.1940002 13.00 232.000
NZTG/07L -37.6733020 176.1950070 13.00 94.000
NZTG/25R -37.6741980 176.2039950 13.00 277.000
NZTG/07R -37.6738014 176.1880035 13.00 96.000
NZTG/25L -37.6755981 176.2089996 13.00 276.000
NZTG/16 -37.6711010 176.1950070 13.00 184.000
NZTG/34 -37.6773990 176.1940000 6.00 4.000
NZTU/02 -44.3031006 171.2209930 86.00 42.500
NZTU/20 -44.2944984 171.2310028 85.00 222.500
NZTU/02L -44.3013992 171.2209930 86.00 40.000
NZTU/20R -44.2933998 171.2310028 85.00 220.000
NZTU/11 -44.3003006 171.2250061 88.00 133.000
NZTU/29 -44.3063181 171.2339764 76.30 312.900
NZUK/15 -44.2336006 170.1179962 1575.00 171.500
NZUK/33 -44.2427441 170.1199210 1523.96 351.500
NZWB/06L -41.5163002 173.8609924 104.00 88.000
NZWB/24R -41.5158005 173.8780060 78.00 268.000
NZWB/06R -41.5182991 173.8609924 109.00 86.000
NZWB/24L -41.5173988 173.8780060 80.00 266.000
NZWB/10 -41.5135994 173.8639984 96.00 126.300
NZWB/28 -41.5195401 173.8747108 90.15 306.300
NZWF/11 -44.7181015 169.2420044 1142.00 138.500
NZWF/29 -44.7262001 169.2510071 1120.00 318.500
NZWK/09L -37.9165993 176.9089966 19.00 113.100
NZWK/27R -37.9215012 176.9219971 20.00 293.100
NZWN/16 -41.3179767 174.8069667 40.40 183.000
NZWN/34 -41.3342259 174.8060399 23.60 3.000
NZWO/16 -39.0074005 177.4040070 42.00 175.400
NZWO/34 -39.0153999 177.4049988 34.00 355.400
NZWP/03 -36.7961998 174.6210022 100.00 53.000
NZWP/21 -36.7850990 174.6390076 58.00 233.000
NZWP/08 -36.7837982 174.6239929 68.00 98.000
NZWP/26 -36.7858009 174.6410065 53.00 278.000
NZWR/06 -35.7681999 174.3580017 133.00 81.000
NZWR/24 -35.7666016 174.3699951 125.00 261.000
NZWS/04 -41.7416992 171.5729980 13.00 57.800
NZWS/22 -41.7350006 171.5859985 12.00 237.800
NZWU/08 -39.9627002 175.0212690 18.64 103.000
NZWU/26 -39.9633550 175.0249145 27.10 283.000
NZWU/11 -39.9597630 175.0180360 10.00 127.000
NZWU/29 -39.9671710 175.0308990 26.00 307.000
NZWU/11C -39.9597409 175.0182183 11.28 131.100
NZWU/29C -39.9669036 175.0307148 26.62 311.100
O13/17 35.2041016 -99.8814011 2092.00 176.000
O13/35 35.1968002 -99.8806992 2097.00 356.000
O45/17 36.8615990 -101.2269974 2998.00 180.000
O45/35 36.8525009 -101.2269974 2992.00 0.000
OA86/25 39.9086876 -83.3563995 970.00 246.000
OABT/01 31.5532964 64.3726363 2538.46 5.000
OABT/19 31.5692049 64.3770814 2544.54 185.000
OAHR/18 34.2211990 62.2299995 3206.00 187.000
OAHR/36 34.1987991 62.2266006 3133.00 7.000
OAIX/03L 34.9317017 69.2561035 4860.00 29.000
OAIX/21R 34.9598999 69.2757034 4860.00 209.000
OAIX/03R 34.9347000 69.2570038 4888.00 29.000
OAIX/21L 34.9578018 69.2731018 4895.00 209.000
OAJL/13 34.4063988 70.4896011 1814.00 131.000
OAJL/31 34.3931999 70.5075989 1809.00 311.000
OAKB/11 34.5704353 69.1945525 5869.02 107.000
OAKB/29 34.5630623 69.2230984 5871.39 287.000
OAKN/05 31.4974995 65.8339005 3303.00 55.000
OAKN/23 31.5108538 65.8564318 3330.54 235.000
OAMS/06R 36.7008330 67.2010000 1287.00 66.000
OAMS/24L 36.7118330 67.2315000 1252.00 246.000
OASD/18 33.4039001 62.2616997 3773.00 182.500
OASD/36 33.3787994 62.2603989 3773.00 2.500
OATN/12 32.6138878 65.8644409 4382.00 122.000
OATN/30 32.5999985 65.8775024 4477.00 302.000
OAUZ/11 36.6688004 68.9005966 1450.00 113.000
OAUZ/29 36.6617012 68.9210968 1454.00 293.000
OBBI/12L 26.2789064 50.6195645 6.00 123.000
OBBI/30R 26.2627920 50.6476364 6.00 303.000
OBBI/12R 26.2695070 50.6324656 6.88 123.000
OBBI/30L 26.2592891 50.6502860 6.05 303.000
OBBS/15 25.9337006 50.5820999 136.00 153.800
OBBS/33 25.9029999 50.5989990 29.00 333.800
OEAA/15 27.3248997 49.5831985 12.00 149.000
OEAA/33 27.3132000 49.5909996 10.00 329.000
OEAB/13 18.2499008 42.6442986 6832.00 129.000
OEAB/31 18.2308006 42.6689987 6858.00 309.000
OEAH/16 25.2985992 49.4812012 588.00 164.900
OEAH/34 25.2719994 49.4891014 575.00 344.900
OEBA/07 20.2919101 41.6212707 5478.28 70.800
OEBA/25 20.3003903 41.6472266 5433.72 250.800
OEBH/18 19.9979000 42.6242981 3872.00 186.000
OEBH/36 19.9703999 42.6213989 3886.00 6.000
OEBQ/15 25.9185009 49.5866013 229.00 150.200
OEBQ/33 25.9039993 49.5957985 234.00 330.200
OEDF/16L 26.4885998 49.8036995 59.00 165.000
OEDF/34R 26.4538002 49.8143997 72.00 345.000
OEDF/16R 26.4885998 49.7813988 48.00 165.000
OEDF/34L 26.4538002 49.7920990 56.00 345.000
OEDM/15 24.4622002 44.1144981 3016.00 153.800
OEDM/33 24.4375000 44.1278000 3031.00 333.800
OEDR/16L 26.2882004 50.1641006 84.00 165.000
OEDR/34R 26.2567997 50.1734009 48.00 345.000
OEDR/16R 26.2686005 50.1325989 68.00 165.000
OEDR/34L 26.2367001 50.1421013 64.00 345.000
OEGN/15 16.9130001 42.5786018 16.00 150.000
OEGN/33 16.8890991 42.5928993 20.00 330.000
OEGS/15 26.3148003 43.7669983 2126.00 153.000
OEGS/33 26.2908001 43.7807999 2120.00 333.000
OEGT/10 31.4158001 37.2640991 1672.00 106.000
OEGT/28 31.4081001 37.2948990 1641.00 286.000
OEHL/18 27.4547005 41.6875000 3299.00 184.000
OEHL/36 27.4243827 41.6853513 3327.95 4.000
OEHW/15 22.9780006 46.8931007 2091.00 150.000
OEHW/33 22.9575005 46.9057007 2074.00 330.000
OEJB/17 27.0566006 49.4006004 19.00 167.000
OEJB/35 27.0214996 49.4095993 25.00 347.000
OEJN/16C 21.6950700 39.1515430 26.00 160.000
OEJN/34C 21.6611790 39.1649170 26.00 340.000
OEJN/16L 21.7004360 39.1671310 30.00 160.000
OEJN/34R 21.6665000 39.1805000 48.00 340.000
OEJN/16R 21.7027000 39.1269000 13.00 160.000
OEJN/34L 21.6705000 39.1395990 13.00 340.000
OEKF/15L 26.1004890 45.1939430 2414.00 150.000
OEKF/33R 26.0715270 45.2123950 2434.00 330.000
OEKF/15R 26.0936450 45.1807710 2421.00 150.000
OEKF/33L 26.0740780 45.1932370 2429.00 330.000
OEKK/13 27.9115009 45.5139008 1352.00 129.900
OEKK/31 27.8903008 45.5424995 1346.00 309.900
OEKM/06 18.2877007 42.7733994 6699.00 60.200
OEKM/24 18.3048000 42.8046989 6695.00 240.200
OEKM/14 18.3115005 42.8064995 6733.00 140.900
OEKM/32 18.2849007 42.8292999 6778.00 320.900
OEKR/16 25.0776997 48.1921005 1300.00 162.600
OEKR/34 25.0613995 48.1977997 1300.00 342.600
OEMA/17 24.5715496 39.7043538 2142.37 169.000
OEMA/35 24.5379925 39.7114716 2083.00 349.000
OEMA/18 24.5634995 39.7039986 2144.00 184.000
OEMA/36 24.5359993 39.7019997 2079.00 4.000
OENG/06 17.6044998 44.4067001 3982.00 60.000
OENG/24 17.6182995 44.4315987 3958.00 240.000
OENN/15 27.9354990 35.2845990 25.00 155.000
OENN/33 27.9197010 35.2929000 32.00 335.000
OEPA/16 28.3488670 46.1212310 1171.00 158.000
OEPA/34 28.3233280 46.1328120 1174.00 338.000
OEPC/14 25.1832008 47.4809990 1734.00 142.000
OEPC/32 25.1658993 47.4958000 1741.00 322.000
OEPF/17 24.7210999 44.9621010 2534.00 168.200
OEPF/35 24.6996002 44.9669991 2524.00 348.300
OEPI/17 24.2868996 42.1412010 2965.00 167.700
OEPI/35 24.2653008 42.1463013 2967.00 347.700
OEPJ/18 24.1159992 41.0358009 2832.00 178.000
OEPJ/36 24.0984001 41.0363007 2841.00 358.000
OEPS/17L 24.0810390 47.5790670 1601.00 175.000
OEPS/35R 24.0450170 47.5822410 1651.00 355.000
OERF/11 29.6317005 43.4765015 1459.00 114.000
OERF/29 29.6210003 43.5049019 1474.00 294.000
OERK/15L 24.9769001 46.7019997 2033.00 150.000
OERK/33R 24.9440002 46.7228012 2012.00 330.000
OERK/15R 24.9708996 46.6749001 2049.00 150.000
OERK/33L 24.9379997 46.6957016 2033.00 330.000
OERM/16 28.0928036 48.6065521 12.86 164.000
OERM/34 28.0650005 48.6157990 10.00 344.000
OERR/10 30.9102001 41.1227989 1813.00 105.000
OERR/28 30.9030991 41.1537018 1804.00 285.000
OERT/15 26.7317009 50.0257988 8.00 152.000
OERT/33 26.7145004 50.0358009 8.00 332.000
OERY/01 24.7117794 46.7255322 2051.85 8.000
OERY/19 24.7418003 46.7302017 2082.00 188.000
OESH/08 17.4652996 47.1041985 2336.00 85.000
OESH/26 17.4683990 47.1385994 2363.00 265.000
OESK/10 29.7879009 40.0812988 2261.00 99.800
OESK/28 29.7823009 40.1186981 2260.00 279.800
OETB/06 28.3691998 36.6198997 2545.00 65.000
OETB/24 28.3820000 36.6509018 2551.00 245.000
OETB/13 28.3812008 36.5940018 2530.00 132.900
OETB/31 28.3621998 36.6170998 2539.00 312.900
OETF/07 21.4773006 40.5205994 4848.00 74.700
OETF/25 21.4862995 40.5555000 4737.00 254.700
OETF/17 21.5063992 40.5409012 4753.00 172.200
OETF/35 21.4764004 40.5453987 4775.00 352.200
OETN/15 27.8778000 48.7636986 20.00 154.200
OETN/33 27.8579006 48.7746010 26.00 334.200
OETR/10 31.6963291 38.7159996 2794.00 105.000
OETR/28 31.6891708 38.7464981 2792.00 285.000
OEUD/18 25.1609001 49.3286018 765.00 179.000
OEUD/36 25.1411991 49.3288994 767.00 359.000
OEUM/14 25.2943000 37.1913000 78.00 140.000
OEUM/32 25.2775000 37.2072000 102.00 320.000
OEWD/10 20.5070992 45.1852989 2062.00 102.000
OEWD/28 20.5014000 45.2137985 2052.00 282.000
OEWJ/15 26.2105007 36.4686012 65.00 151.000
OEWJ/33 26.1865997 36.4836006 66.00 331.000
OEYN/10 24.1474991 38.0480003 18.00 103.200
OEYN/28 24.1408997 38.0788002 26.00 283.200
OI13/12 30.0028992 53.7052994 6970.00 118.500
OI13/30 29.9971008 53.7177010 6898.00 298.500
OIAA/14L 30.3712997 48.2290993 8.00 144.600
OIAA/32R 30.3547001 48.2426987 10.00 324.600
OIAA/14R 30.3787003 48.2212982 10.00 144.600
OIAA/32L 30.3558998 48.2400017 10.00 324.600
OIAD/14L 32.4478989 48.3863983 463.00 140.600
OIAD/32R 32.4230003 48.4104996 474.00 320.600
OIAD/14R 32.4464989 48.3843994 461.00 140.600
OIAD/32L 32.4217129 48.4084423 468.40 320.600
OIAG/13 30.7523994 49.6684990 88.00 136.500
OIAG/31 30.7385006 49.6837006 86.00 316.500
OIAH/12 30.3423004 50.8199997 2394.00 124.600
OIAH/30 30.3327999 50.8358994 2394.00 304.600
OIAI/12 32.0060005 49.2658997 1159.00 122.300
OIAI/30 31.9990997 49.2785988 1180.00 302.300
OIAI/14 32.0080986 49.2620010 1187.00 137.100
OIAI/32 31.9962006 49.2748985 1187.00 317.100
OIAM/14 30.5650997 49.1423988 8.00 137.000
OIAM/32 30.5492730 49.1592638 8.00 317.000
OIAW/12 31.3460007 48.7472000 66.00 124.100
OIAW/30 31.3288002 48.7766991 59.00 304.100
OIBA/08 25.8744881 55.0208004 14.61 83.000
OIBA/26 25.8769862 55.0449557 20.33 263.000
OIBB/13L 28.9591007 50.8184013 4.00 132.000
OIBB/31R 28.9321995 50.8525009 62.00 312.000
OIBB/13R 28.9575005 50.8167992 2.00 132.000
OIBB/31L 28.9305992 50.8507996 68.00 312.000
OIBJ/11 27.8250008 52.3413010 2099.00 114.800
OIBJ/29 27.8160992 52.3629990 2172.00 294.800
OIBK/09R 26.5275993 53.9618988 95.00 94.900
OIBK/27L 26.5247993 53.9985008 98.00 274.900
OIBL/08 26.5303993 54.8124008 57.00 82.000
OIBL/26 26.5340996 54.8372002 67.00 262.000
OIBP/13 27.3908997 52.7219009 18.00 128.800
OIBP/31 27.3682995 52.7533989 27.00 308.800
OIBQ/14 29.2660007 50.3171997 9.00 134.500
OIBQ/32 29.2544994 50.3303986 17.00 314.500
OIBS/12 25.9092270 54.5394305 27.04 127.700
OIBS/30 25.9020996 54.5494995 12.00 307.700
OIBV/11 26.8136997 53.3465996 73.00 111.400
OIBV/29 26.8069000 53.3660011 73.00 291.400
OICC/11R 34.3509958 47.1453829 4307.00 116.000
OICC/29L 34.3391000 47.1748010 4307.00 296.000
OICI/14 33.5965996 46.3955002 4341.00 142.000
OICI/32 33.5766983 46.4141006 4396.00 322.000
OICK/11 33.4410019 48.2669983 3782.00 113.000
OICK/29 33.4304487 48.2965820 3782.00 293.000
OICS/01 35.2346001 47.0046997 4479.00 18.000
OICS/19 35.2571983 47.0138016 4522.00 198.000
OIFE/07 32.9264984 51.5453987 5256.00 77.000
OIFE/25 32.9325981 51.5765991 5227.00 257.000
OIFH/06 32.5654984 51.6865997 5310.00 70.000
OIFH/24 32.5685997 51.6966019 5310.00 250.000
OIFK/11 33.8996010 51.5634003 3464.00 110.700
OIFK/29 33.8909988 51.5906982 3465.00 290.700
OIFM/07L 32.7486992 51.8377991 5057.00 78.000
OIFM/25R 32.7570000 51.8837013 5044.00 258.000
OIFM/07R 32.7447014 51.8389015 5059.00 78.000
OIFM/25L 32.7529984 51.8847008 5041.00 258.000
OIFP/08L 32.6198997 51.6794014 5242.00 85.000
OIFP/26R 32.6223984 51.7146988 5143.00 265.000
OIFS/14 32.3080937 50.8329599 6722.20 146.700
OIFS/32 32.2854961 50.8504484 6705.80 326.700
OIGG/09 37.3260421 49.5958861 -50.32 93.800
OIGG/27 37.3246994 49.6220016 -40.00 273.800
OIHH/10 34.8704057 48.5424857 5705.12 104.900
OIHH/28 34.8636017 48.5733986 5755.00 284.900
OIHR/08 34.1356010 49.8314018 5437.00 79.200
OIHR/26 34.1407013 49.8632011 5440.00 259.200
OIHS/05 35.1953011 48.6202011 5609.00 59.100
OIHS/23 35.2135010 48.6572990 5540.00 239.100
OIHS/13R 35.2111015 48.6543007 5546.00 129.700
OIHS/31L 35.1860008 48.6911011 5484.00 309.700
OIIA/10 35.9533997 50.4431992 3800.00 101.800
OIIA/28 35.9508018 50.4584007 3800.00 281.800
OIIC/11 34.9894981 50.7897987 3008.00 112.200
OIIC/29 34.9784012 50.8226013 2854.00 292.200
OIID/04 35.6958008 51.4656982 3915.00 47.200
OIID/22 35.7100983 51.4846001 4046.00 227.200
OIIE/11L 35.4253006 51.1222000 3305.00 109.000
OIIE/29R 35.4131012 51.1660004 3256.00 289.000
OIIE/11R 35.4236980 51.1214980 3305.00 109.000
OIIE/29L 35.4127029 51.1611550 3262.22 289.000
OIII/11L 35.6930921 51.3046273 3926.91 109.000
OIII/29R 35.6845210 51.3337170 3797.00 289.000
OIII/11R 35.6928148 51.2983325 3924.33 109.000
OIII/29L 35.6824000 51.3335990 3794.00 289.000
OIIK/10 36.2408981 50.0410004 4184.00 99.900
OIIK/28 36.2392006 50.0532990 4172.00 279.900
OIIP/12 35.7860985 50.8109016 4164.00 128.000
OIIP/30 35.7658005 50.8428993 4163.00 308.000
OIKB/03L 27.2049999 56.3685989 15.00 27.800
OIKB/21R 27.2327003 56.3848991 22.00 207.800
OIKB/03R 27.2031994 56.3703995 14.00 27.800
OIKB/21L 27.2324009 56.3875999 22.00 207.800
OIKJ/13 28.7332001 57.6614990 2663.00 128.700
OIKJ/31 28.7208004 57.6791000 2571.00 308.700
OIKK/16L 30.2894130 56.9441070 5731.00 158.000
OIKK/34R 30.2571280 56.9588850 5738.00 338.000
OIKM/12 29.0923996 58.4353981 3231.00 122.600
OIKM/30 29.0758991 58.4646988 3131.00 302.600
OIKP/08 27.1562653 56.1608067 16.18 78.800
OIKP/26 27.1602254 56.1834450 18.82 258.800
OIKQ/05 26.7423000 55.8862000 14.00 50.000
OIKQ/23 26.7670000 55.9184990 45.00 230.000
OIKR/11 30.3027992 56.0367012 5258.00 112.000
OIKR/29 30.2926998 56.0656013 5298.00 292.000
OIKY/14 29.5622005 55.6581993 5807.00 132.000
OIKY/32 29.5396996 55.6871986 5846.00 312.000
OIMB/08 32.8950005 59.2551003 4870.00 78.700
OIMB/26 32.8988991 59.2776985 4947.00 258.700
OIMB/10 32.8961596 59.2723453 4920.01 98.700
OIMB/28 32.8925018 59.3003006 4952.00 278.700
OIMC/14 36.5158997 61.0522003 945.00 145.200
OIMC/32 36.4864006 61.0775986 945.00 325.200
OIMJ/07 36.4208984 55.0900993 4219.00 71.100
OIMJ/25 36.4290009 55.1195984 4219.00 251.100
OIMM/13L 36.2477989 59.6264000 3226.00 133.600
OIMM/31R 36.2240982 59.6571007 3257.00 313.600
OIMM/13R 36.2467995 59.6244011 3231.00 133.600
OIMM/31L 36.2224007 59.6559982 3263.00 313.600
OIMN/07 37.4899063 57.2974646 3490.49 70.300
OIMN/25 37.4978981 57.3254013 3453.00 250.300
OIMS/09 36.1693001 57.5775986 2975.00 94.800
OIMS/27 36.1669006 57.6128006 2998.00 274.800
OIMT/15 33.6799011 56.8847008 2310.00 152.200
OIMT/33 33.6556015 56.9000015 2312.00 332.200
OINE/10 37.3857994 55.4398994 500.00 104.900
OINE/28 37.3806992 55.4640999 500.00 284.900
OING/13 36.9228590 54.3839450 -50.00 134.000
OING/31 36.9022410 54.4106290 -25.00 314.000
OINN/10 36.6665650 51.4544070 -61.00 109.000
OINN/28 36.6611221 51.4744234 -70.26 289.000
OINR/13 36.9142840 50.6731570 -70.00 130.000
OINR/31 36.9055330 50.6860050 -70.00 310.000
OINZ/16 36.6558990 53.1837997 4.00 161.000
OINZ/34 36.6376731 53.1916243 28.98 341.000
OISF/14 28.8988991 53.7164001 4261.00 140.000
OISF/32 28.8857994 53.7303009 4261.00 320.000
OISJ/08 28.5851994 53.5670013 3349.00 82.000
OISJ/26 28.5881996 53.5913010 3358.00 262.000
OISL/09 27.6744995 54.3672981 2641.00 89.000
OISL/27 27.6749001 54.3992004 2623.00 269.000
OISR/11 27.3787003 53.1744003 1345.00 113.900
OISR/29 27.3675003 53.2027016 1345.00 293.900
OISS/11L 29.5492992 52.5700989 4910.00 114.400
OISS/29R 29.5328999 52.6111984 4862.00 294.400
OISS/11R 29.5452995 52.5688019 4920.00 114.300
OISS/29L 29.5293999 52.6091003 4864.00 294.300
OISY/13 30.7084007 51.5350990 5841.00 132.500
OISY/31 30.6926003 51.5550995 5939.00 312.500
OITK/15 38.4390984 44.9673004 3843.00 157.000
OITK/33 38.4157982 44.9799004 3981.00 337.000
OITL/15 38.3385010 48.4149017 4305.00 149.900
OITL/33 38.3128014 48.4337997 4315.00 329.900
OITM/08 37.3471751 46.1153439 4310.00 85.000
OITM/26 37.3488406 46.1392181 4310.00 265.000
OITP/11 39.6077995 47.8674011 251.00 110.700
OITP/29 39.5994987 47.8956985 251.00 290.700
OITR/03 37.6557999 45.0587006 4343.00 33.000
OITR/21 37.6804008 45.0787010 4274.00 213.000
OITT/12L 38.1439018 46.2196007 4449.00 128.900
OITT/30R 38.1235008 46.2514992 4459.00 308.900
OITT/12R 38.1422997 46.2187004 4448.00 128.900
OITT/30L 38.1223984 46.2499008 4458.00 308.900
OITZ/12 36.7817001 48.3459015 5316.00 126.500
OITZ/30 36.7655983 48.3728981 5382.00 306.500
OIYY/13 31.9174995 54.2607002 3984.00 133.000
OIYY/31 31.8922997 54.2923012 4054.00 313.000
OIZB/16 31.1103001 61.5405006 1628.00 167.000
OIZB/34 31.0839996 61.5476990 1628.00 347.000
OIZC/09L 25.4456997 60.3652000 22.00 90.900
OIZC/27R 25.4451008 60.4030991 24.00 270.900
OIZC/09R 25.4414997 60.3652000 24.00 90.900
OIZC/27L 25.4410992 60.3950005 24.00 270.900
OIZH/17L 29.4949000 60.9047010 4475.00 173.000
OIZH/35R 29.4609609 60.9095664 4514.66 353.000
OIZH/17R 29.4946420 60.9022410 4536.00 173.000
OIZH/35L 29.4613723 60.9070154 4562.17 353.000
OIZI/17 27.2465992 60.7182007 2037.00 170.900
OIZI/35 27.2255993 60.7219009 1980.00 350.900
OIZS/13 27.4258995 62.3077011 3928.00 132.700
OIZS/31 27.4125996 62.3237991 3930.00 312.700
OJAI/08L 31.7266998 35.9696007 2360.00 81.400
OJAI/26R 31.7322006 36.0074997 2395.00 261.400
OJAI/08R 31.7143993 35.9805984 2357.00 81.400
OJAI/26L 31.7199001 36.0185013 2365.00 261.400
OJAM/06 31.9662991 35.9760017 2555.00 65.000
OJAM/24 31.9790993 36.0071983 2458.00 245.000
OJAQ/01 29.5979996 35.0133018 175.00 19.000
OJAQ/19 29.6240005 35.0223999 113.00 199.000
OJHF/13 32.1696014 37.1374016 2220.00 131.000
OJHF/31 32.1519012 37.1613998 2175.00 311.000
OK63/17 34.6324997 -97.8151703 1268.00 177.000
OK63/35 34.6269989 -97.8148346 1283.00 357.000
OKAS/12L 29.3544998 47.5080986 472.00 120.200
OKAS/30R 29.3409004 47.5346985 472.00 300.200
OKAS/12R 29.3525009 47.5068016 447.00 120.000
OKAS/30L 29.3390007 47.5334015 472.00 300.000
OKDI/18 29.7035007 47.4361626 425.45 181.400
OKDI/36 29.6917663 47.4358343 429.56 1.400
OKKK/15L 29.2411990 47.9833970 161.00 155.000
OKKK/33R 29.2126010 47.9987000 206.00 335.000
OKKK/15R 29.2404990 47.9614970 134.00 155.000
OKKK/33L 29.2127000 47.9762970 170.00 335.000
OKKK/16 29.2283060 47.9419020 169.00 155.000
OKKK/34 29.1908550 47.9618070 169.00 335.000
OL30/18 35.0035019 -97.0615997 1036.00 180.000
OL30/36 35.0004997 -97.0615997 1052.00 0.000
OL35/18 35.8606987 -96.0821991 765.00 180.000
OL35/36 35.8574982 -96.0821991 752.00 0.000
OL35/27 35.8605995 -96.0781021 749.00 270.000
OL36/17 36.9897003 -96.3226013 980.00 168.000
OL36/35 36.9870987 -96.3218994 987.00 348.000
OLBA/03 33.8025393 35.4842791 45.79 32.900
OLBA/21 33.8193859 35.4972500 41.10 212.900
OLBA/16 33.8385315 35.4793785 13.91 165.800
OLBA/34 33.8105011 35.4878006 48.00 345.800
OLBA/17 33.8381996 35.4870987 85.00 177.000
OLBA/35 33.8169313 35.4884178 48.81 357.000
OLKA/06 34.5833476 35.9976924 23.00 62.000
OLKA/24 34.5954768 36.0251668 23.00 242.000
OM-0003/04 19.4872780 57.6292990 357.00 45.000
OM-0003/22 19.5127470 57.6563610 357.00 225.000
OMAA/13L 24.4650000 54.6383290 62.00 128.000
OMAA/31R 24.4423290 54.6701700 72.00 308.000
OMAA/13R 24.4444010 54.6352010 82.00 128.000
OMAA/31L 24.4217000 54.6671980 88.00 308.000
OMAD/13 24.4343691 54.4495648 10.00 128.100
OMAD/31 24.4237370 54.4644467 10.00 308.200
OMAL/01 24.2437992 55.6066017 869.00 7.000
OMAL/19 24.2796001 55.6116982 842.00 187.000
OMAM/13L 24.2581997 54.5332985 77.00 127.000
OMAM/31R 24.2383003 54.5620995 67.00 307.000
OMAM/13R 24.2408009 54.5367012 60.00 127.000
OMAM/31L 24.2210007 54.5654984 60.00 307.000
OMAZ/13 24.8652000 53.0735016 10.00 133.000
OMAZ/31 24.8579006 53.0821991 10.00 313.000
OMDB/12L 25.2625436 55.3542567 13.17 121.000
OMDB/30R 25.2490985 55.3783756 30.55 301.000
OMDB/12R 25.2495255 55.3704679 18.88 121.000
OMDB/30L 25.2365313 55.3937575 58.55 301.000
OMDL/17 24.5211720 52.3339960 20.00 170.000
OMDL/35 24.4987050 52.3364520 20.00 350.000
OMDM/09 25.0265010 55.3466000 165.00 89.000
OMDM/27 25.0272010 55.3857990 165.00 269.000
OMDW/12 24.9070910 55.1420710 114.00 120.000
OMDW/30 24.8860700 55.1801380 170.00 300.000
OMDW/13 24.8699872 55.1537133 155.00 121.000
OMDW/31 24.8627551 55.1667252 155.00 301.000
OMFJ/11R 25.1119782 56.3190625 114.50 112.000
OMFJ/29L 25.1038250 56.3405760 49.00 292.000
OMRK/16 25.6296997 55.9338989 72.00 164.800
OMRK/34 25.5970001 55.9438019 102.00 344.800
OMSJ/12 25.3385030 55.5048405 92.00 122.000
OMSJ/30 25.3238093 55.5300794 109.60 302.000
OOMA/07 20.6714001 58.8806992 44.00 66.700
OOMA/25 20.6805000 58.9033012 64.00 246.700
OOMA/17 20.6844997 58.8881989 40.00 166.800
OOMA/35 20.6578007 58.8947983 64.00 346.800
OOMS/08L 23.6059074 58.2579689 22.00 85.000
OOMS/26R 23.6087923 58.2938773 22.00 265.000
OOMS/08R 23.5920284 58.2709962 45.74 85.000
OOMS/26L 23.5945000 58.3018990 26.00 265.000
OOSA/07 17.0343670 54.0697360 63.00 71.000
OOSA/25 17.0462590 54.1051900 72.00 251.000
OOTH/17 17.6839008 54.0222015 1489.00 173.000
OOTH/35 17.6480999 54.0270004 1542.00 353.000
OP1A/17 26.2056007 67.5024033 398.00 171.000
OP1A/35 26.1907005 67.5049973 420.00 351.000
OPBW/08 29.3456001 71.7035980 392.00 78.900
OPBW/26 29.3505993 71.7323990 391.00 258.900
OPCH/02 35.8796005 71.7960968 4874.00 27.000
OPCH/20 35.8936005 71.8050003 4920.00 207.000
OPDG/18 29.9699001 70.4860992 492.00 180.800
OPDG/36 29.9521008 70.4858017 469.00 0.800
OPDI/12 31.9127007 70.8896027 594.00 118.800
OPDI/30 31.9060993 70.9036026 590.00 298.800
OPFA/03R 31.3549390 72.9867170 587.00 36.000
OPFA/21L 31.3756080 73.0043790 591.00 216.000
OPGD/07 25.2912290 62.4829042 58.20 69.000
OPGD/25 25.3022020 62.5146207 63.80 249.000
OPGT/07 35.9164009 74.3249969 4794.00 72.000
OPGT/25 35.9211006 74.3423004 4796.00 252.000
OPGW/06 25.2302000 62.3228000 96.00 63.000
OPGW/24 25.2365000 62.3362010 96.00 243.000
OPIS/10L 33.5530014 72.8066025 1735.00 101.000
OPIS/28R 33.5470009 72.8451996 1750.00 281.000
OPIS/10R 33.5511742 72.8061447 1732.00 100.000
OPIS/28L 33.5451241 72.8448257 1747.00 280.000
OPJA/15 28.2957001 68.4413986 186.00 147.000
OPJA/33 28.2726994 68.4580994 191.00 327.000
OPKC/07L 24.9046993 67.1475983 77.00 74.500
OPKC/25R 24.9123993 67.1780014 100.00 254.500
OPKC/07R 24.9004002 67.1426010 71.00 74.300
OPKC/25L 24.9087009 67.1750031 89.00 254.300
OPLA/18L 31.5366001 74.4048004 712.00 181.000
OPLA/36R 31.5065002 74.4042969 707.00 1.000
OPLA/18R 31.5338993 74.4028015 710.00 181.000
OPLA/36L 31.5091991 74.4023972 705.00 1.000
OPLH/14 31.4983989 74.3422771 699.09 137.000
OPLH/32 31.4904003 74.3510971 700.00 317.000
OPMA/14 33.0540161 73.6338360 951.20 135.900
OPMA/32 33.0452003 73.6440964 944.00 315.900
OPMF/13 34.3417020 73.5049970 2669.00 132.000
OPMF/31 34.3363000 73.5122990 2691.00 312.000
OPMJ/08 27.3330994 68.1334000 154.00 77.000
OPMJ/26 27.3372002 68.1527023 152.00 257.000
OPMR/04 24.8801994 66.9310989 35.00 45.000
OPMR/22 24.8967991 66.9494019 35.00 225.000
OPMR/09 24.8985004 66.9263000 35.00 89.900
OPMR/27 24.8985004 66.9534988 35.00 269.900
OPMT/18 30.2172871 71.4200476 361.27 183.000
OPMT/36 30.1935594 71.4184552 398.67 3.000
OPNH/02 26.2077999 68.3852005 94.00 21.000
OPNH/20 26.2310009 68.3948975 94.00 201.000
OPPG/13 26.9591007 64.1268005 3260.00 131.900
OPPG/31 26.9500008 64.1381989 3289.00 311.900
OPPI/06 25.2837009 63.3329010 12.00 58.400
OPPI/24 25.2966003 63.3559990 12.00 238.400
OPPS/17 34.0060005 71.5134964 1171.00 175.900
OPPS/35 33.9813995 71.5157013 1211.00 355.900
OPQS/14 33.5675011 73.0266037 1644.00 142.700
OPQS/32 33.5528984 73.0399017 1606.00 322.700
OPQT/13L 30.2640990 66.9255980 5194.00 136.000
OPQT/31R 30.2402000 66.9517970 5267.00 316.000
OPRK/01 28.3708000 70.2757034 264.00 14.600
OPRK/19 28.3969994 70.2834015 271.00 194.600
OPRN/12 33.6226520 73.0857660 1658.84 118.200
OPRN/30 33.6109448 73.1119348 1657.16 298.200
OPRS/09L 34.0831985 71.9642029 1050.00 92.000
OPRS/27R 34.0820999 71.9834976 1050.00 272.000
OPRS/09R 34.0802994 71.9563980 1050.00 92.000
OPRS/27L 34.0787010 71.9862976 1050.00 272.000
OPRT/01 33.8456993 73.7969971 5397.00 13.000
OPRT/19 33.8535995 73.7993011 5478.00 193.000
OPSD/14L 35.3384020 75.5268020 7305.00 153.000
OPSD/32R 35.3226010 75.5369030 7315.00 333.000
OPSD/14R 35.3532980 75.5305020 7256.00 147.000
OPSD/32L 35.3256990 75.5522990 7301.00 327.000
OPSK/14 27.7315006 68.7827988 196.00 140.500
OPSK/32 27.7124004 68.8005981 192.00 320.500
OPSS/05 34.8087006 72.3452988 3121.00 52.000
OPSS/23 34.8184013 72.3602982 3121.00 232.000
OPTU/08L 25.9853990 63.0211980 483.00 83.000
OPTU/26R 25.9874000 63.0392000 498.00 263.000
OPZB/10 31.3598000 69.4544980 4645.00 100.000
OPZB/28 31.3570000 69.4728010 4729.00 280.000
OR17/33 44.4077988 -118.6900024 3820.00 346.000
ORAA/09L 33.7895012 42.4329987 595.00 88.500
ORAA/27R 33.7904015 42.4762001 557.00 268.500
ORAA/09R 33.7807999 42.4062004 618.00 88.500
ORAA/27L 33.7817001 42.4494019 577.00 268.500
ORAT/12L 33.3471985 43.5815010 270.00 119.300
ORAT/30R 33.3308983 43.6161003 262.00 299.300
ORAT/12R 33.3459015 43.5765991 275.00 119.400
ORAT/30L 33.3326771 43.6044737 272.77 299.400
ORBD/12 33.9455986 44.3414993 157.00 125.700
ORBD/30 33.9272003 44.3722992 160.00 305.700
ORBD/14 33.9570007 44.3554993 159.00 145.700
ORBD/32 33.9309006 44.3768005 160.00 325.700
ORBI/15L 33.2837982 44.2312012 113.00 150.000
ORBI/33R 33.2526016 44.2526016 110.00 330.000
ORBI/15R 33.2686005 44.2168999 114.00 150.000
ORBI/33L 33.2428017 44.2346001 113.00 330.000
ORBM/15 36.3167990 43.1418000 709.00 158.000
ORBM/33 36.2947010 43.1530000 705.00 338.000
ORBR/13 36.5361376 44.3373061 2033.52 138.900
ORBR/31 36.5261002 44.3480988 2079.00 318.900
ORKK/13 35.4789009 44.3344994 1033.00 133.300
ORKK/31 35.4604988 44.3585014 1059.00 313.300
ORKK/14 35.4789009 44.3436012 1050.00 145.300
ORKK/32 35.4595985 44.3599014 1061.00 325.300
ORMM/14 30.5622005 47.6484985 10.00 137.900
ORMM/32 30.5354996 47.6763000 10.00 317.900
ORNI/10 31.9931259 44.3889618 103.00 97.000
ORNI/28 31.9865665 44.4196472 103.00 277.000
ORQW/15 35.7802010 43.1130981 747.00 152.500
ORQW/33 35.7522011 43.1310005 746.00 332.500
ORSH/14R 34.6792984 43.5259018 450.00 142.500
ORSH/32L 34.6570015 43.5466003 432.00 322.500
ORSU/13 35.5716019 45.3004990 2492.00 132.900
ORSU/31 35.5500984 45.3288002 2440.00 312.900
ORTF/13 36.2932014 42.3919983 996.00 138.500
ORTF/31 36.2729988 42.4141006 971.00 318.500
ORTI/16 33.5312996 44.2536011 121.00 160.700
ORTI/34 33.5163994 44.2598991 121.00 340.700
ORTL/12L 30.9447002 46.0759010 19.00 118.400
ORTL/30R 30.9304008 46.1066017 20.00 298.400
ORTL/12R 30.9400997 46.0747986 19.00 118.500
ORTL/30L 30.9270992 46.1027985 19.00 298.500
ORUB/11L 32.4882011 45.7405014 68.00 109.000
ORUB/29R 32.4793015 45.7718010 61.00 289.000
ORUB/11R 32.4855995 45.7400017 67.00 108.600
ORUB/29L 32.4764481 45.7722063 61.62 288.600
OS67/06 33.4711990 36.2104988 2407.00 60.000
OS67/24 33.4837990 36.2363014 2346.00 240.000
OSAP/09 36.1823006 37.2084007 1276.00 97.300
OSAP/27 36.1790009 37.2402992 1257.00 277.300
OSDI/05R 33.3849983 36.4961014 2020.00 48.000
OSDI/23L 33.4062996 36.5247002 2002.00 228.000
OSKL/03 37.0079002 41.1786003 1379.00 39.000
OSKL/21 37.0332985 41.2042007 1482.00 219.000
OSLK/17 35.4138985 35.9474983 157.00 177.000
OSLK/35 35.3903136 35.9492980 129.86 357.000
OSPR/08 34.5559998 38.3013000 1322.00 83.000
OSPR/26 34.5587006 38.3325005 1270.00 263.000
OTBD/15 25.2739381 51.5592688 33.36 158.200
OTBD/33 25.2418995 51.5735016 25.00 338.200
OTBH/16 25.1329994 51.3079987 130.00 158.000
OTBH/34 25.1016006 51.3218994 125.00 338.000
OTBK/14 25.6350994 51.5015984 10.00 140.100
OTBK/32 25.6240005 51.5117989 10.00 320.100
OTHH/16L 25.2961006 51.6087990 12.00 156.000
OTHH/34R 25.2553997 51.6268005 12.00 336.000
OTHH/16R 25.2910004 51.5896988 12.00 156.000
OTHH/34L 25.2553005 51.6054001 12.00 336.000
OYAA/08 12.8263998 45.0148010 7.00 77.000
OYAA/26 12.8326998 45.0428009 7.00 257.000
OYAT/13 14.5604000 46.8167992 3682.00 135.100
OYAT/31 14.5418997 46.8358002 3735.00 315.100
OYGD/08 16.1914997 52.1607018 134.00 81.900
OYGD/26 16.1949005 52.1857986 120.00 262.000
OYRN/06 14.6563000 49.3627010 49.00 62.000
OYRN/24 14.6690000 49.3872990 46.00 242.000
OYSN/18 15.4910002 44.2196007 7165.00 179.600
OYSN/36 15.4615002 44.2197990 7216.00 359.600
OYSQ/03 12.6174002 53.8988991 146.00 26.000
OYSQ/21 12.6438999 53.9123001 30.00 206.000
OYSY/07 15.9610996 48.7752991 2097.00 68.500
OYSY/25 15.9709997 48.8013992 2087.00 248.500
OYTZ/01 13.6723003 44.1371994 4709.00 8.000
OYTZ/19 13.6997004 44.1408997 4838.00 188.000
P37/14 40.7373009 -79.5991974 1105.00 135.000
P37/32 40.7318001 -79.5921021 1105.00 315.000
PAAD/05 70.1337400 -146.3089900 56.00 71.000
PAAD/23 70.1382600 -146.2710700 48.00 251.000
PAAK/16 52.2265015 -174.2089996 56.00 165.000
PAAK/34 52.2145996 -174.2039948 46.00 345.000
PAAQ/09 61.5950012 -149.1009979 230.00 113.000
PAAQ/27 61.5910988 -149.0820007 220.00 293.000
PAAQ/16 61.6026295 -149.0870056 237.92 180.000
PAAQ/34 61.5876007 -149.0870056 215.00 0.000
PAAT/02 52.8208008 173.1759949 26.00 18.000
PAAT/20 52.8358993 173.1840057 40.00 198.000
PABA/07 70.1343002 -143.6009979 2.00 93.000
PABE/01L 60.7718010 -161.8439941 125.00 23.000
PABE/19R 60.7877998 -161.8289948 100.00 203.000
PABE/01R 60.7709999 -161.8399963 117.00 23.000
PABE/19L 60.7809982 -161.8309937 112.00 203.000
PABE/12 60.7812996 -161.8480072 123.00 128.000
PABE/30 60.7780991 -161.8399963 124.00 308.000
PABI/01 63.9864006 -145.7350006 1291.00 30.000
PABI/19 64.0076981 -145.7070007 1225.00 210.000
PABI/07 63.9915009 -145.7330017 1272.00 92.000
PABI/25 63.9910011 -145.7039948 1262.00 272.000
PABI/10 63.9996986 -145.7350006 1254.00 125.000
PABI/28 63.9902000 -145.7039948 1262.00 305.000
PABL/11 65.9839020 -161.1580048 29.00 122.000
PABL/29 65.9793015 -161.1399994 31.00 302.000
PABR/08 71.2848663 -156.7987823 49.00 90.000
PABR/26 71.2848816 -156.7383728 37.00 270.000
PABT/01 66.9078979 -151.5390015 631.00 32.300
PABT/19 66.9198990 -151.5189972 643.00 212.300
PABV/02L 61.4118000 -149.5160060 96.00 39.000
PABV/20R 61.4202000 -149.5019990 81.00 219.000
PACD/08 55.1990010 -162.7270050 93.00 95.000
PACD/26 55.1978000 -162.7030030 96.00 275.000
PACD/15 55.2224010 -162.7380070 69.00 158.000
PACD/33 55.1959000 -162.7200010 89.00 338.000
PACI/04 66.6418000 -143.7510070 524.00 53.000
PACI/22 66.6483000 -143.7290040 544.00 233.000
PACL/01 64.2966995 -149.1269989 552.00 34.000
PACL/19 64.3058014 -149.1130066 536.00 214.000
PACM/11 61.8461990 -165.5820010 14.00 113.000
PACM/29 61.8428990 -165.5659940 14.00 293.000
PACV/09 60.4967003 -145.4969940 36.00 114.200
PACV/27 60.4883003 -145.4589996 37.00 294.200
PACV/16 60.4915009 -145.4770050 46.00 180.700
PACV/34 60.4863014 -145.4770050 35.00 0.700
PACX/02 67.2475970 -150.2109990 1030.00 32.000
PACX/20 67.2567980 -150.1959990 1042.00 212.000
PACZ/02 61.7757990 -166.0460050 367.00 37.000
PACZ/20 61.7844010 -166.0319980 457.00 217.000
PADE/03 66.0652010 -162.7740020 14.00 38.000
PADE/21 66.0723040 -162.7599950 11.00 218.000
PADE/12 66.0717010 -162.7740020 21.00 127.000
PADE/30 66.0673980 -162.7599950 12.00 307.000
PADG/03 68.0255966 -162.9140015 967.00 42.000
PADG/21 68.0385971 -162.8840027 969.00 222.000
PADK/05 51.8782997 -176.6580048 17.00 61.000
PADK/23 51.8888016 -176.6269989 15.00 241.000
PADL/01 59.0368004 -158.5130005 68.00 26.500
PADL/19 59.0525017 -158.4980011 58.00 206.500
PADM/07 61.8638001 -162.0350037 70.00 85.000
PADM/25 61.8646011 -162.0169983 103.00 265.000
PADQ/01 57.7402990 -152.4929960 36.00 22.000
PADQ/19 57.7528990 -152.4830020 22.00 202.000
PADQ/08 57.7520929 -152.5132006 60.06 92.000
PADQ/26 57.7514990 -152.4799960 15.00 272.000
PADQ/11 57.7541760 -152.5001936 31.43 127.000
PADQ/29 57.7459984 -152.4799957 25.00 307.000
PADU/13 53.9027038 -166.5506718 21.80 136.000
PADU/31 53.8955012 -166.5393274 13.20 316.000
PADY/01 59.9584010 -162.8829960 30.00 21.000
PADY/19 59.9632000 -162.8789980 25.00 201.000
PAED/06 61.2486000 -149.8439941 174.00 80.000
PAED/24 61.2533989 -149.7879944 201.00 260.000
PAED/17 61.2621000 -149.7929990 212.00 180.000
PAED/35 61.2415010 -149.7929990 185.00 0.000
PAEE/17 60.2181015 -162.0420074 11.00 189.000
PAEE/35 60.2093010 -162.0449982 10.00 9.000
PAEH/15 58.6516000 -162.0659940 226.00 162.000
PAEH/33 58.6413000 -162.0599980 531.00 342.000
PAEI/14 64.6841965 -147.1179962 534.00 159.000
PAEI/32 64.6471024 -147.0850067 547.00 339.000
PAEM/16 62.7924004 -164.4920044 6.00 176.700
PAEM/34 62.7798996 -164.4900055 6.00 356.700
PAEN/02L 60.5630990 -151.2579960 89.00 31.000
PAEN/20R 60.5808980 -151.2370000 97.00 211.000
PAEW/12 60.8133110 -164.5065450 344.00 130.000
PAEW/30 60.8074830 -164.4924080 335.00 310.000
PAFA/02 64.8161011 -147.8470001 433.00 38.000
PAFA/20 64.8223038 -147.8350067 434.00 218.000
PAFA/02L 64.8025970 -147.8860016 431.00 38.000
PAFA/20R 64.8280029 -147.8390045 434.00 218.000
PAFA/02R 64.8002014 -147.8760071 433.00 38.000
PAFA/20L 64.8142014 -147.8500061 433.00 218.000
PAFB/07 64.8374023 -147.6419983 448.00 89.000
PAFB/25 64.8377991 -147.5870056 454.00 269.000
PAFE/11 56.9649010 -133.9179993 150.00 130.000
PAFE/29 56.9579010 -133.9029999 172.00 310.000
PAFM/01 67.1010970 -157.8589940 249.00 23.000
PAFM/19 67.1087040 -157.8509980 268.00 203.000
PAFM/10 67.1092990 -157.8679960 334.00 112.000
PAFM/28 67.1067960 -157.8520050 310.00 292.000
PAFS/04 63.0161018 -154.3690033 441.00 63.000
PAFS/22 63.0209999 -154.3480072 441.00 243.000
PAGA/06 64.7366028 -156.9479980 146.00 90.000
PAGA/24 64.7366028 -156.9299927 148.00 270.000
PAGA/08 64.7359009 -156.9561149 147.50 90.000
PAGA/26 64.7360990 -156.9140010 152.00 270.000
PAGB/13 68.4859009 -149.4989929 2663.00 152.000
PAGB/31 68.4733963 -149.4810028 2655.00 332.000
PAGG/15 59.8797989 -163.1699982 13.00 165.000
PAGG/33 59.8731995 -163.1670074 18.00 345.000
PAGH/09 66.8905029 -157.1750031 166.00 117.000
PAGH/27 66.8855972 -157.1499939 197.00 297.000
PAGK/15 62.1617012 -145.4570007 1586.00 171.000
PAGK/33 62.1482010 -145.4519958 1546.00 351.000
PAGL/03 64.5459980 -163.0149990 59.00 36.000
PAGL/21 64.5549010 -163.0000000 37.00 216.000
PAGM/16 63.7727013 -171.7350006 27.00 172.000
PAGM/34 63.7605019 -171.7310028 26.00 352.000
PAGQ/07 61.5350980 -149.8209990 155.00 90.000
PAGQ/25 61.5350980 -149.8070070 151.00 270.000
PAGS/02 58.4201012 -135.7180023 28.00 41.000
PAGS/20 58.4263000 -135.7079926 30.00 221.000
PAGS/11 58.4327011 -135.7169952 34.00 135.000
PAGS/29 58.4197006 -135.6920013 26.00 315.000
PAGT/03 60.4658300 -164.7097600 7.00 40.000
PAGT/21 60.4725130 -164.6979980 6.00 220.000
PAGY/02 59.4566002 -135.3220062 19.00 44.000
PAGY/20 59.4636002 -135.3090057 44.00 224.000
PAGZ/17 65.4074020 -161.2810059 1312.00 181.000
PAGZ/35 65.3967972 -161.2819977 1233.00 1.000
PAHC/02 62.1836010 -159.7810060 68.00 31.000
PAHC/20 62.1930010 -159.7689970 70.00 211.000
PAHL/03 65.6943970 -156.3619995 208.00 51.100
PAHL/21 65.7013016 -156.3410034 202.00 231.100
PAHN/08 59.2457008 -135.5339966 15.00 110.000
PAHN/26 59.2428388 -135.5190444 12.75 290.000
PAHO/04 59.6403008 -151.4909973 64.00 55.000
PAHO/22 59.6507988 -151.4620056 68.00 235.000
PAHP/13 61.5276985 -166.1519928 4.00 148.600
PAHP/31 61.5200005 -166.1419983 4.00 328.600
PAHU/17 66.0436020 -154.2619934 299.00 193.000
PAHU/35 66.0345993 -154.2669983 297.00 13.000
PAHX/16 62.6969986 -159.5690002 78.00 179.000
PAHX/34 62.6876984 -159.5690002 78.00 359.000
PAIG/05 59.3227997 -155.9089966 90.00 72.000
PAIG/23 59.3252983 -155.8939972 73.00 252.000
PAII/03 58.1842995 -157.3750000 80.00 49.700
PAII/21 58.1869011 -157.3690033 79.00 229.700
PAII/12 58.1912994 -157.3860016 81.00 140.000
PAII/30 58.1795998 -157.3670044 92.00 320.000
PAIK/07 66.9753040 -160.4479980 166.00 82.000
PAIK/25 66.9766010 -160.4250030 141.00 262.000
PAIL/08 59.7519000 -154.9239960 186.00 92.000
PAIL/26 59.7513010 -154.8970030 167.00 272.000
PAIL/18 59.7626000 -154.9100040 177.00 189.000
PAIL/36 59.7496990 -154.9140010 172.00 9.000
PAIM/07 65.9918980 -153.7169950 1220.00 83.000
PAIM/25 65.9933010 -153.6900020 1036.00 263.000
PAIW/18 65.6279983 -168.0930023 18.00 189.000
PAIW/36 65.6172028 -168.0970001 17.00 9.000
PAJN/08 58.3578990 -134.5980070 21.00 105.000
PAJN/26 58.3520010 -134.5549930 20.00 285.000
PAJZ/09 59.7277985 -157.2669983 235.00 106.000
PAJZ/27 59.7254982 -157.2519989 269.00 286.000
PAKH/04 56.9365997 -154.1900024 44.00 62.000
PAKH/22 56.9406013 -154.1759949 39.00 242.000
PAKI/17 59.9357990 -164.0319980 10.00 166.000
PAKI/35 59.9300990 -164.0290070 8.00 346.000
PAKK/01 64.9357986 -161.1580048 152.00 24.000
PAKK/19 64.9432983 -161.1499939 145.00 204.000
PAKN/12 58.6838989 -156.6649933 60.00 132.000
PAKN/30 58.6677017 -156.6300049 73.00 312.000
PAKN/18 58.6833000 -156.6490021 50.00 196.300
PAKN/36 58.6726990 -156.6549988 44.00 16.300
PAKO/08 52.9416008 -168.8569946 46.00 90.000
PAKO/26 52.9415016 -168.8410034 75.00 270.000
PAKP/02 68.1285019 -151.7539978 2048.00 38.000
PAKP/20 68.1387024 -151.7319946 2102.00 218.000
PAKT/11 55.3614006 -131.7239990 82.00 136.000
PAKT/29 55.3466988 -131.6990051 89.00 316.000
PAKV/03 64.3152008 -158.7500000 177.00 47.000
PAKV/21 64.3227005 -158.7319946 177.00 227.000
PAKW/02 55.5736008 -133.0829926 39.00 35.000
PAKW/20 55.5848007 -133.0690002 80.00 215.000
PALG/07 61.5355990 -160.3500060 52.00 81.000
PALG/25 61.5369000 -160.3320010 55.00 261.000
PALU/09 68.8764040 -166.1289980 15.00 101.000
PALU/27 68.8739010 -166.0910030 16.00 281.000
PAMB/03 58.9286003 -158.9080048 74.00 40.000
PAMB/21 58.9355011 -158.8959961 100.00 220.000
PAMC/05 62.9570007 -155.6190033 341.00 68.000
PAMC/23 62.9589005 -155.6080017 341.00 248.000
PAMC/16 62.9592018 -155.6049957 336.00 179.000
PAMC/34 62.9430008 -155.6049957 334.00 359.000
PAMD/02 59.4465165 -146.3099279 100.00 34.000
PAMD/20 59.4513016 -146.3029938 100.00 214.000
PAMD/13 59.4562988 -146.3070068 99.00 149.000
PAMD/31 59.4527016 -146.3029938 97.00 329.000
PAMH/03 63.8819008 -152.3110046 669.00 45.000
PAMH/21 63.8900986 -152.2929993 676.00 225.000
PAMK/02 63.4855003 -162.1170044 91.00 32.000
PAMK/20 63.4945984 -162.1040039 58.00 212.000
PAMO/02 62.0908012 -163.6880035 297.00 32.000
PAMO/20 62.0988007 -163.6770020 337.00 212.000
PAMR/04 61.2097015 -149.8450012 130.00 66.100
PAMR/22 61.2118988 -149.8350067 136.00 246.100
PAMR/08 61.2159000 -149.8529970 124.00 90.000
PAMR/26 61.2159000 -149.8309940 137.00 270.000
PAMR/17 61.2156980 -149.8529970 124.00 180.000
PAMR/35 61.2085000 -149.8529970 117.00 0.000
PAMY/05 60.3698006 -166.2779999 48.00 67.000
PAMY/23 60.3731003 -166.2630005 48.00 247.000
PANA/16 60.6948013 -161.9790039 16.00 175.000
PANA/34 60.6859016 -161.9779968 16.00 355.000
PANC/07L 61.1697650 -150.0083330 128.00 90.000
PANC/25R 61.1698110 -149.9483010 92.00 270.000
PANC/07R 61.1678120 -150.0428710 132.00 90.000
PANC/25L 61.1678810 -149.9726490 101.00 270.000
PANC/15 61.1992015 -150.0142365 151.45 165.000
PANC/33 61.1725380 -149.9993003 123.56 345.000
PANI/11 61.5858002 -159.5579987 97.00 121.000
PANI/29 61.5773010 -159.5279999 97.00 301.000
PANN/04L 64.5456009 -149.0870056 368.00 59.000
PANN/22R 64.5521011 -149.0619965 364.00 239.000
PANN/04R 64.5455017 -149.0839996 365.00 59.000
PANN/22L 64.5491028 -149.0700073 365.00 239.000
PANO/02 59.9771996 -154.8439941 305.00 38.000
PANO/20 59.9832993 -154.8350067 314.00 218.000
PANT/12 55.0452995 -131.5820007 119.00 147.700
PANT/30 55.0279999 -131.5630035 85.00 327.800
PANU/03 64.7253040 -158.0829930 356.00 42.000
PANU/21 64.7333980 -158.0659940 399.00 222.000
PANV/17 62.6506996 -160.1900024 297.00 187.000
PANV/35 62.6427002 -160.1920013 309.00 7.000
PANW/14 59.4555016 -157.3769989 364.00 153.000
PANW/32 59.4474983 -157.3690033 321.00 333.000
PAOB/09 66.9139023 -156.9109955 135.00 106.000
PAOB/27 66.9107971 -156.8840027 132.00 286.000
PAOH/06 58.0951996 -135.4170074 15.00 78.000
PAOH/24 58.0970001 -135.4019928 19.00 258.000
PAOM/03 64.5072021 -165.4519958 12.00 41.700
PAOM/21 64.5186005 -165.4279938 36.00 221.700
PAOM/10 64.5142975 -165.4680023 16.00 109.700
PAOM/28 64.5087967 -165.4320068 21.00 289.700
PAOO/16 60.5457001 -165.0879974 59.00 176.900
PAOO/34 60.5368996 -165.0870056 37.00 356.900
PAOR/05 62.9594994 -141.9429932 1713.00 76.000
PAOR/23 62.9627991 -141.9129944 1713.00 256.000
PAOT/09 66.8893967 -162.6089935 13.00 102.000
PAOT/27 66.8861008 -162.5677948 14.00 282.000
PAOT/17 66.8851013 -162.6089935 8.00 194.000
PAOT/35 66.8748016 -162.6159973 8.00 14.000
PAOU/08 56.0080990 -161.1699980 14.00 96.000
PAOU/26 56.0070000 -161.1510010 10.00 276.000
PAPB/11 56.5806010 -169.6750030 125.00 118.000
PAPB/29 56.5741000 -169.6530000 119.00 298.000
PAPE/02 55.9029999 -159.1649933 24.00 35.000
PAPE/20 55.9104004 -159.1560059 27.00 215.000
PAPG/05 56.7989006 -132.9589996 105.00 70.700
PAPG/23 56.8044014 -132.9309998 101.00 250.700
PAPH/05 56.9569016 -158.6340027 90.00 70.000
PAPH/23 56.9614983 -158.6109924 95.00 250.000
PAPH/13 56.9636002 -158.6519928 76.00 147.000
PAPH/31 56.9543991 -158.6419983 83.00 327.000
PAPK/02 60.6994019 -161.7830048 13.00 31.000
PAPK/20 60.7064018 -161.7740021 13.00 211.000
PAPM/14 59.0155980 -161.8229980 11.00 154.000
PAPM/32 59.0074010 -161.8159940 11.00 334.000
PAPN/07 57.5803986 -157.5800018 36.00 90.000
PAPN/25 57.5803986 -157.5639954 57.00 270.000
PAPO/03 68.3438030 -166.8049930 7.00 22.000
PAPO/21 68.3538970 -166.7940060 12.00 202.000
PAPR/01 66.8082962 -150.6529999 1091.00 32.000
PAPR/19 66.8198013 -150.6340027 1088.00 212.000
PAQH/12 59.7588997 -161.8529968 38.00 134.000
PAQH/30 59.7513008 -161.8379974 38.00 314.000
PAQT/04 70.2079010 -151.0220032 38.00 70.000
PAQT/22 70.2119980 -150.9889984 38.00 250.000
PARC/02 68.1102982 -145.5910034 2077.00 45.000
PARC/20 68.1190033 -145.5679932 2092.00 225.000
PARS/17 61.7798004 -161.3179932 51.00 188.000
PARS/35 61.7700005 -161.3209991 51.00 8.000
PARY/03 64.7238007 -155.4799957 643.00 51.000
PARY/21 64.7306976 -155.4600067 653.00 231.000
PASA/05 63.6828003 -170.5079956 52.00 60.000
PASA/23 63.6889000 -170.4850006 50.00 240.000
PASC/05 70.1924973 -148.4900055 64.00 75.000
PASC/23 70.1970978 -148.4400024 58.00 255.000
PASD/13 55.3196983 -160.5279999 21.00 149.000
PASD/31 55.3103981 -160.5180054 21.00 329.000
PASH/05 66.2464981 -166.1049957 11.00 63.000
PASH/23 66.2526016 -166.0740051 12.00 243.000
PASI/11 57.0535010 -135.3730010 19.00 136.000
PASI/29 57.0407980 -135.3500060 21.00 316.000
PASK/04 66.5972977 -159.9920044 17.00 53.000
PASK/22 66.6022034 -159.9759979 10.00 233.000
PASK/09 66.6016006 -159.9969940 9.00 106.300
PASK/27 66.5995026 -159.9790039 3.00 286.300
PASL/14 61.7046013 -157.1679993 190.00 167.000
PASL/32 61.6963997 -157.1640015 190.00 347.000
PASM/07 62.0531010 -163.3119970 315.00 77.000
PASM/25 62.0541990 -163.3009950 310.00 257.000
PASM/17 62.0709000 -163.3000030 292.00 182.000
PASM/35 62.0545010 -163.3009950 312.00 2.000
PASN/18 57.1761017 -170.2180023 63.00 190.000
PASN/36 57.1585999 -170.2230072 36.00 10.000
PASV/17 61.1030010 -155.5740050 1573.00 182.000
PASV/35 61.0918010 -155.5749970 1383.00 2.000
PASX/07 60.4749985 -151.0520020 96.00 90.000
PASX/25 60.4749985 -151.0240021 113.00 270.000
PASY/10 52.7162018 174.0919952 98.00 107.000
PASY/28 52.7081985 174.1349945 87.00 287.000
PATA/07 65.1743012 -152.1219940 223.00 89.000
PATA/25 65.1744995 -152.0939941 236.00 269.000
PATC/17 65.5703960 -167.9239960 256.00 175.000
PATC/35 65.5576020 -167.9210050 240.00 355.000
PATE/08 65.2403030 -166.3489990 277.00 89.000
PATE/26 65.2404020 -166.3300020 294.00 269.000
PATG/03 59.0489006 -160.4049988 21.00 46.000
PATG/21 59.0569000 -160.3890076 21.00 226.000
PATK/19 62.3256060 -150.0880580 346.00 27.000
PATQ/07 70.4662020 -157.4530030 96.00 81.000
PATQ/25 70.4680020 -157.4179990 94.00 261.000
PAUM/06 69.3702011 -152.1560059 264.00 83.000
PAUM/24 69.3721008 -152.1139984 265.00 263.000
PAUN/09 63.8834991 -160.7989960 16.00 98.000
PAUN/27 63.8827019 -160.7870026 9.00 278.000
PAUN/15 63.8979988 -160.8059998 21.00 164.000
PAUN/33 63.8821983 -160.7960052 16.00 344.000
PAUO/13 61.7598000 -150.0570068 221.00 154.000
PAUO/31 61.7490997 -150.0460052 221.00 334.000
PAUT/09 54.1455420 -165.6144870 113.00 99.000
PAUT/27 54.1436770 -165.5937350 129.00 279.000
PAVA/02 61.5372009 -165.6060028 35.00 33.000
PAVA/20 61.5444984 -165.5959930 47.00 213.000
PAVC/08 55.1161990 -162.2749940 153.00 88.000
PAVC/26 55.1165010 -162.2579960 150.00 268.000
PAVD/06 61.1325989 -146.2669983 39.00 81.000
PAVD/24 61.1352997 -146.2299957 118.00 261.000
PAVE/04 67.0061035 -146.3789978 571.00 62.000
PAVE/22 67.0112000 -146.3540039 573.00 242.000
PAVL/12 67.7391968 -164.5709991 11.00 137.000
PAVL/30 67.7331009 -164.5559998 13.00 317.000
PAWB/05 66.3606033 -147.4190063 358.00 73.000
PAWB/23 66.3638000 -147.3939972 359.00 253.000
PAWD/13 60.1374016 -149.4270020 22.00 143.700
PAWD/31 60.1281014 -149.4129944 22.00 323.700
PAWG/10 56.4886017 -132.3829956 27.00 121.400
PAWG/28 56.4799995 -132.3569946 44.00 301.400
PAWI/05 70.6356964 -160.0119934 37.00 67.000
PAWI/23 70.6404037 -159.9779968 36.00 247.000
PAWM/15 64.6931000 -163.4149933 222.00 164.000
PAWM/33 64.6852036 -163.4100037 267.00 344.000
PAWN/01 67.5559998 -162.9859924 80.00 22.000
PAWN/19 67.5661011 -162.9750061 88.00 202.000
PAWS/04 61.5688020 -149.5489960 336.00 56.000
PAWS/22 61.5745010 -149.5310060 354.00 236.000
PAYA/02 59.4962997 -139.6849976 18.00 45.000
PAYA/20 59.5088005 -139.6600037 30.00 225.000
PAYA/11 59.5115013 -139.6649933 32.00 135.000
PAYA/29 59.4964981 -139.6349945 19.00 315.000
PE-0035/03 -11.9327002 -77.0633011 410.00 29.000
PE-0035/21 -11.9247999 -77.0588989 410.00 209.000
PFAK/03 60.8998985 -161.2369995 30.00 47.000
PFAK/21 60.9058991 -161.2239990 30.00 227.000
PFAL/05 66.5503006 -152.6349945 438.00 73.000
PFAL/23 66.5533981 -152.6089935 441.00 253.000
PFKK/07 59.4325980 -154.8110050 109.00 81.000
PFKK/25 59.4339980 -154.7940060 111.00 261.000
PFKO/02 63.0255012 -163.5399933 8.00 32.000
PFKO/20 63.0357018 -163.5249939 9.00 212.000
PFKT/04 65.3302994 -166.4730072 34.00 55.000
PFKT/22 65.3337021 -166.4620056 38.00 235.000
PFKT/11 65.3335037 -166.4720001 37.00 130.000
PFKT/29 65.3282013 -166.4570007 35.00 310.000
PFKU/07 64.8748020 -157.7429960 149.00 78.000
PFKU/25 64.8769000 -157.7180020 149.00 258.000
PFNO/06 66.8161011 -161.0359955 43.00 75.000
PFNO/24 66.8189011 -161.0090027 53.00 255.000
PFTO/07 63.3301010 -142.9609985 1639.00 99.000
PFTO/25 63.3289986 -142.9459991 1639.00 279.000
PFYU/04 66.5675964 -145.2680054 431.00 60.000
PFYU/22 66.5754013 -145.2330017 433.00 240.000
PG-0094/16 -6.0492480 142.8735770 5047.00 162.000
PGRO/09 14.1745996 145.2339935 591.00 92.000
PGRO/27 14.1740999 145.2510071 607.00 272.000
PGSN/07 15.1145000 145.7180023 215.00 68.000
PGSN/25 15.1234999 145.7409973 210.00 248.000
PGUA/06L 13.5803003 144.9160004 540.00 66.000
PGUA/24R 13.5922003 144.9429932 618.00 246.000
PGUA/06R 13.5753002 144.9160004 558.00 66.000
PGUA/24L 13.5879002 144.9450073 608.00 246.000
PGUM/06L 13.4789000 144.7839966 239.00 65.000
PGUM/24R 13.4905996 144.8099976 297.00 245.000
PGUM/06R 13.4771996 144.7850037 231.00 65.000
PGUM/24L 13.4864998 144.8049927 284.00 245.000
PGWT/08 14.9969997 145.6069946 237.00 79.000
PGWT/26 15.0014000 145.6309967 270.00 259.000
PH-0096/12 15.7843978 119.7886811 30.00 125.000
PH-0096/30 15.7794922 119.7968750 30.00 305.000
PH-0107/08 15.2500476 120.6702780 100.00 80.000
PH-0107/26 15.2549525 120.6799189 100.00 260.000
PH-0679/06 9.8063498 125.5879974 10.00 60.000
PH-0679/24 9.8121700 125.5979996 10.00 240.000
PH-0681/06 13.1528977 123.7274594 63.80 57.000
PH-0681/24 13.1616446 123.7414012 24.39 237.000
PH-0687/08 15.2541928 120.6775635 95.00 82.000
PH-0687/26 15.2550858 120.6805350 95.00 262.000
PHBK/16 22.0308990 -159.7870026 23.00 170.000
PHBK/34 22.0146007 -159.7839966 21.00 350.000
PHDH/08 21.5796050 -158.2051246 15.00 91.000
PHDH/26 21.5793953 -158.1898856 15.00 271.000
PHHF/06 23.8628006 -166.2890015 6.00 72.000
PHHF/24 23.8652992 -166.2799988 6.00 252.000
PHHI/06 21.4811248 -158.0454135 836.00 67.000
PHHI/24 21.4864998 -158.0319977 836.00 247.000
PHHN/08 20.7956009 -156.0200043 78.00 90.000
PHHN/26 20.7956009 -156.0090027 53.00 270.000
PHJH/02 20.9592991 -156.6750031 241.00 28.000
PHJH/20 20.9666004 -156.6710052 256.00 208.000
PHJR/04L 21.3068008 -158.0720062 13.00 55.000
PHJR/22R 21.3139000 -158.0610046 29.00 235.000
PHJR/04R 21.2999001 -158.0789948 11.00 55.000
PHJR/22L 21.3125000 -158.0599976 27.00 235.000
PHJR/11 21.3104992 -158.0809937 30.00 118.000
PHJR/29 21.3027000 -158.0659943 9.00 298.000
PHKO/17 19.7539005 -156.0440063 47.00 185.000
PHKO/35 19.7236996 -156.0469971 37.00 5.000
PHLI/03 21.9729004 -159.3489990 153.00 45.000
PHLI/21 21.9852022 -159.3354352 85.21 225.000
PHLI/17 21.9817009 -159.3359985 92.00 180.000
PHLI/35 21.9638004 -159.3359985 92.00 0.000
PHLU/05 21.2092991 -156.9770050 24.00 61.000
PHLU/23 21.2127991 -156.9700012 23.00 241.000
PHMK/05 21.1495991 -157.1009979 437.00 60.000
PHMK/23 21.1548879 -157.0915058 443.94 240.000
PHMK/17 21.1563316 -157.0980072 440.36 180.000
PHMK/35 21.1488991 -157.0980072 430.00 0.000
PHMU/04 19.9969006 -155.6739960 2662.00 52.000
PHMU/22 20.0056992 -155.6620026 2671.00 232.000
PHNG/04 21.4438000 -157.7769928 6.00 52.000
PHNG/22 21.4570999 -157.7590027 17.00 232.000
PHNL/04L 21.3183003 -157.9230042 10.00 53.000
PHNL/22R 21.3297997 -157.9069977 10.00 233.000
PHNL/04R 21.3139000 -157.9270020 9.00 53.000
PHNL/22L 21.3288002 -157.9060059 9.00 233.000
PHNL/08L 21.3251991 -157.9429932 12.00 90.000
PHNL/26R 21.3251991 -157.9069977 9.00 270.000
PHNL/08R 21.3068008 -157.9459991 10.00 90.000
PHNL/26L 21.3068008 -157.9109955 10.00 270.000
PHNY/03 20.7807007 -156.9570007 1305.00 44.000
PHNY/21 20.7905998 -156.9459991 1308.00 224.000
PHOG/02 20.8890991 -156.4360046 54.00 35.000
PHOG/20 20.9048996 -156.4250031 12.00 215.000
PHOG/05 20.8980007 -156.4369965 20.00 56.000
PHOG/23 20.9037991 -156.4239960 16.00 236.000
PHSF/09 19.7609997 -155.5590057 6081.00 101.000
PHSF/27 19.7591000 -155.5480042 6190.00 281.000
PHTO/03 19.7132216 -155.0613298 33.44 41.000
PHTO/21 19.7241993 -155.0520020 25.00 221.000
PHTO/08 19.7213993 -155.0579987 27.00 90.000
PHTO/26 19.7213993 -155.0290070 37.00 270.000
PHUP/07 20.2639999 -155.8650055 90.00 76.000
PHUP/25 20.2665005 -155.8549957 77.00 256.000
PK-REQ/18 29.0542183 62.1960258 2796.00 175.000
PK-REQ/36 29.0393639 62.1976204 2766.00 355.000
PKMA/06 11.3358002 162.3179932 9.00 62.000
PKMA/24 11.3456001 162.3370056 12.00 242.000
PKMJ/07 7.0621600 171.2610016 6.00 76.000
PKMJ/25 7.0673599 171.2830048 6.00 256.000
PKRO/04 9.3927698 167.4660034 14.00 48.000
PKRO/22 9.4010000 167.4759979 9.00 228.000
PKWA/06 8.7173996 167.7230072 9.00 73.000
PKWA/24 8.7228403 167.7400055 9.00 253.000
PL-0002/07 54.1991670 15.6775000 23.00 75.000
PL-0002/25 54.2011110 15.6908330 17.00 255.000
PL-0264/09 54.4783292 17.0936652 216.37 89.000
PL-0264/27 54.4794006 17.1243992 210.00 269.000
PL-0265/08 51.1814995 16.1671009 405.00 80.000
PL-0265/26 51.1839981 16.1893997 407.00 260.000
PLCH/08 1.9863300 -157.3589935 5.00 90.000
PLCH/26 1.9863200 -157.3410034 5.00 270.000
PMDY/06 28.1975002 -177.3930054 13.00 69.000
PMDY/24 28.2054005 -177.3699951 7.00 249.000
PPIZ/05 69.7303009 -163.0240021 24.00 69.000
PPIZ/23 69.7338028 -162.9980011 15.00 249.000
PR27/10 17.9633999 -66.3968964 31.00 91.800
PR27/28 17.9631004 -66.3855972 23.00 271.800
PT-0157/06 40.2622632 -7.4836140 1568.25 48.000
PT-0157/24 40.2673389 -7.4762959 1571.75 228.000
PTKK/04 7.4561400 151.8370056 10.00 46.000
PTKK/22 7.4676399 151.8489990 10.00 226.000
PTPN/09 6.9851360 158.2007140 8.00 90.000
PTPN/27 6.9850500 158.2189180 8.00 270.000
PTRO/09 7.3678899 134.5339966 176.00 91.000
PTRO/27 7.3674102 134.5540009 171.00 271.000
PTSA/05 5.3524699 162.9519958 10.00 56.000
PTSA/23 5.3613801 162.9649963 11.00 236.000
PTYA/07 9.4963102 138.0749969 91.00 72.000
PTYA/25 9.5015097 138.0899963 89.00 252.000
PWAK/10 19.2849007 166.6219940 14.00 95.000
PWAK/28 19.2793007 166.6499939 12.00 275.000
QJP/04 37.8624992 127.1709976 328.00 35.800
QJP/22 37.8704987 127.1780014 328.00 215.800
RCAY/18L 22.7936001 120.2639999 34.00 181.000
RCAY/36R 22.7730999 120.2639999 33.00 1.000
RCBS/06 24.4236935 118.3502627 72.68 64.000
RCBS/24 24.4339010 118.3720020 50.00 244.000
RCDC/09 22.6720009 120.4499969 73.00 87.900
RCDC/27 22.6728001 120.4729996 78.00 267.900
RCFG/03 26.1543695 119.9555331 220.77 26.200
RCFG/21 26.1652316 119.9614667 218.23 206.200
RCFN/04 22.7464008 121.0940018 143.00 38.800
RCFN/22 22.7635994 121.1090012 130.00 218.800
RCGI/17 22.6784000 121.4649963 28.00 164.400
RCGI/35 22.6693001 121.4680023 27.00 344.400
RCKH/09 22.5775528 120.3365568 20.51 91.900
RCKH/27 22.5767333 120.3606156 28.57 271.900
RCKU/18L 23.4673004 120.3949966 60.00 179.400
RCKU/36R 23.4526997 120.3949966 65.00 359.400
RCKU/18R 23.4767524 120.3899994 75.20 180.000
RCKU/36L 23.4504479 120.3909988 84.80 0.000
RCKW/14 22.0468006 120.7249985 30.00 139.000
RCKW/32 22.0352993 120.7360001 46.00 319.000
RCLY/13 22.0322339 121.5293381 42.92 130.200
RCLY/31 22.0253768 121.5377762 41.05 310.200
RCMQ/18 24.2814999 120.6200027 653.00 176.500
RCMQ/36 24.2485008 120.6220016 663.00 356.500
RCMT/03 26.2194996 120.0000000 38.00 27.100
RCMT/21 26.2287998 120.0049973 41.00 207.100
RCNN/18L 22.9643002 120.2070007 63.00 178.700
RCNN/36R 22.9367008 120.2080002 32.00 358.700
RCNN/18R 22.9640999 120.2040024 56.00 178.600
RCNN/36L 22.9365997 120.2040024 25.00 358.600
RCPO/05 24.8064003 120.9270020 17.00 44.800
RCPO/23 24.8297005 120.9520035 26.00 224.800
RCQC/02 23.5557995 119.6240005 103.00 18.200
RCQC/20 23.5814991 119.6330032 39.00 198.200
RCQS/04 22.7807999 121.1729965 41.00 34.600
RCQS/22 22.8054008 121.1910019 121.00 214.600
RCSQ/08 22.6977005 120.4710007 84.00 78.000
RCSQ/26 22.7022991 120.4940033 97.00 258.000
RCSS/10 25.0699005 121.5400009 13.00 92.000
RCSS/28 25.0690994 121.5660019 14.00 272.000
RCTP/05L 25.0729008 121.2160034 73.00 49.300
RCTP/23R 25.0944748 121.2433777 62.00 229.300
RCTP/05R 25.0614628 121.2242839 105.65 49.300
RCTP/23L 25.0812136 121.2493212 96.17 229.300
RCYU/03 24.0125999 121.6110001 45.00 26.000
RCYU/21 24.0347004 121.6230011 52.00 206.000
RCYU/03R 24.0126131 121.6138681 42.44 26.200
RCYU/21L 24.0325929 121.6245654 47.78 206.200
RDV/10 61.7914009 -157.3619995 173.00 121.000
RDV/28 61.7846985 -157.3379974 174.00 301.000
RJ04/07 42.0428716 140.7885917 63.00 58.400
RJ04/25 42.0471285 140.7974068 63.00 238.400
RJAA/16L 35.8022490 140.3803260 135.14 150.000
RJAA/34R 35.7862520 140.3916773 140.86 330.000
RJAA/16R 35.7743988 140.3679962 130.00 150.000
RJAA/34L 35.7491411 140.3868521 137.31 330.000
RJAF/18 36.1757011 137.9210052 2132.00 171.000
RJAF/36 36.1579018 137.9239960 2182.00 351.000
RJAH/03R 36.1696010 140.4100040 105.00 20.000
RJAH/21L 36.1925010 140.4210050 105.00 200.000
RJAW/07 24.7794991 141.3110046 359.00 68.100
RJAW/25 24.7884007 141.3350067 378.00 248.100
RJBB/06L 34.4285011 135.2061615 24.00 51.000
RJBB/24R 34.4513321 135.2400055 32.00 231.000
RJBB/06R 34.4174004 135.2290039 6.00 51.000
RJBB/24L 34.4371986 135.2590027 15.00 231.000
RJBD/15 33.6693001 135.3580017 298.00 141.000
RJBD/33 33.6553001 135.3710022 274.00 321.000
RJBE/09 34.6315994 135.2100067 27.00 84.600
RJBE/27 34.6338005 135.2369995 26.00 264.600
RJBH/04 34.3596001 132.4089966 15.00 28.700
RJBH/22 34.3739014 132.4190063 11.00 208.700
RJBK/09 34.5904384 133.9266492 -0.86 86.000
RJBK/27 34.5912633 133.9393481 1.86 266.000
RJBT/01 35.5074997 134.7870026 584.00 3.000
RJBT/19 35.5182991 134.7870026 573.00 183.000
RJCA/08 43.7932014 142.3600006 377.00 73.100
RJCA/26 43.7952995 142.3690033 377.00 253.200
RJCB/17 42.7440987 143.2120056 470.00 159.300
RJCB/35 42.7230988 143.2230072 505.00 339.300
RJCC/01L 42.7616000 141.6929930 62.00 353.000
RJCC/19R 42.7883990 141.6880040 82.00 173.000
RJCC/01R 42.7620010 141.6959990 57.00 353.000
RJCC/19L 42.7887990 141.6920010 77.00 173.000
RJCH/12 41.7743000 140.8049930 92.00 108.000
RJCH/30 41.7659990 140.8390050 151.00 288.000
RJCJ/18L 42.8020739 141.6675806 73.75 172.600
RJCJ/36R 42.7752991 141.6719971 85.00 352.600
RJCJ/18R 42.8106003 141.6620026 65.00 172.500
RJCJ/36L 42.7865982 141.6660004 87.00 352.500
RJCK/17 43.0514984 144.1869965 322.00 159.000
RJCK/35 43.0304985 144.1990051 290.00 339.000
RJCM/18 43.8917999 144.1629944 102.00 174.700
RJCM/36 43.8694000 144.1649933 135.00 354.700
RJCN/08 43.5745010 144.9479980 234.00 71.000
RJCN/26 43.5803986 144.9709930 212.00 251.000
RJCO/14 43.1206017 141.3739929 19.00 135.000
RJCO/32 43.1116982 141.3860016 25.00 315.000
RJCT/13 42.8941994 143.1510010 281.00 123.200
RJCT/31 42.8867989 143.1660004 256.00 303.200
RJCW/08 45.4009018 141.7890015 23.00 68.900
RJCW/26 45.4072990 141.8130035 30.00 249.000
RJDA/13 32.4850998 130.1540070 330.00 124.500
RJDA/31 32.4799004 130.1629944 330.00 304.500
RJDB/02 33.7437317 129.7851053 24.32 9.000
RJDB/20 33.7544677 129.7869010 50.68 189.000
RJDC/07 33.9247017 131.2669983 23.00 62.300
RJDC/25 33.9351997 131.2910004 22.00 242.300
RJDT/14 34.2910995 129.3229980 205.00 136.000
RJDT/32 34.2787018 129.3379974 182.00 316.000
RJEB/14 44.3098984 143.3950043 80.00 131.900
RJEB/32 44.2979012 143.4129944 72.00 311.900
RJEC/16 43.6808014 142.4409943 660.00 154.200
RJEC/34 43.6605988 142.4539948 721.00 334.200
RJEO/13 42.0750008 139.4250031 180.00 121.000
RJEO/31 42.0681992 139.4409943 141.00 301.000
RJER/07 45.2375984 141.1779938 98.00 57.000
RJER/25 45.2463989 141.1970062 112.00 237.000
RJFA/12 33.8858986 130.6459961 98.00 115.700
RJFA/30 33.8795013 130.6620026 98.00 295.700
RJFC/14 30.3901997 130.6540070 112.00 133.900
RJFC/32 30.3808994 130.6649933 124.00 313.900
RJFE/03 32.6581001 128.8280029 223.00 25.800
RJFE/21 32.6744003 128.8370056 273.00 205.800
RJFF/16L 33.5969010 130.4429930 15.00 150.000
RJFF/34R 33.5750010 130.4579930 32.00 330.000
RJFG/13 30.6100006 130.9819946 778.00 122.700
RJFG/31 30.6000996 131.0000000 758.00 302.700
RJFK/16 31.8150997 130.7109985 906.00 150.000
RJFK/34 31.7917004 130.7270050 859.00 330.000
RJFM/09 31.8761997 131.4349976 14.00 85.200
RJFM/27 31.8780994 131.4620056 20.00 265.200
RJFN/10 32.0862999 131.4380035 259.00 101.600
RJFN/28 32.0812988 131.4660034 259.00 281.600
RJFO/01 33.4659996 131.7369995 19.00 0.400
RJFO/19 33.4930000 131.7369995 17.00 180.400
RJFR/18 33.8566440 131.0327300 20.00 170.000
RJFR/36 33.8344650 131.0372620 23.00 350.000
RJFS/11 33.1511993 130.2920074 6.00 99.200
RJFS/29 33.1483002 130.3130035 6.00 279.200
RJFT/07 32.8315010 130.8410034 601.00 64.900
RJFT/25 32.8431015 130.8699951 642.00 244.900
RJFU/14 32.9269981 129.9029999 14.00 138.000
RJFU/32 32.9068985 129.9239960 15.00 318.000
RJFY/08L 31.3675995 130.8300018 214.00 79.400
RJFY/26R 31.3696003 130.8419952 214.00 259.400
RJFY/08R 31.3649006 130.8269958 214.00 79.400
RJFY/26L 31.3686008 130.8509979 214.00 259.400
RJFZ/07 33.6818008 131.0290070 55.00 70.000
RJFZ/25 33.6890984 131.0529938 55.00 250.000
RJGG/18 34.8739014 136.8020020 15.00 168.800
RJGG/36 34.8428993 136.8090057 15.00 348.800
RJKA/03 28.4225006 129.7079926 27.00 26.000
RJKA/21 28.4386997 129.7169952 14.00 206.000
RJKB/04 27.4258003 128.7010040 99.00 34.000
RJKB/22 27.4347992 128.7079926 79.00 214.000
RJKI/07 28.3186065 129.9215311 20.87 65.900
RJKI/25 28.3230923 129.9324728 18.13 245.900
RJKN/01 27.8274002 128.8800049 17.00 6.000
RJKN/19 27.8453999 128.8820038 14.00 186.000
RJNA/16 35.2663994 136.9170074 52.00 152.500
RJNA/34 35.2444992 136.9309998 50.00 332.500
RJNF/18 36.1482175 136.2230576 17.10 176.000
RJNF/36 36.1374843 136.2239486 18.90 356.000
RJNG/10 35.3945999 136.8549957 110.00 92.200
RJNG/28 35.3936005 136.8840027 143.00 272.200
RJNH/09 34.7504005 137.6889954 150.00 90.700
RJNH/27 34.7500992 137.7169952 150.00 270.700
RJNO/08 36.1749992 133.3130035 253.00 60.000
RJNO/26 36.1839981 133.3320007 272.00 240.000
RJNT/02 36.6397018 137.1849976 95.00 13.600
RJNT/20 36.6571999 137.1900024 63.00 193.600
RJNW/07 37.2896004 136.9519958 710.00 66.800
RJNW/25 37.2966995 136.9720001 702.00 246.800
RJNY/09 34.8123016 138.2899933 20.00 87.100
RJNY/27 34.8129997 138.3059998 20.00 267.100
RJOA/10 34.4360008 132.9029999 1072.00 90.000
RJOA/28 34.4360008 132.9360046 1067.00 270.000
RJOB/07 34.7500000 133.8410034 806.00 59.000
RJOB/25 34.7639008 133.8699951 804.00 239.000
RJOC/07 35.4090996 132.8800049 6.00 59.200
RJOC/25 35.4183006 132.8990021 15.00 239.200
RJOH/07 35.4874992 133.2259979 10.00 63.900
RJOH/25 35.4953995 133.2460022 20.00 243.900
RJOI/02 34.1339989 132.2448273 7.00 9.000
RJOI/20 34.1558304 132.2489929 4.00 189.000
RJOK/14 33.5532990 133.6589966 42.00 131.000
RJOK/32 33.5387001 133.6799927 18.00 311.000
RJOM/14 33.8345985 132.6889954 25.00 130.500
RJOM/32 33.8199005 132.7100067 17.00 310.500
RJOO/14L 34.7952995 135.4290009 50.00 135.000
RJOO/32R 34.7835999 135.4429932 34.00 315.000
RJOO/14R 34.7913017 135.4290009 46.00 135.000
RJOO/32L 34.7722015 135.4519958 31.00 315.000
RJOR/10 35.5306015 134.1540070 29.00 94.000
RJOR/28 35.5294991 134.1759949 65.00 274.000
RJOS/11 34.1347008 134.5959930 6.00 102.400
RJOS/29 34.1309013 134.6170044 26.00 282.400
RJOT/08 34.2107010 134.0030060 583.00 72.800
RJOT/26 34.2173996 134.0290070 586.00 252.900
RJOW/11 34.6786995 131.7799988 184.00 104.800
RJOW/29 34.6740990 131.8009949 171.00 284.800
RJOY/09 34.5956001 135.5890045 36.00 87.000
RJOY/27 34.5964012 135.6060028 38.00 267.000
RJOY/13 34.6007004 135.5959930 33.00 127.300
RJOY/31 34.5947450 135.6051340 38.50 307.300
RJOZ/12 34.0460014 131.0500031 12.00 114.400
RJOZ/30 34.0425987 131.0590057 12.00 294.400
RJOZ/17 34.0549011 131.0480042 12.00 160.500
RJOZ/35 34.0447998 131.0520020 12.00 340.500
RJSA/06 40.7248993 140.6750031 647.00 52.000
RJSA/24 40.7416000 140.7030029 664.00 232.000
RJSC/01 38.4029007 140.3699951 347.00 6.600
RJSC/19 38.4207993 140.3730011 353.00 186.600
RJSD/10 38.0605620 138.4095616 83.35 96.400
RJSD/28 38.0597000 138.4199982 53.00 276.400
RJSF/01 37.2162018 140.4270020 1200.00 2.200
RJSF/19 37.2387009 140.4290009 1209.00 182.200
RJSH/06 40.5541000 141.4609985 125.00 47.900
RJSH/24 40.5587006 141.4669952 115.00 227.900
RJSH/07 40.5475998 141.4550018 152.00 63.500
RJSH/25 40.5565987 141.4790039 120.00 243.500
RJSI/02 39.4177017 141.1329956 283.00 11.000
RJSI/20 39.4398003 141.1380005 298.00 191.000
RJSK/10 39.6169014 140.2039948 289.00 96.600
RJSK/28 39.6142998 140.2330017 314.00 276.600
RJSM/10 40.7043991 141.3500061 114.00 95.100
RJSM/28 40.7019997 141.3860016 94.00 275.100
RJSN/04 37.9482994 139.1150055 23.00 31.900
RJSN/22 37.9583015 139.1230011 6.00 211.900
RJSN/10 37.9567986 139.0959930 29.00 92.700
RJSN/28 37.9557991 139.1239929 12.00 272.700
RJSR/11 40.1934013 140.3600006 259.00 100.300
RJSR/29 40.1903000 140.3829956 292.00 280.300
RJSS/09 38.1388016 140.8990021 11.00 82.500
RJSS/27 38.1422997 140.9329987 15.00 262.500
RJSS/12 38.1394997 140.9149933 6.00 117.700
RJSS/30 38.1343994 140.9270020 5.00 297.700
RJST/07 38.3951988 141.1979980 7.00 57.900
RJST/25 38.4081001 141.2250061 7.00 237.900
RJST/15 38.4137001 141.2100067 7.00 139.800
RJST/33 38.4034004 141.2209930 7.00 319.800
RJSY/09 38.8106995 139.7760010 59.00 79.400
RJSY/27 38.8139992 139.7989960 86.00 259.400
RJTA/01 35.4435997 139.4499969 174.00 359.200
RJTA/19 35.4655991 139.4499969 205.00 179.200
RJTE/09 34.9869003 139.8269958 10.00 85.300
RJTE/27 34.9870987 139.8309937 10.00 265.300
RJTH/08 33.1119995 139.7760010 282.00 69.600
RJTH/26 33.1183014 139.7960052 284.00 249.600
RJTJ/17 35.8499985 139.4069977 295.00 159.900
RJTJ/35 35.8331985 139.4149933 295.00 339.900
RJTK/02 35.3903008 139.9069977 10.00 15.400
RJTK/20 35.4062004 139.9129944 10.00 195.400
RJTL/01 35.7887993 140.0119934 98.00 359.000
RJTL/19 35.8091011 140.0119934 98.00 179.000
RJTO/03 34.7742004 139.3569946 138.00 19.800
RJTO/21 34.7896996 139.3639984 117.00 199.800
RJTQ/02 34.0669045 139.5581854 66.73 17.000
RJTQ/20 34.0773232 139.5617836 61.30 197.000
RJTR/02 35.5112000 139.3930054 350.00 9.000
RJTR/20 35.5140575 139.3935415 355.47 189.000
RJTT/04 35.5490150 139.7612740 19.00 35.000
RJTT/22 35.5674590 139.7771140 35.00 215.000
RJTT/05 35.5240010 139.8034690 46.00 57.000
RJTT/23 35.5405980 139.8221250 55.00 223.000
RJTT/16L 35.5628584 139.7887066 21.77 150.000
RJTT/34R 35.5424912 139.8031544 20.21 330.000
RJTT/16R 35.5562502 139.7717159 20.00 150.000
RJTT/34L 35.5365910 139.7856720 20.00 330.000
RJTU/01 36.5069008 139.8699951 334.00 4.300
RJTU/19 36.5222015 139.8719940 334.00 184.300
RJTY/18 35.7634010 139.3450012 463.00 170.300
RJTY/36 35.7336006 139.3520050 417.00 350.300
RK13/17 38.0923996 127.9860001 626.00 173.400
RK13/35 38.0825996 127.9869995 655.00 353.400
RK16/03 38.0741997 127.5199966 855.00 22.000
RK16/21 38.0774002 127.5220032 855.00 202.000
RK60/15 35.3082008 126.4940033 67.00 145.000
RK60/33 35.3042984 126.4970016 64.00 325.000
RK6O/10 37.1629982 128.2120056 953.00 91.000
RK6O/28 37.1627998 128.2250061 875.00 271.000
RKJB/01 34.9788246 126.3829117 32.00 14.000
RKJB/19 35.0040054 126.3827057 51.00 194.000
RKJJ/04L 35.1156998 126.8000031 44.00 32.000
RKJJ/22R 35.1372986 126.8170013 48.00 212.000
RKJJ/04R 35.1147995 126.8020020 43.00 29.900
RKJJ/22L 35.1369019 126.8180008 46.00 209.900
RKJK/18 35.9159012 126.6129990 20.00 169.000
RKJK/36 35.8916016 126.6190033 29.00 349.000
RKJM/06 34.7542992 126.3730011 12.00 50.300
RKJM/24 34.7635002 126.3870010 23.00 230.300
RKJY/17 34.8511009 127.6129990 28.00 158.000
RKJY/35 34.8335991 127.6210022 31.00 338.000
RKNN/08 37.7490005 128.9290009 35.00 68.000
RKNN/26 37.7580986 128.9579926 20.00 248.000
RKNW/03 37.4269981 127.9540024 323.00 26.100
RKNW/21 37.4491005 127.9670029 329.00 206.100
RKNY/15 38.0700989 128.6600037 230.00 141.000
RKNY/33 38.0526009 128.6779938 227.00 321.000
RKPC/07 33.5004005 126.4690018 86.00 58.500
RKPC/25 33.5144997 126.4970016 76.00 238.500
RKPC/13 33.5154991 126.4869995 67.00 125.600
RKPC/31 33.5076549 126.5003892 96.82 305.600
RKPD/01 33.3829002 126.7119980 1102.00 0.000
RKPD/19 33.4037018 126.7119980 1166.00 180.000
RKPD/15 33.4039001 126.7080002 1170.00 142.200
RKPD/33 33.3931007 126.7180023 1144.00 322.200
RKPK/18L 35.1940994 128.9369965 8.00 174.000
RKPK/36R 35.1694984 128.9409943 8.00 354.000
RKPK/18R 35.1939011 128.9349976 12.00 173.900
RKPK/36L 35.1651993 128.9389954 12.00 353.900
RKPS/06L 35.0821991 128.0570068 18.00 55.100
RKPS/24R 35.0961990 128.0820007 19.00 235.100
RKPS/06R 35.0812988 128.0599976 19.00 56.000
RKPS/24L 35.0951996 128.0850067 25.00 236.000
RKPU/18 35.6025009 129.3509979 45.00 176.000
RKPU/36 35.5844994 129.3520050 31.00 356.000
RKRA/18 37.8358002 126.9889984 284.00 177.000
RKRA/36 37.8250999 126.9899979 287.00 357.000
RKSG/14 36.9667743 127.0250703 45.06 132.000
RKSG/32 36.9559368 127.0404193 37.75 312.000
RKSI/15L 37.4838982 126.4400024 23.00 145.000
RKSI/33R 37.4564018 126.4649963 23.00 325.000
RKSI/15R 37.4818001 126.4359970 23.00 145.000
RKSI/33L 37.4542007 126.4609985 23.00 325.000
RKSI/16R 37.4687460 126.4134460 23.00 145.000
RKSI/34L 37.4412720 126.4378820 23.00 325.000
RKSM/01 37.4338989 127.1159973 49.00 359.100
RKSM/19 37.4588013 127.1159973 47.00 179.100
RKSM/02 37.4324989 127.1110001 56.00 8.000
RKSM/20 37.4588013 127.1149979 47.00 188.000
RKSO/09L 37.0912430 127.0139980 41.00 84.000
RKSO/27R 37.0938010 127.0446590 41.00 264.000
RKSO/09R 37.0893320 127.0142360 33.00 84.000
RKSO/27L 37.0918870 127.0449100 40.00 264.000
RKSS/14L 37.5703011 126.7779999 38.00 135.000
RKSS/32R 37.5474014 126.8069992 42.00 315.000
RKSS/14R 37.5680008 126.7760010 34.00 135.000
RKSS/32L 37.5475998 126.8010025 41.00 315.000
RKSW/15L 37.2495995 126.9980011 86.00 142.400
RKSW/33R 37.2300987 127.0169983 67.00 322.400
RKSW/15R 37.2486992 126.9970016 83.00 142.000
RKSW/33L 37.2291985 127.0159988 66.00 322.000
RKTH/10 35.9877014 129.4089966 63.00 89.300
RKTH/28 35.9879990 129.4320068 62.00 269.300
RKTI/18L 37.0424004 127.8850021 281.00 175.500
RKTI/36R 37.0177002 127.8880005 281.00 355.500
RKTI/18R 37.0423055 127.8830423 281.00 175.500
RKTI/36L 37.0175967 127.8849631 281.00 355.500
RKTN/13L 35.9015999 128.6470032 112.00 124.200
RKTN/31R 35.8875999 128.6719971 120.00 304.200
RKTN/13R 35.9006004 128.6459961 111.00 124.000
RKTN/31L 35.8866997 128.6710052 111.00 304.000
RKTP/03L 36.6940002 126.4789963 39.00 24.600
RKTP/21R 36.7163010 126.4909973 39.00 204.600
RKTP/03R 36.6931992 126.4810028 39.00 24.600
RKTP/21L 36.7155991 126.4940033 39.00 204.600
RKTU/06L 36.7100983 127.4869995 166.00 51.800
RKTU/24R 36.7252998 127.5110016 185.00 231.800
RKTU/06R 36.7079010 127.4879990 191.00 52.000
RKTU/24L 36.7229004 127.5110016 191.00 232.000
RKTY/10 36.6316986 128.3399963 347.00 88.800
RKTY/28 36.6321983 128.3699951 353.00 268.800
RKUC/14 36.5739193 127.2927711 82.00 133.200
RKUC/32 36.5693127 127.2980582 82.00 313.200
RMP/11 65.5114975 -150.1479950 273.00 139.000
RMP/29 65.5043030 -150.1329956 302.00 319.000
RO-0001/14 46.8472690 26.5557030 952.00 150.000
RO-0001/32 46.8402200 26.5615160 940.00 330.000
RO-0009/18 46.2753190 21.6069390 360.00 188.000
RO-0009/36 46.2682830 21.6054940 362.00 8.000
RO-0031/10 47.1682014 22.8528004 905.00 105.000
RO-0031/28 47.1675987 22.8563004 900.00 285.000
RO-0108/04 44.2237602 26.1198104 253.00 44.000
RO-0108/22 44.2259788 26.1227426 253.00 224.000
ROAH/18L 26.2089213 127.6450187 10.97 177.000
ROAH/36R 26.1823006 127.6460037 9.00 357.000
ROAH/18R 26.2031002 127.6320038 16.00 177.000
ROAH/36L 26.1786995 127.6340027 14.00 357.000
RODE/04 26.7208996 127.7590027 148.00 41.900
RODE/22 26.7322006 127.7710037 184.00 221.900
RODN/05L 26.3462009 127.7509995 63.00 51.000
RODN/23R 26.3672009 127.7799988 128.00 231.000
RODN/05R 26.3439999 127.7549973 74.00 51.000
RODN/23L 26.3649998 127.7839966 133.00 231.000
ROKJ/03 26.3551006 126.7099991 22.00 21.200
ROKJ/21 26.3719006 126.7170029 19.00 201.200
ROMD/02 25.8400002 131.2610016 167.00 15.700
ROMD/20 25.8530006 131.2660065 149.00 195.700
ROMY/04 24.7756996 125.2890015 124.00 37.800
ROMY/22 24.7898998 125.3010025 150.00 217.800
RORE/04 26.7175999 127.7809982 213.00 39.200
RORE/22 26.7280998 127.7910004 246.00 219.200
RORK/03 25.9379997 131.3200073 70.00 29.000
RORK/21 25.9498005 131.3280029 80.00 209.000
RORS/17 24.8400002 125.1409988 15.00 166.000
RORS/35 24.8138008 125.1490021 54.00 346.000
RORT/18 24.6606007 124.6740036 34.00 172.400
RORT/36 24.6471996 124.6760025 36.00 352.400
RORY/14 27.0479928 128.3974143 35.78 138.100
RORY/32 27.0399073 128.4055948 51.22 318.100
ROTM/06 26.2668991 127.7450027 235.00 55.000
ROTM/24 26.2814007 127.7679977 246.00 235.000
ROYN/08 24.4652004 122.9710007 71.00 75.300
ROYN/26 24.4687004 122.9850006 48.00 255.300
RP12/08 13.8998003 121.7389984 13.00 84.200
RP12/26 13.9006996 121.7480011 13.00 264.200
RP15/04 10.9077997 124.4339981 16.00 38.700
RP15/22 10.9162998 124.4410019 16.00 218.700
RP16/12 6.6562433 121.9754863 867.59 117.900
RP16/30 6.6523847 121.9832695 998.12 297.900
RP17/17 6.4076300 125.6190033 16.00 170.600
RP17/35 6.3969402 125.6200027 16.00 350.600
RPLB/07 14.7896996 120.2600021 47.00 67.000
RPLB/25 14.7992001 120.2829971 53.00 247.000
RPLC/02R 15.1744003 120.5579987 466.00 21.100
RPLC/20L 15.2013998 120.5690002 393.00 201.100
RPLE/05 14.4147051 122.0357092 19.51 41.000
RPLE/23 14.4229948 122.0434992 15.49 221.000
RPLI/01 18.1668238 120.5303194 23.74 5.400
RPLI/19 18.1886005 120.5319977 22.00 185.400
RPLJ/05 14.7006055 122.3264568 30.00 53.000
RPLJ/23 14.7060625 122.3335441 30.00 233.000
RPLL/06 14.4985876 121.0014264 18.79 60.300
RPLL/24 14.5138342 121.0287936 72.64 240.300
RPLL/13 14.5229160 121.0043345 18.33 134.800
RPLL/31 14.5112679 121.0164708 39.33 314.800
RPLS/07 14.4932364 120.8988991 5.24 67.800
RPLS/25 14.4991930 120.9134772 5.97 247.800
RPMB/01 6.0989699 125.2330017 13.00 15.000
RPMB/19 6.1139002 125.2369995 28.00 195.000
RPMD/05 7.1166701 125.6350021 93.00 49.300
RPMD/23 7.1343699 125.6559982 96.00 229.300
RPME/12 8.9552800 125.4700010 128.00 117.000
RPME/30 8.9473600 125.4860000 141.00 297.000
RPMH/07 9.2517099 124.7020035 16.00 71.000
RPMH/25 9.2553396 124.7119980 6.00 251.000
RPML/01 8.4059761 124.6092733 598.89 12.900
RPML/19 8.4264402 124.6139984 597.00 192.900
RPMN/02 5.0403600 119.7409970 1.00 18.000
RPMN/20 5.0536300 119.7450030 16.00 198.000
RPMO/03 8.1750985 123.8391096 13.73 33.000
RPMO/21 8.1851300 123.8460010 16.00 213.000
RPMR/17 6.0726099 125.0940018 505.00 173.000
RPMR/35 6.0436401 125.0979996 465.00 353.000
RPMW/03 9.0662298 126.1689987 16.00 26.000
RPMW/21 9.0775320 126.1737724 13.12 206.000
RPMY/09 8.6114702 124.4469986 189.00 86.000
RPMY/27 8.6129398 124.4660034 189.00 266.000
RPMZ/09 6.9232101 122.0479965 23.00 93.800
RPMZ/27 6.9216299 122.0709991 33.00 273.800
RPUB/09 16.3749008 120.6110001 4211.00 88.400
RPUB/27 16.3752995 120.6279984 4251.00 268.400
RPUD/06 14.1265001 122.9759979 2.00 58.000
RPUD/24 14.1317997 122.9850006 10.00 238.000
RPUF/03 14.9763002 120.4869995 151.00 26.800
RPUF/21 14.9968004 120.4980011 151.00 206.800
RPUG/08 16.0335007 120.2360001 7.00 74.000
RPUG/26 16.0361004 120.2460022 6.00 254.000
RPUM/16 13.2138004 120.6039963 13.00 165.000
RPUM/34 13.2024002 120.6070023 11.00 345.000
RPUN/04 13.5804005 123.2659988 94.00 45.000
RPUN/22 13.5894003 123.2750015 141.00 225.000
RPUR/05 15.7265000 121.4960020 82.00 50.000
RPUR/23 15.7332000 121.5039980 98.00 230.000
RPVA/18 11.2372999 125.0279999 4.00 184.000
RPVA/36 11.2180004 125.0270004 10.00 4.000
RPVC/17 12.0791998 124.5429993 11.00 166.000
RPVC/35 12.0662003 124.5469971 11.00 346.000
RPVF/04 12.4980001 124.6309967 7.00 44.200
RPVF/22 12.5067997 124.6399994 7.00 224.200
RPVI/02 10.8223250 122.4894170 132.00 24.000
RPVI/20 10.8435920 122.4972620 8.00 204.000
RPVM/04L 10.3025170 123.9716720 27.00 44.000
RPVM/22R 10.3189280 123.9881440 27.00 224.000
RPVM/04R 10.2969530 123.9687880 18.00 45.000
RPVM/22L 10.3181750 123.9900970 28.00 225.000
RPVP/09 9.7426300 118.7470016 71.00 92.500
RPVP/27 9.7416096 118.7710037 25.00 272.500
RPVR/14 11.6039254 122.7475554 9.06 145.000
RPVR/32 11.5912166 122.7566346 9.96 325.000
RPVS/18 10.7714996 121.9329987 13.00 180.000
RPVS/36 10.7606001 121.9329987 23.00 0.000
RPVU/03 12.3052998 122.0820007 10.00 25.000
RPVU/21 12.3165998 122.0869980 10.00 205.000
RPVV/08 12.1210003 120.0950012 148.00 84.000
RPVV/26 12.1218996 120.1050034 148.00 264.000
RU-0211/05 47.2397995 38.8265991 151.00 55.000
RU-0211/23 47.2528992 38.8535995 151.00 235.000
RU-0372/05 47.2722015 39.6217003 254.00 60.000
RU-0372/23 47.2831993 39.6503983 300.00 240.000
RU-0447/01L 58.1393013 28.2014008 223.00 20.000
RU-0447/19R 58.1427556 28.2038165 236.38 200.000
RU-0447/01R 58.1391983 28.2019997 224.00 20.000
RU-0447/19L 58.1444016 28.2056999 240.00 200.000
RU-0845/07 59.7646713 30.0553703 190.00 84.000
RU-0845/25 59.7668495 30.0995293 190.00 264.000
RU-9991/04 47.2504005 39.8063011 237.00 45.700
RU-9991/22 47.2661018 39.8298988 280.00 225.700
S28/10 48.9989014 -100.0490036 2312.00 112.000
S28/28 48.9958000 -100.0380020 2313.00 292.000
SA-0081/13 27.9618500 45.5476330 1362.00 130.000
SA-0081/31 27.9493390 45.5644490 1362.00 310.000
SA04/17 -34.1767006 -58.2487984 7.00 164.000
SA04/35 -34.1870458 -58.2451907 7.00 344.000
SA34/26 -43.2351990 -65.3117981 121.00 267.000
SAAC/22 -31.2905006 -57.9926987 82.00 208.000
SAAG/19 -32.9998016 -58.6133995 53.00 181.000
SAAP/19 -31.7854004 -60.4786987 243.00 188.400
SAAR/02 -32.9168015 -60.7876015 82.00 10.000
SAAR/20 -32.8903008 -60.7816010 77.00 190.000
SAAV/21 -31.7011204 -60.8065605 56.00 204.000
SABE/13 -34.5539020 -58.4250980 18.00 124.000
SABE/31 -34.5638598 -58.4072517 15.16 304.000
SACO/01 -31.3243999 -64.2080002 1522.00 358.000
SACO/19 -31.2957993 -64.2080994 1604.00 178.000
SACO/05 -31.3231165 -64.2074589 1527.51 43.000
SACO/23 -31.3089008 -64.1912003 1539.00 223.000
SADF/23 -34.4473991 -58.5828018 10.00 224.000
SADL/20 -34.9643184 -57.8915988 69.00 193.900
SADM/02 -34.6822304 -58.6445558 93.79 13.000
SADM/20 -34.6696004 -58.6407276 85.72 193.000
SADP/17 -34.6029394 -58.6164462 44.52 165.300
SADP/35 -34.6169588 -58.6087545 57.48 345.300
SAEZ/11 -34.8190994 -58.5535011 62.00 102.300
SAEZ/29 -34.8254013 -58.5181999 66.00 282.300
SAEZ/17 -34.8083000 -58.5339012 62.00 164.000
SAEZ/35 -34.8326085 -58.5255067 66.52 344.000
SAME/18 -32.8191986 -68.7927017 2290.00 181.000
SAME/36 -32.8442993 -68.7930984 2310.00 1.000
SAMM/14 -35.4873459 -69.5797815 4687.56 144.500
SAMM/32 -35.5032997 -69.5658035 4667.00 324.500
SAMM/27 -35.4858017 -69.5636978 4678.00 276.300
SAMR/11 -34.5847818 -68.4145315 2467.82 108.000
SAMR/29 -34.5908628 -68.3927509 2425.57 288.000
SANC/02 -28.6078000 -65.7546010 1476.00 18.000
SANC/20 -28.5833000 -65.7487030 1522.00 198.000
SANE/21 -27.7560005 -64.3043976 656.00 207.700
SANL/21 -29.3703003 -66.7888031 1391.00 208.000
SANR/01 -27.5081005 -64.9365997 913.00 8.000
SANR/19 -27.4855003 -64.9360962 920.00 188.000
SANT/02 -26.8537998 -65.1072998 1439.00 10.000
SANT/20 -26.8279991 -65.1023026 1493.00 190.000
SANU/18 -31.5604000 -68.4182968 1959.00 179.600
SANU/36 -31.5825996 -68.4180984 1958.00 359.600
SAOC/05 -33.0994680 -64.2778020 1381.00 178.000
SAOC/23 -33.0848540 -64.2608410 1381.00 358.000
SAOR/10 -33.7298012 -65.3884964 1590.00 101.000
SAOR/28 -33.7338982 -65.3629990 1591.00 281.000
SAOR/24 -33.7195015 -65.3671036 1591.00 238.400
SAOS/20 -32.3736992 -65.1832962 2020.00 194.100
SAOU/19 -33.2599980 -66.3545990 2297.00 187.000
SAOU/01 -33.2864000 -66.3582990 2330.00 7.000
SARC/20 -27.4361992 -58.7603989 199.00 188.000
SARE/21 -27.4382992 -59.0511017 174.00 200.900
SARF/22 -26.2054005 -58.2243004 193.00 205.000
SARI/13 -25.7310009 -54.4883995 908.00 114.800
SARI/31 -25.7434998 -54.4584999 916.00 294.800
SARL/18 -29.6799230 -57.1537866 229.97 171.000
SARL/36 -29.6967647 -57.1506985 229.14 351.000
SARP/02 -27.3960000 -55.9706000 429.00 359.000
SARP/20 -27.3757000 -55.9709010 376.00 179.000
SASA/02 -24.8728010 -65.4898990 4088.00 11.000
SASA/20 -24.8463990 -65.4841000 4039.00 191.000
SASA/06 -24.8581010 -65.4896010 4068.00 52.000
SASA/24 -24.8448010 -65.4708020 3983.00 232.000
SASJ/16 -24.3812008 -65.1051025 3019.00 149.000
SASJ/34 -24.4043007 -65.0905991 2903.00 329.000
SASO/19 -23.1465025 -64.3281601 1167.95 190.000
SAST/02 -22.6264000 -63.7946010 1457.00 7.000
SAST/20 -22.6130010 -63.7927020 1473.00 187.000
SAVC/25 -45.7829018 -67.4477005 105.00 259.000
SAVE/23 -42.8992155 -71.1258563 2565.42 237.000
SAVT/07 -43.2146000 -65.2850040 140.00 69.000
SAVT/25 -43.2064020 -65.2556000 134.00 249.000
SAVV/10 -40.8670006 -63.0111008 20.00 105.600
SAVV/28 -40.8731003 -62.9819984 16.00 285.600
SAWB/06 -64.2400970 -56.6431999 760.00 72.000
SAWB/24 -64.2365036 -56.6184998 740.00 252.000
SAWC/25 -50.2792015 -72.0353012 653.00 264.600
SAWE/25 -53.7773018 -67.7342987 44.00 267.500
SAWG/08 -51.6094545 -69.3256510 56.84 86.000
SAWG/26 -51.6076130 -69.2871400 51.00 266.000
SAWH/25 -54.8424949 -68.2764958 74.63 266.200
SAWU/07 -50.0190010 -68.5927963 364.00 77.900
SAWU/25 -50.0152016 -68.5655975 364.00 257.900
SAZB/06 -38.7275010 -62.1805730 243.00 61.000
SAZB/24 -38.7187770 -62.1607060 248.00 241.000
SAZB/17L -38.7179674 -62.1569026 246.13 164.000
SAZB/35R -38.7375030 -62.1496010 218.00 344.000
SAZB/17R -38.7197150 -62.1843220 231.00 164.000
SAZB/35L -38.7327000 -62.1796230 235.00 344.000
SAZM/13 -37.9289017 -57.5839005 71.00 123.000
SAZM/31 -37.9394989 -57.5629005 62.00 303.000
SAZN/27 -38.9490013 -68.1408997 886.00 270.200
SAZP/18 -35.8377991 -61.8576012 279.00 180.000
SAZP/36 -35.8512993 -61.8576012 279.00 0.000
SAZR/19 -36.5782013 -64.2732010 629.00 191.200
SAZS/11 -41.1468010 -71.1703033 2749.00 115.000
SAZS/29 -41.1556015 -71.1447983 2772.00 295.000
SAZT/19 -37.2229000 -59.2274020 548.00 185.000
SAZV/11 -37.2339437 -57.0375585 34.00 102.000
SAZV/29 -37.2368920 -57.0200246 34.00 282.000
SAZW/25 -38.9388008 -69.2549973 2100.00 263.300
SAZY/06 -40.0796013 -71.1509018 2568.00 68.000
SAZY/24 -40.0712013 -71.1235962 2526.00 248.000
SBAC/09 -4.5715550 -37.8127050 111.00 71.000
SBAC/27 -4.5661970 -37.7973800 96.00 251.000
SBAE/17 -22.1525900 -49.0746270 1927.00 191.000
SBAE/35 -22.1688860 -49.0660510 1961.00 11.000
SBAQ/17 -21.8049068 -48.1377449 2275.00 186.000
SBAQ/35 -21.8187466 -48.1285782 2334.00 6.000
SBBE/03 -1.3905500 -48.4771500 27.00 5.000
SBBE/21 -1.3740640 -48.4757460 54.00 185.000
SBBE/07 -1.3880170 -48.4850080 44.00 46.000
SBBE/25 -1.3702500 -48.4670790 52.00 226.000
SBBG/24 -31.3857994 -54.1063995 594.00 226.000
SBBH/13 -19.8470670 -43.9604780 2581.00 111.000
SBBH/31 -19.8546280 -43.9393940 2588.00 291.000
SBBI/18 -25.4017817 -49.2333124 3057.00 155.000
SBBI/36 -25.4108715 -49.2293930 3057.00 335.000
SBBR/11L -15.8635998 -47.9235001 3448.00 86.000
SBBR/29R -15.8617001 -47.8977013 3479.00 266.000
SBBR/11R -15.8807001 -47.9399986 3497.00 86.000
SBBR/29L -15.8787003 -47.9091988 3417.00 266.000
SBBU/14 -22.3432798 -49.0566695 2006.47 123.000
SBBU/32 -22.3486996 -49.0475998 2029.00 303.000
SBCF/16 -19.6235008 -43.9781990 2712.00 139.000
SBCF/34 -19.6480007 -43.9556007 2712.00 319.000
SBCJ/10 -6.1188890 -50.0125000 2062.00 83.000
SBCJ/28 -6.1169440 -49.9944440 2049.00 263.000
SBCT/15 -25.5220947 -49.1829071 2987.00 136.000
SBCT/33 -25.5361385 -49.1671791 2987.00 314.000
SBCX/15 -29.1941672 -51.1908505 2472.00 134.000
SBCX/33 -29.2033291 -51.1805000 2472.00 314.000
SBCY/17 -15.6437473 -56.1215744 617.00 153.000
SBCY/35 -15.6622248 -56.1117516 598.00 333.000
SBDN/12 -22.1742331 -51.4341821 1414.99 137.000
SBDN/30 -22.1764355 -51.4146919 1481.00 317.000
SBEG/11 -3.0385640 -60.0618515 252.00 106.000
SBEG/29 -3.0386169 -60.0375519 263.00 286.000
SBFI/15 -25.5890265 -54.4959179 764.00 130.000
SBFI/33 -25.6014007 -54.4801619 764.00 311.000
SBFL/03 -27.6752780 -48.5541670 16.00 12.000
SBFL/21 -27.6647220 -48.5516670 16.00 192.000
SBFL/14 -27.6657200 -48.5512080 17.00 159.000
SBFL/32 -27.6769390 -48.5303990 17.00 339.000
SBFZ/13 -3.7730110 -38.5449220 82.00 105.000
SBFZ/31 -3.7794280 -38.5209540 71.00 285.000
SBGL/10 -22.8018000 -43.2551990 16.00 74.000
SBGL/28 -22.7922000 -43.2177010 28.00 254.000
SBGL/15 -22.8133632 -43.2622082 15.71 125.000
SBGL/33 -22.8285104 -43.2394126 11.18 305.000
SBGO/14 -16.6263008 -49.2312012 2440.00 120.000
SBGO/32 -16.6375999 -49.2109985 2454.00 300.000
SBGR/10L -23.4340590 -46.4825480 2445.00 74.000
SBGR/28R -23.4250430 -46.4492030 2440.00 254.000
SBGR/10R -23.4388010 -46.4870000 2450.00 74.000
SBGR/28L -23.4312000 -46.4589000 2445.00 254.000
SBGV/07 -18.9004027 -41.9875529 561.88 45.000
SBGV/25 -18.8907410 -41.9775660 561.00 225.000
SBIH/05 -4.2480302 -56.0051003 110.00 33.000
SBIH/23 -4.2358799 -55.9958000 110.00 213.000
SBJD/18 -23.1749535 -46.9466476 2425.00 157.000
SBJD/36 -23.1865768 -46.9412689 2465.00 337.000
SBJE/08 -2.9108500 -40.3661990 86.00 63.000
SBJE/26 -2.9019900 -40.3484990 89.00 243.000
SBJH/12 -23.4259850 -47.1779900 2530.00 94.000
SBJH/30 -23.4276580 -47.1538850 2530.00 274.000
SBKP/15 -22.9985008 -47.1469994 2139.00 128.000
SBKP/33 -23.0158931 -47.1227057 2169.13 308.000
SBLO/13 -23.3314899 -51.1366763 1866.48 112.000
SBLO/31 -23.3368721 -51.1204071 1869.00 292.000
SBMA/25 -5.3627780 -49.1311110 332.00 230.000
SBMG/10 -23.4786280 -52.0291820 1720.00 78.000
SBMG/28 -23.4741360 -52.0064620 1806.00 258.000
SBMT/12 -23.5087691 -46.6396051 2378.44 100.000
SBMT/30 -23.5099663 -46.6328494 2376.28 280.000
SBPA/11 -29.9943810 -51.1830100 11.00 91.000
SBPA/29 -29.9948500 -51.1593890 11.00 271.000
SBPK/07 -31.7210665 -52.3335230 57.86 51.000
SBPK/25 -31.7117200 -52.3198550 56.00 231.000
SBPL/13 -9.3606396 -40.5746518 1250.77 110.000
SBPL/31 -9.3672780 -40.5551060 1259.00 290.000
SBPS/10 -16.4403784 -39.0876259 168.15 74.000
SBPS/28 -16.4364738 -39.0732329 156.46 254.000
SBRJ/02L -22.9158330 -43.1633330 9.00 357.000
SBRJ/20R -22.9047220 -43.1638890 9.00 177.000
SBRJ/02R -22.9163890 -43.1625000 9.00 357.000
SBRJ/20L -22.9047220 -43.1633330 10.00 177.000
SBRP/18 -21.1268272 -47.7764511 1802.00 160.000
SBRP/36 -21.1423721 -47.7715073 1802.00 340.000
SBSG/12 -5.7676401 -35.3798828 273.00 99.000
SBSG/30 -5.7719831 -35.3532372 264.00 279.000
SBSJ/16 -23.2196999 -45.8720016 2031.00 135.000
SBSJ/34 -23.2367992 -45.8535004 2120.00 315.000
SBSP/17L -23.6208000 -46.6580010 2589.00 147.000
SBSP/35R -23.6317010 -46.6505010 2629.00 327.000
SBSP/17R -23.6210003 -46.6604004 2615.00 147.000
SBSP/35L -23.6343002 -46.6511993 2633.00 327.000
SBSR/25 -20.8124008 -49.4006004 1785.00 251.000
SBTA/08 -23.0430446 -45.5182987 1908.00 77.000
SBTA/26 -23.0363293 -45.5099983 1908.00 257.000
SBTG/07 -20.7579994 -51.6896019 1067.00 53.000
SBTG/25 -20.7472992 -51.6896019 1070.00 233.000
SCAR/03 -18.3631530 -70.3440860 123.00 19.000
SCAR/21 -18.3392330 -70.3353350 166.00 199.000
SCAT/17 -27.2514000 -70.7800980 620.00 175.300
SCAT/35 -27.2710991 -70.7782974 670.00 355.300
SCBA/09 -45.9141998 -71.7053986 1722.00 99.700
SCBA/27 -45.9179001 -71.6735001 1667.00 279.700
SCCF/10 -22.4991093 -68.9178238 7424.00 94.000
SCCF/28 -22.5011253 -68.8883438 7613.00 274.000
SCCH/04 -36.5881004 -72.0382996 499.00 45.000
SCCH/22 -36.5769005 -72.0244980 499.00 225.000
SCCI/01 -53.0079994 -70.8550034 122.00 28.700
SCCI/19 -52.9948006 -70.8430023 110.00 208.700
SCCI/07 -53.0012016 -70.8752975 139.00 88.800
SCCI/25 -53.0005989 -70.8338013 112.00 268.800
SCCI/12 -52.9975014 -70.8686981 138.00 138.900
SCCI/30 -53.0138016 -70.8451996 112.00 318.900
SCCY/03 -45.5989990 -72.1131973 1020.00 45.600
SCCY/21 -45.5894012 -72.0990982 1020.00 225.600
SCDA/01 -20.5503292 -70.1821671 97.00 6.000
SCDA/19 -20.5201702 -70.1804962 156.00 186.000
SCEL/17L -33.3760990 -70.7866970 1550.00 178.000
SCEL/35R -33.4049700 -70.7854083 1554.27 358.000
SCEL/17R -33.3718987 -70.8037033 1551.00 177.000
SCEL/35L -33.4068985 -70.8019028 1550.00 357.000
SCER/02 -32.7952000 -71.5241010 12.00 22.000
SCER/20 -32.7851900 -71.5193970 10.00 202.000
SCFA/01 -23.4578610 -70.4466860 352.00 7.000
SCFA/19 -23.4327160 -70.4436110 455.00 187.000
SCFM/09 -53.2498016 -70.3368988 61.00 110.100
SCFM/27 -53.2575989 -70.3014984 104.00 290.100
SCGE/18 -37.3941002 -72.4245987 363.00 185.300
SCGE/36 -37.4094009 -72.4263000 370.00 5.300
SCGZ/08 -54.9309998 -67.6374969 88.00 91.400
SCGZ/26 -54.9311981 -67.6149979 42.00 271.400
SCIE/02 -36.7820358 -73.0685959 26.00 25.000
SCIE/20 -36.7608070 -73.0562134 16.00 205.000
SCIP/10 -27.1580009 -109.4369965 127.00 117.200
SCIP/28 -27.1716003 -109.4069977 227.00 297.200
SCJO/15 -40.6022987 -73.0661011 190.00 155.000
SCJO/33 -40.6181984 -73.0565033 188.00 335.000
SCPQ/17 -42.3314360 -73.7146680 510.00 167.000
SCPQ/35 -42.3493840 -73.7166440 510.00 347.000
SCRM/11 -62.1878014 -58.9972000 142.00 122.000
SCRM/29 -62.1939011 -58.9761009 127.00 302.000
SCSE/12 -29.9123993 -71.2085037 436.00 115.900
SCSE/30 -29.9200001 -71.1904984 481.00 295.900
SCSN/05 -33.6586990 -71.6193008 234.00 53.000
SCSN/23 -33.6547012 -71.6120987 246.00 233.000
SCTB/01 -33.4612999 -70.5479965 2129.00 12.800
SCTB/19 -33.4526741 -70.5457051 2129.00 192.800
SCTC/06 -38.7697983 -72.6461029 284.00 67.200
SCTC/24 -38.7638016 -72.6280975 304.00 247.200
SCTE/17 -41.4269981 -73.0934982 264.00 182.000
SCTE/35 -41.4508018 -73.0943985 294.00 2.000
SCTN/01 -42.7866670 -72.8375090 72.00 21.000
SCTN/19 -42.7758480 -72.8317180 59.00 201.000
SCVD/17 -39.6404991 -73.0865021 59.00 178.400
SCVD/35 -39.6594009 -73.0858002 54.00 358.400
SCVM/05 -32.9543991 -71.4860001 461.00 52.000
SCVM/23 -32.9448013 -71.4711990 428.00 232.000
SD50/15 44.5341988 -99.7491989 1775.00 159.000
SD50/33 44.5284004 -99.7461014 1787.00 339.000
SDEN/15 -27.1630078 -48.6263365 31.90 131.000
SDEN/33 -27.1700670 -48.6172130 29.00 311.000
SDMC/09 -22.9198301 -42.8316200 13.34 63.000
SDMC/27 -22.9177388 -42.8272212 11.21 243.000
SE60/12 -2.4418000 -79.4031000 189.00 111.000
SE60/30 -2.4447000 -79.3955000 196.00 291.000
SEAM/01 -1.2206000 -78.5763016 8390.00 10.500
SEAM/19 -1.2035400 -78.5729980 8502.00 190.500
SECO/16 -0.4525780 -76.9918980 831.00 154.000
SECO/34 -0.4692750 -76.9837040 834.00 334.000
SECU/06 -2.8947301 -78.9910965 8306.00 52.000
SECU/24 -2.8842001 -78.9776993 8256.00 232.000
SEGS/14 -0.4449940 -90.2723010 145.00 144.000
SEGS/32 -0.4625190 -90.2595980 207.00 324.000
SEGU/03 -2.1674726 -79.8894282 15.93 30.600
SEGU/21 -2.1484811 -79.8783283 14.18 210.600
SELT/18 -0.8940557 -78.6147729 9181.23 184.000
SELT/36 -0.9234860 -78.6169968 9115.00 4.000
SEMA/01 -4.3829598 -79.9420013 1430.00 12.000
SEMA/19 -4.3734999 -79.9400024 1508.00 192.000
SEMC/01 -2.3101101 -78.1235962 3356.00 15.000
SEMC/19 -2.2882199 -78.1179962 3452.00 195.000
SEMT/05 -0.9533310 -80.6893997 37.00 55.800
SEMT/23 -0.9388250 -80.6681976 48.00 235.800
SENF/15 -2.5200480 -76.9919760 880.00 151.000
SENF/33 -2.5250920 -76.9892070 938.00 331.000
SEPC/02 -2.7582300 -78.2667999 1764.00 26.100
SEPC/20 -2.7452199 -78.2603989 1796.00 206.100
SEPV/12 -1.0353301 -80.4803009 114.00 128.000
SEPV/30 -1.0472394 -80.4650262 128.14 308.000
SEQM/18 -0.1056170 -78.3552094 7776.00 180.000
SEQM/36 -0.1426500 -78.3536224 7910.00 0.000
SERB/05 -1.6574900 -78.6621017 9151.00 55.900
SERB/23 -1.6493700 -78.6501999 9145.00 235.900
SERO/07 -3.4458741 -80.0064436 19.64 68.000
SERO/25 -3.4380286 -79.9872115 6.52 248.000
SESA/08 -2.2034900 -80.9922030 15.00 82.000
SESA/26 -2.2020200 -80.9823000 13.00 262.000
SESA/13 -2.2029300 -80.9935990 13.00 129.000
SESA/31 -2.2169200 -80.9767000 12.00 309.000
SEST/16 -0.9017890 -89.6190033 27.00 169.000
SEST/34 -0.9186220 -89.6158981 52.00 349.000
SESV/15 -0.5993690 -80.4074020 8.00 151.000
SESV/33 -0.6168530 -80.3979034 10.00 331.000
SETA/03 -2.2734001 -79.6860962 56.00 25.800
SETA/21 -2.2486801 -79.6742020 56.00 205.800
SETE/10 -0.9856470 -77.8247986 1709.00 101.000
SETE/28 -0.9878500 -77.8141022 1705.00 281.000
SETM/06 -4.0000300 -79.3802032 3923.00 64.000
SETM/24 -3.9917500 -79.3637009 4056.00 244.000
SETN/18 0.9893610 -79.6261978 20.00 183.000
SETN/36 0.9676780 -79.6271973 32.00 3.000
SETR/12 -0.1190080 -76.3438034 814.00 122.000
SETR/30 -0.1269030 -76.3317032 797.00 302.000
SETU/05 0.8030830 -77.7171021 9646.00 55.000
SETU/23 0.8159310 -77.6989975 9593.00 235.000
SGAS/02 -25.2546005 -57.5227013 292.00 10.000
SGAS/20 -25.2250996 -57.5154991 249.00 190.000
SGAY/02 -27.3789005 -56.8555984 223.00 10.200
SGAY/20 -27.3624001 -56.8522987 223.00 190.200
SGCO/03 -23.4498005 -57.4295998 249.00 16.000
SGCO/21 -23.4337006 -57.4245987 249.00 196.000
SGES/05 -25.4671001 -54.8545990 846.00 40.800
SGES/23 -25.4438992 -54.8325996 774.00 220.800
SGIB/03 -25.4143009 -54.6218987 762.00 19.300
SGIB/21 -25.4013996 -54.6169014 738.00 199.300
SGME/01 -22.0608006 -60.6209984 549.00 357.800
SGME/19 -22.0291996 -60.6222992 552.00 177.800
SGPJ/03 -22.6492996 -55.8321991 1870.00 14.000
SGPJ/21 -22.6336002 -55.8278008 1873.00 194.000
SILQ/08 -24.9300003 -53.4982986 2262.00 65.000
SILQ/26 -24.9286550 -53.4947748 2240.83 245.000
SJLA/11 4.6667300 -60.2928500 2060.00 92.000
SJLA/29 4.6665500 -60.2876200 2038.00 272.000
SJLC/12 2.7226000 -63.5805000 2346.00 99.000
SJLC/30 2.7218000 -63.5751500 2339.00 179.000
SJRG/24 -32.0785142 -52.1618717 18.14 224.000
SJSH/05 -27.3769539 -48.6172853 21.25 27.000
SJSH/23 -27.3671590 -48.6116340 12.00 207.000
SK-0001/17 48.4909840 19.1012580 1143.00 168.000
SK-0001/35 48.4871857 19.1020942 1143.00 348.000
SKAP/10 4.0770898 -73.5738983 1241.00 95.000
SKAP/28 4.0750599 -73.5514984 1194.00 275.000
SKAR/02 4.4433899 -75.7686996 3968.00 13.000
SKAR/20 4.4621601 -75.7642975 3979.00 193.000
SKAS/19 0.5124830 -76.4997025 834.00 188.600
SKBG/17 7.1360602 -73.1884003 3902.00 159.000
SKBG/35 7.1169400 -73.1810989 3851.00 339.000
SKBO/14L 4.7133900 -74.1521000 8354.00 127.000
SKBO/32R 4.6927000 -74.1247020 8354.00 307.000
SKBO/14R 4.7105000 -74.1691970 8350.00 127.000
SKBO/32L 4.6897900 -74.1418000 8355.00 307.000
SKBQ/05 10.8792000 -74.7897034 98.00 40.000
SKBQ/23 10.8999004 -74.7720032 98.00 220.000
SKBU/09 3.8192401 -76.9952011 40.00 86.000
SKBU/27 3.8200099 -76.9843979 48.00 266.000
SKCC/03 7.9178900 -72.5145030 1046.00 17.000
SKCC/21 7.9346000 -72.5093990 1004.00 197.000
SKCC/16 7.9403400 -72.5195999 1098.00 148.000
SKCC/34 7.9224200 -72.5082016 1026.00 328.000
SKCG/01 10.4311295 -75.5133685 7.00 2.000
SKCG/19 10.4524750 -75.5124920 7.00 182.000
SKCL/02 3.5299001 -76.3839035 3153.00 10.000
SKCL/20 3.5565400 -76.3793030 3162.00 190.000
SKCO/06 1.8101701 -78.7550964 10.00 54.000
SKCO/24 1.8186700 -78.7434006 10.00 234.000
SKEJ/04 7.0173502 -73.8109970 401.00 31.000
SKEJ/22 7.0313101 -73.8025970 408.00 211.000
SKFL/12 1.5921299 -75.5705032 797.00 116.000
SKFL/30 1.5862499 -75.5582962 803.00 296.000
SKGI/02 4.2691598 -74.7982025 899.00 12.400
SKGI/20 4.2833200 -74.7950974 936.00 192.400
SKGO/01 4.7483931 -75.9565720 2977.03 5.000
SKGO/19 4.7678469 -75.9549270 2978.97 185.000
SKGP/01 2.5645599 -77.9003983 164.00 18.000
SKGP/19 2.5757101 -77.8967972 164.00 198.000
SKGY/11 4.8140802 -74.0725021 8478.00 103.000
SKGY/29 4.8105798 -74.0574036 8478.00 283.000
SKIB/14 4.4269500 -75.1393967 3044.00 131.000
SKIB/32 4.4162698 -75.1271973 2969.00 311.000
SKIP/08 0.8592600 -77.6785000 9735.00 79.000
SKIP/26 0.8637070 -77.6564780 9776.00 259.000
SKLC/15 7.8204598 -76.7213974 39.00 149.500
SKLC/33 7.8034601 -76.7114029 46.00 329.500
SKLT/03 -4.2010999 -69.9457016 314.00 20.800
SKLT/21 -4.1852298 -69.9396973 313.00 200.800
SKMD/02 6.2122068 -75.5916008 4915.96 16.000
SKMD/20 6.2285774 -75.5891497 4920.28 196.000
SKML/18 7.9762111 -75.4329567 159.28 174.200
SKML/36 7.9673371 -75.4320482 143.84 354.200
SKMR/14 8.8301600 -75.8317030 20.00 138.000
SKMR/32 8.8173300 -75.8200000 18.00 318.000
SKMU/02 1.2457000 -70.2354965 526.00 11.000
SKMU/20 1.2616301 -70.2322998 524.00 191.000
SKNV/02 2.9433507 -75.2957353 1447.20 14.000
SKNV/20 2.9580100 -75.2919998 1450.00 194.000
SKPB/09 12.2206185 -71.9915403 90.00 82.800
SKPB/27 12.2223997 -71.9770966 90.00 262.800
SKPC/07 6.1806898 -67.5001984 180.00 60.000
SKPC/25 6.1887298 -67.4860992 180.00 240.000
SKPD/17 3.8615100 -67.9077988 460.00 168.700
SKPD/35 3.8455400 -67.9046021 460.00 348.700
SKPE/08 4.8098998 -75.7481995 4342.00 73.000
SKPE/26 4.8154402 -75.7307968 4418.00 253.000
SKPN/06 6.2085099 -74.5949020 450.00 71.000
SKPN/24 6.2115302 -74.5863037 476.00 251.000
SKPP/07 2.4516201 -76.6174011 5633.00 70.800
SKPP/25 2.4572401 -76.6014023 5687.00 250.800
SKPQ/01 5.4698600 -74.6579970 566.00 3.000
SKPQ/19 5.4973600 -74.6567000 566.00 183.000
SKPS/02 1.3867269 -77.2941451 5840.00 16.000
SKPS/20 1.4058421 -77.2887256 5840.00 196.000
SKPV/17 13.3620996 -81.3593979 10.00 169.100
SKPV/35 13.3516998 -81.3573990 10.00 349.100
SKRG/01 6.1492700 -75.4230190 6967.00 0.000
SKRG/19 6.1803670 -75.4232250 7025.00 180.000
SKSA/16 6.9502785 -71.8562853 671.66 150.000
SKSA/34 6.9411998 -71.8544998 667.00 330.000
SKSJ/01 2.5737896 -72.6399223 604.75 5.300
SKSJ/19 2.5864201 -72.6387024 601.00 185.300
SKSM/01 11.1120005 -74.2304993 8.00 359.000
SKSM/19 11.1273003 -74.2307968 22.00 179.000
SKSP/06 12.5782003 -81.7205963 8.00 59.300
SKSP/24 12.5889997 -81.7016983 8.00 239.300
SKTB/09 8.6307402 -72.7371979 194.00 83.400
SKTB/27 8.6323004 -72.7236023 194.00 263.400
SKTM/07 6.4464302 -71.7680969 1050.00 59.000
SKTM/25 6.4557300 -71.7524033 1050.00 239.000
SKTQ/07 0.7421060 -75.2416992 585.00 64.000
SKTQ/25 0.7496940 -75.2264023 571.00 244.000
SKUA/07 5.5203099 -68.6939011 279.00 63.400
SKUA/25 5.5286598 -68.6772995 282.00 243.400
SKUC/11 7.0701299 -70.7463989 420.00 98.000
SKUC/29 7.0676298 -70.7275009 420.00 278.000
SKUI/13 5.6941500 -76.6464996 175.00 122.000
SKUI/31 5.6877765 -76.6364573 202.23 302.000
SKVL/15 5.9456601 -74.4607010 482.00 150.400
SKVL/33 5.9324298 -74.4532013 566.00 330.400
SKVP/02 10.4257002 -73.2510986 449.00 10.000
SKVP/20 10.4443998 -73.2479019 483.00 190.000
SKVV/05 4.1618800 -73.6185989 1394.00 39.000
SKVV/23 4.1738701 -73.6089020 1365.00 219.000
SKYP/05 5.3118321 -72.3912372 1007.28 45.100
SKYP/23 5.3262295 -72.3768212 1026.51 225.100
SLAG/16 -19.8165360 -63.9667820 3671.00 150.000
SLAG/34 -19.8321610 -63.9572030 3627.00 330.000
SLCB/05 -17.4298000 -66.1840970 8337.00 37.000
SLCB/23 -17.4124035 -66.1701655 8358.06 217.000
SLCB/14 -17.4096008 -66.1903997 8359.82 131.900
SLCB/32 -17.4301979 -66.1666016 8353.55 311.900
SLCO/02 -11.0493002 -68.7845993 892.00 11.000
SLCO/20 -11.0314999 -68.7811966 835.00 191.000
SLET/16 -17.8013992 -63.1792984 1372.00 144.000
SLET/34 -17.8218002 -63.1637001 1359.00 324.000
SLLP/10 -16.5126991 -68.2109985 13110.00 91.900
SLLP/28 -16.5139008 -68.1735001 13314.00 271.900
SLLP/10L -16.5041008 -68.1984024 13202.00 98.000
SLLP/28R -16.5065994 -68.1792984 13307.00 278.000
SLPS/05 -18.9830000 -57.8256000 439.00 32.000
SLPS/23 -18.9676000 -57.8156010 374.00 212.000
SLSU/05 -19.0115202 -65.2934935 9502.71 46.000
SLSU/23 -19.0013183 -65.2826229 9448.45 226.000
SLSV/18 -16.3889999 -61.0475006 1482.00 169.000
SLSV/36 -16.4134007 -61.0428009 1482.00 349.000
SLTJ/13 -21.5480003 -64.7134018 6083.00 124.300
SLTJ/31 -21.5634995 -64.6892014 6047.00 304.300
SLTR/14 -14.8111000 -64.9259033 509.00 134.900
SLTR/32 -14.8263998 -64.9101028 509.00 314.900
SLVR/16 -17.6315002 -63.1442986 1218.00 147.000
SLVR/34 -17.6580009 -63.1264000 1224.00 327.000
SMJP/11 5.4527402 -55.2034988 56.00 89.700
SMJP/29 5.4529200 -55.1721001 57.00 269.700
SNAV/14 -9.5033113 -40.3724009 1311.30 113.000
SNAV/32 -9.5061100 -40.3656900 1314.00 293.000
SNRZ/03 -20.7198009 -44.8664017 3320.00 11.660
SNRZ/21 -20.7092991 -44.8641014 3306.00 191.660
SNSM/09 -0.6978553 -47.3411536 90.86 70.000
SNSM/27 -0.6935200 -47.3290700 105.00 250.000
SOCA/08 4.8137798 -52.3735008 18.00 65.300
SOCA/26 4.8258400 -52.3474007 25.00 245.300
SOOR/06 4.3106999 -52.1349983 21.00 39.000
SPAS/12 -2.7916300 -76.4747009 728.00 119.000
SPAS/30 -2.8006301 -76.4585037 728.00 299.000
SPCL/02 -8.3898401 -74.5786972 513.00 20.000
SPCL/20 -8.3660402 -74.5699005 513.00 200.000
SPCM/09 -7.3356110 -74.9965830 495.00 90.000
SPCM/27 -7.3359440 -74.9884720 479.00 270.000
SPEO/01 -9.1576900 -78.5249023 69.00 7.300
SPEO/19 -9.1415396 -78.5227966 69.00 187.300
SPEQ/06 -17.1823006 -70.9384995 4470.00 66.000
SPEQ/24 -17.1756992 -70.9231033 4480.00 246.000
SPHI/01 -6.7986798 -79.8294983 94.00 7.000
SPHI/19 -6.7762699 -79.8266983 97.00 187.000
SPHO/02 -13.1665001 -74.2093964 8917.00 22.600
SPHO/20 -13.1430998 -74.1995010 8994.00 202.600
SPHY/03 -13.7161999 -73.3565979 11300.00 31.800
SPHY/21 -13.6966000 -73.3442001 11300.00 211.800
SPHZ/16 -9.3344898 -77.6026993 9022.00 161.700
SPHZ/34 -9.3604002 -77.5941010 9022.00 341.700
SPIM/16L -12.0076100 -77.1213600 46.00 154.000
SPIM/34R -12.0263828 -77.1122260 101.35 333.000
SPJI/03 -7.1769800 -76.7339020 1148.00 34.000
SPJI/21 -7.1612200 -76.7231980 1136.00 214.000
SPJJ/13 -11.7753000 -75.4835968 10900.00 128.000
SPJJ/31 -11.7909002 -75.4632034 10900.00 308.000
SPJL/12 -15.4600000 -70.1763000 12552.00 112.000
SPJL/30 -15.4742000 -70.1399990 12546.00 292.000
SPJR/16 -7.1287699 -78.4936981 8848.00 157.700
SPJR/34 -7.1496000 -78.4850998 8758.00 337.700
SPLO/12 -17.6903000 -71.3546982 72.00 114.800
SPLO/30 -17.6998005 -71.3331985 72.00 294.800
SPLP/02 -12.1698963 -77.0019700 249.38 18.000
SPLP/20 -12.1501999 -76.9954987 240.00 198.000
SPME/14 -3.5434170 -80.3880840 96.00 141.000
SPME/32 -3.5611110 -80.3740540 96.00 321.000
SPMS/09 -5.8931499 -76.1262970 570.00 94.000
SPMS/27 -5.8943901 -76.1100998 587.00 274.000
SPNC/07 -9.8821296 -76.2128625 6070.00 68.000
SPNC/25 -9.8744800 -76.1941990 6070.00 248.000
SPPH/03 -7.2037780 -75.2956940 434.00 30.000
SPPH/21 -7.1983610 -75.2923890 431.00 210.000
SPQT/06 -3.7909501 -73.3181992 306.00 56.700
SPQT/24 -3.7785299 -73.2994003 295.00 236.700
SPQU/10 -16.3398000 -71.5847020 8270.00 93.000
SPQU/28 -16.3410885 -71.5610848 8383.89 273.000
SPRU/02 -8.0944901 -79.1128006 46.00 17.000
SPRU/20 -8.0683298 -79.1047974 106.00 197.000
SPSO/04 -13.7556000 -76.2288971 11.00 38.000
SPSO/22 -13.7341003 -76.2117004 39.00 218.000
SPST/17 -6.4971700 -76.3752975 869.00 171.000
SPST/35 -6.5203099 -76.3712006 792.00 351.000
SPTN/02 -18.0639000 -70.2798004 1375.00 20.000
SPTN/20 -18.0426006 -70.2718964 1538.00 200.000
SPTU/01 -12.6288996 -69.2287979 659.00 2.100
SPTU/19 -12.5972996 -69.2276001 656.00 182.100
SPUR/01 -5.2167902 -80.6188965 120.00 12.500
SPUR/19 -5.1947298 -80.6139984 120.00 192.500
SPYL/17 -4.5656800 -81.2561035 277.00 169.900
SPYL/35 -4.5875702 -81.2521973 282.00 349.900
SPZA/07 -14.8557997 -74.9658966 1805.00 66.000
SPZA/25 -14.8522007 -74.9574323 1800.13 246.000
SPZO/10 -13.5340996 -71.9543991 10860.00 95.900
SPZO/28 -13.5373001 -71.9232025 10702.00 275.900
SRV/18 61.7930985 -156.5859985 221.00 200.000
SRV/36 61.7863998 -156.5910034 220.00 20.000
SSBL/19 -26.8286383 -49.0943075 49.88 167.000
SSBL/01 -26.8350007 -49.0927435 58.12 347.000
SSBN/27 -30.1877415 -51.1779422 14.85 251.000
SSIJ/18 -28.3633020 -53.8483970 1163.00 162.000
SSIJ/36 -28.3740660 -53.8444910 1188.00 342.000
SSKT/03 -27.6151698 -48.6739291 19.40 10.000
SSKT/21 -27.6073647 -48.6723881 20.88 190.000
SSOK/11 -23.2145861 -51.1876941 1920.20 89.000
SSOK/29 -23.2146718 -51.1798289 1920.96 251.000
SUAA/01 -34.7945824 -56.2645493 174.00 7.000
SUAA/19 -34.7834358 -56.2653275 151.00 187.000
SUDU/03 -33.3694000 -56.5046010 272.00 23.000
SUDU/21 -33.3504980 -56.4949000 305.00 203.000
SUDU/10 -33.3596000 -56.5107990 276.00 90.000
SUDU/28 -33.3587990 -56.4953000 295.00 270.000
SULS/01 -34.8646011 -55.0937996 95.00 357.900
SULS/19 -34.8502007 -55.0945015 75.00 177.900
SULS/08 -34.8597984 -55.1123009 92.00 72.500
SULS/26 -34.8540001 -55.0900993 69.00 252.500
SUMU/01 -34.8419189 -56.0307312 62.00 359.000
SUMU/19 -34.8217010 -56.0309525 51.00 179.000
SUMU/07 -34.8421049 -56.0369336 55.13 53.000
SUMU/25 -34.8276093 -56.0132088 102.39 233.000
SUPE/02 -34.9096361 -54.9195111 50.38 17.000
SUPE/20 -34.9068540 -54.9198770 33.00 197.000
SUSO/05 -31.4440994 -57.9905014 187.00 38.900
SUSO/23 -31.4328995 -57.9800987 171.00 218.900
SUSO/13 -31.4307995 -57.9891014 157.00 116.000
SUSO/31 -31.4337997 -57.9821014 174.00 296.000
SVAC/11 9.5555801 -69.2455978 732.00 105.000
SVAC/29 9.5512600 -69.2294998 741.00 285.000
SVBC/02 10.0973997 -64.6913986 39.00 13.000
SVBC/20 10.1168827 -64.6870152 22.03 193.000
SVBC/15 10.1218004 -64.7005005 13.00 142.600
SVBC/33 10.1002998 -64.6838989 23.00 322.600
SVBI/03 8.6121597 -70.2259979 619.00 33.000
SVBI/21 8.6177877 -70.2223352 619.00 213.000
SVBI/13 8.6186896 -70.2195115 616.45 123.000
SVBI/31 8.6103497 -70.2065964 602.00 303.000
SVBM/09 10.0403004 -69.3718033 2042.00 81.000
SVBM/27 10.0437394 -69.3501385 2007.76 261.000
SVCR/09 11.4131002 -69.6909027 50.00 79.000
SVCR/27 11.4167004 -69.6724014 50.00 259.000
SVCS/10 10.2872000 -66.8253021 2145.00 94.100
SVCS/28 10.2859001 -66.8070984 2119.00 274.100
SVCU/08 10.4438000 -64.1429977 25.00 62.000
SVCU/26 10.4568005 -64.1178970 25.00 242.000
SVHG/08 10.4605999 -66.0979004 10.00 70.000
SVHG/26 10.4643002 -66.0876007 10.00 250.000
SVJC/09 11.7797003 -70.1642990 75.00 85.000
SVJC/27 11.7819004 -70.1387024 75.00 265.000
SVLF/01 8.2299995 -72.2711029 289.00 0.000
SVLF/19 8.2483101 -72.2710037 323.00 180.000
SVMC/03L 10.5459000 -71.7341000 216.00 31.000
SVMC/21R 10.5709000 -71.7235030 239.00 211.000
SVMC/03R 10.5476000 -71.7313000 229.00 31.000
SVMC/21L 10.5684000 -71.7225040 207.00 211.000
SVMG/09 10.9093000 -63.9809000 74.00 78.000
SVMG/27 10.9149190 -63.9536472 34.94 258.000
SVMI/09 10.5986996 -66.9977036 230.00 76.000
SVMI/27 10.6051998 -66.9710999 101.00 256.000
SVMI/10 10.6037998 -67.0128021 235.00 88.000
SVMI/28 10.6048002 -66.9807968 147.00 268.000
SVMT/06 9.7440516 -63.1590617 211.11 49.000
SVMT/24 9.7553196 -63.1463013 194.00 229.000
SVPA/04 5.6101699 -67.6119003 245.00 30.000
SVPA/22 5.6298099 -67.6003036 244.00 210.000
SVPM/02 7.7966390 -72.2038700 3293.00 13.000
SVPM/20 7.8062200 -72.2017210 3289.00 193.000
SVPR/07 8.2845001 -62.7686996 472.00 64.000
SVPR/25 8.2925596 -62.7519989 472.00 244.000
SVSO/11 7.5699201 -72.0481033 1083.00 110.400
SVSO/29 7.5603099 -72.0222015 940.00 290.400
SVSR/11 7.8859901 -67.4524994 156.00 108.000
SVSR/29 7.8806500 -67.4356003 156.00 288.000
SVSZ/18 8.9858846 -71.9431865 31.53 179.000
SVSZ/36 8.9622602 -71.9429016 16.00 359.000
SVVA/10 10.1504002 -67.9420013 1415.00 92.800
SVVA/28 10.1491003 -67.9148026 1400.00 272.800
SVVG/09 8.6220398 -71.6874008 241.00 81.900
SVVG/27 8.6255309 -71.6626717 263.02 261.900
SVVL/03 9.3322164 -70.5868088 1942.73 27.000
SVVL/21 9.3497400 -70.5812000 1798.00 207.000
SWHP/03 -14.0264340 -52.1536334 1504.15 14.000
SWHP/21 -14.0129995 -52.1501999 1512.00 194.000
SWIT/01 -25.4880024 -54.4411367 860.59 356.000
SWIT/19 -25.4808295 -54.4416100 863.90 177.000
SWVW/06 -20.5378000 -45.6060980 2567.00 39.000
SWVW/24 -20.5331580 -45.6020960 2588.85 219.000
SWVX/17 -10.2372000 -60.1427000 493.00 158.000
SWVX/35 -10.2457000 -60.1391000 506.00 338.000
SWWH/03 -21.9873010 -53.9047010 1164.00 8.000
SWWH/21 -21.9782010 -53.9033010 1120.00 188.000
SYCJ/06 6.4919000 -58.2607990 96.00 45.000
SYCJ/24 6.5064200 -58.2463000 71.00 225.000
SYCJ/11 6.4985900 -58.2624020 74.00 90.000
SYCJ/29 6.4985900 -58.2486990 81.00 270.000
TAPA/07 17.1311416 -61.8020968 55.01 58.400
TAPA/25 17.1431999 -61.7817001 17.00 238.400
TBPB/09 13.0709000 -59.5074997 169.00 75.900
TBPB/27 13.0783005 -59.4774017 160.00 255.900
TDCF/01 15.3336996 -61.3919862 13.00 356.300
TDCF/19 15.3409996 -61.3925018 13.00 176.300
TDPD/09 15.5449631 -61.3059348 69.44 70.000
TDPD/27 15.5493000 -61.2935980 14.00 250.000
TFFF/10 14.5884638 -61.0182877 10.00 80.000
TFFF/28 14.5923098 -60.9958708 13.60 260.000
TFFG/12 18.1013399 -63.0521573 7.00 107.200
TFFG/30 18.0987265 -63.0432477 7.00 287.200
TFFJ/10 17.9043220 -62.8466070 48.00 89.000
TFFJ/28 17.9044650 -62.8405080 4.00 269.000
TFFM/09 15.8676004 -61.2757988 13.00 78.300
TFFM/27 15.8698997 -61.2644997 16.00 258.300
TFFR/12 16.2676129 -61.5442236 8.08 101.000
TFFR/30 16.2627294 -61.5179997 30.07 281.000
TGPY/10 12.0043001 -61.7988014 21.00 90.300
TGPY/28 12.0042000 -61.7736015 41.00 270.300
TIST/10 18.3369007 -64.9833984 23.00 87.500
TIST/28 18.3374248 -64.9699382 14.94 267.500
TISX/10 17.7001000 -64.8162000 74.00 84.000
TISX/28 17.7026183 -64.7905100 31.62 264.000
TJ-0011/03 38.3605700 69.9832500 4799.00 34.000
TJ-0011/21 38.3687328 69.9902485 4890.53 214.000
TJAB/08 18.4479008 -66.6806030 7.00 67.800
TJAB/26 18.4519997 -66.6699982 23.00 247.800
TJBQ/08 18.4899998 -67.1454010 237.00 72.000
TJBQ/26 18.4997005 -67.1130981 194.00 252.000
TJIG/09 18.4559002 -66.1056976 9.00 82.800
TJIG/27 18.4575289 -66.0919334 7.19 262.800
TJMZ/09 18.2539997 -67.1555023 28.00 76.000
TJMZ/27 18.2572994 -67.1414032 28.00 256.000
TJPS/12 18.0105316 -66.5703393 23.11 108.000
TJPS/30 18.0053997 -66.5535965 24.00 288.000
TJSJ/08 18.4388008 -66.0149002 8.00 67.000
TJSJ/26 18.4492635 -65.9888817 7.02 247.000
TJSJ/10 18.4335995 -66.0137024 8.00 90.000
TJSJ/28 18.4335003 -65.9906006 8.00 270.000
TJVQ/09 18.1339524 -65.4970851 42.63 77.000
TJVQ/27 18.1362000 -65.4876022 26.00 257.000
TKPK/07 17.3057978 -62.7273163 167.82 57.100
TKPK/25 17.3169003 -62.7094994 161.00 237.100
TKPN/10 17.2056285 -62.5939503 13.71 89.000
TKPN/28 17.2057000 -62.5840990 12.00 269.000
TLPC/09 14.0180024 -61.0000391 19.26 75.000
TLPC/27 14.0209855 -60.9883477 11.76 255.000
TLPL/10 13.7332001 -60.9653015 11.00 90.000
TLPL/28 13.7332001 -60.9412906 10.05 270.000
TNCA/11 12.5044003 -70.0274963 12.00 103.600
TNCA/29 12.4983997 -70.0029984 62.00 283.600
TNCB/10 12.1314001 -68.2817993 14.00 91.700
TNCB/28 12.1306000 -68.2553024 20.00 271.700
TNCC/11 12.1905221 -68.9676338 25.97 102.200
TNCC/29 12.1856003 -68.9445038 29.00 282.200
TNCE/06 17.4927006 -62.9841995 129.00 50.200
TNCE/24 17.5002995 -62.9747009 95.00 230.200
TNCM/10 18.0393002 -63.1188112 12.84 96.000
TNCM/28 18.0424640 -63.0982160 9.00 276.000
TQPF/11 18.2048775 -63.0602795 118.31 91.000
TQPF/29 18.2047235 -63.0474205 84.69 271.000
TR-0018/06 40.7449810 31.6416500 2441.00 65.000
TR-0018/24 40.7522810 31.6619500 2416.00 245.000
TR-0041/06 39.0922012 27.1469994 36.00 64.000
TR-0041/24 39.0932999 27.1497993 36.00 244.000
TR-0298/15 37.1012257 38.8421918 1481.60 151.000
TR-0298/33 37.0857010 38.8530998 1458.00 331.000
TT-TT01/10 10.4261082 -61.4451194 60.00 104.000
TT-TT01/28 10.4262220 -61.4380980 60.00 284.000
TT12/15 32.2747993 -97.6949997 712.00 150.000
TT12/33 32.2700996 -97.6918030 710.00 330.000
TT16/18 32.9403992 -98.3975983 1039.00 178.000
TT16/36 32.9329987 -98.3973007 1059.00 358.000
TT19/18 30.1604729 -94.7096329 71.00 184.000
TT19/36 30.1544895 -94.7101593 72.00 4.000
TT40/18 33.0792007 -98.7991028 1214.00 183.000
TT40/36 33.0722008 -98.7995987 1185.00 3.000
TT65/12 30.0324249 -96.4197693 311.00 129.000
TT65/30 30.0308037 -96.4174957 302.00 309.000
TT66/20 32.1114998 -96.8063965 516.00 208.000
TT75/18 30.4354890 -95.7458890 310.00 179.000
TT75/36 30.4296190 -95.7457610 325.00 359.000
TTCP/11 11.1504038 -60.8419048 28.00 94.100
TTCP/29 11.1487999 -60.8196983 20.00 274.100
TTPP/10 10.5952997 -61.3518982 30.00 90.000
TTPP/28 10.5953999 -61.3226013 58.00 270.000
TUPJ/07 18.4430498 -64.5461656 13.26 61.000
TUPJ/25 18.4484408 -64.5362899 7.29 241.000
TVSC/13 12.7047911 -61.3516839 12.12 122.000
TVSC/31 12.6968049 -61.3384481 15.88 302.000
TVSM/09 12.8873392 -61.1820024 8.71 71.000
TVSM/27 12.8893995 -61.1758003 8.00 251.000
TX13/19 35.8972015 -101.0270004 2766.00 196.000
TX25/17 31.9960995 -95.9524994 391.00 170.000
TX25/35 31.9827995 -95.9496994 391.00 350.000
TXKF/12 32.3666990 -64.6940990 18.00 117.000
TXKF/30 32.3614010 -64.6633000 18.00 297.000
U48/25 43.2181580 -113.2225310 5048.00 263.000
U74/05 40.4163017 -116.5699997 4787.00 70.000
U74/23 40.4213982 -116.5520020 4747.00 250.000
U74/14 40.4182014 -116.5699997 4787.00 152.000
U74/32 40.4068985 -116.5619965 4762.00 332.000
U87/14 43.9179001 -114.8000031 7160.00 155.000
U87/32 43.9067993 -114.7929993 7160.00 335.000
UA-9862/08 48.0747986 37.6988983 732.00 89.600
UA-9862/26 48.0752983 37.7523003 791.00 269.600
UA-9863/09 48.4197998 39.3549995 594.00 100.600
UA-9863/27 48.4150009 39.3932991 636.00 280.600
UAAA/05R 43.3412399 77.0174561 2224.00 56.000
UAAA/23L 43.3634796 77.0623474 2234.00 236.000
UAAH/05 46.8872986 74.9916992 1381.00 52.500
UAAH/23 46.9011002 75.0177994 1444.00 232.500
UACC/04 51.0110016 71.4496002 1165.00 45.000
UACC/22 51.0334015 71.4845963 1158.00 225.000
UADD/13 42.8630981 71.2916031 2148.00 137.000
UADD/31 42.8454492 71.3139626 2178.50 317.000
UAFM/07 43.0579990 74.4522020 2090.00 80.000
UAFM/25 43.0646020 74.5029980 2055.00 260.000
UAFO/12 40.6148070 72.7826072 2855.82 125.000
UAFO/30 40.6000557 72.8095856 2928.00 305.000
UAFW/11 42.8583984 74.8311005 2516.00 114.600
UAFW/29 42.8484001 74.8610001 2549.00 294.600
UAII/10 42.3678017 69.4627991 1319.00 106.700
UAII/28 42.3606987 69.4953995 1385.00 286.700
UAKD/04 47.7014999 67.7256012 1250.00 51.700
UAKD/22 47.7159996 67.7528000 1230.00 231.700
UAKK/05 49.6629982 73.3151016 1765.00 58.400
UAKK/23 49.6786003 73.3539963 1752.00 238.400
UARR/04 51.1442910 51.5281600 121.00 52.000
UARR/22 51.1597790 51.5597080 125.00 232.000
UASK/12 50.0438995 82.4809036 932.00 130.600
UASK/30 50.0293007 82.5074997 938.00 310.600
UASP/03 52.1866989 77.0616989 381.00 42.800
UASP/21 52.2030983 77.0864029 410.00 222.800
UASS/02 50.3452988 80.2304993 695.00 23.500
UASS/20 50.3535995 80.2360992 695.00 203.500
UASS/08 50.3498001 80.2126999 761.00 84.100
UASS/26 50.3527985 80.2559967 673.00 264.100
UATE/12 43.8665010 51.0780980 71.00 123.000
UATE/30 43.8536000 51.1059000 53.00 303.000
UATG/14 47.1335983 51.8114014 -73.00 149.900
UATG/32 47.1102982 51.8311996 -72.00 329.900
UATT/12 50.2555010 57.1917990 719.00 135.000
UATT/30 50.2358020 57.2224010 738.00 315.000
UAUU/14 53.2202070 63.5399060 598.00 157.000
UAUU/32 53.1969450 63.5564120 572.00 337.000
UBBB/16 40.4909290 50.0304340 -13.00 167.000
UBBB/34 40.4559170 50.0414310 -23.00 347.000
UBBB/17 40.4866982 50.0633011 10.00 179.000
UBBB/35 40.4566994 50.0633011 -13.00 359.000
UBBG/12 40.7480164 46.3047981 1076.00 128.000
UBBG/30 40.7297935 46.3354721 1083.00 308.000
UBBN/14L 39.1990010 45.4455990 2863.00 137.000
UBBN/32R 39.1772000 45.4712980 2819.00 317.000
UBBN/14R 39.1982994 45.4445000 2862.00 137.300
UBBN/32L 39.1772538 45.4695025 2820.49 317.300
UCFL/07 42.5849990 76.7016980 5426.00 74.000
UCFL/25 42.5900000 76.7249980 5423.00 254.000
UDLS/13 41.0542984 44.3282013 4836.00 130.700
UDLS/31 41.0425987 44.3461990 4819.00 310.700
UDSG/02 40.7370987 43.8516998 4941.00 24.000
UDSG/20 40.7635994 43.8670006 5000.00 204.000
UDYE/03 40.1114998 44.4562988 2900.00 32.800
UDYE/21 40.1289001 44.4704971 2945.06 212.800
UDYZ/08 40.1472020 44.3732990 2800.00 90.000
UDYZ/26 40.1474000 44.4184990 2838.00 270.000
UEEE/05R 62.0819016 129.7570038 322.00 36.900
UEEE/23L 62.1063004 129.7960052 315.00 216.900
UELL/08 56.9081001 124.8860016 2812.00 68.900
UELL/26 56.9197006 124.9410019 2697.00 248.900
UERP/17 66.4136963 112.0210037 1657.00 163.700
UERP/35 66.3871002 112.0400009 1640.00 343.700
UERR/07 62.5276985 114.0169983 1123.00 56.000
UERR/25 62.5416985 114.0609970 1156.00 236.000
UEST/03 71.6865307 128.8979616 20.50 7.700
UEST/21 71.7087167 128.9080136 25.49 187.700
UG-0001/18 -1.2783000 29.7189007 6181.00 172.000
UG-0001/36 -1.2877594 29.7203098 6245.86 352.000
UGKO/07 42.1748010 42.4677010 197.00 81.000
UGKO/25 42.1785010 42.4975010 223.00 261.000
UGSB/12 41.6161990 41.5901990 86.00 131.000
UGSB/30 41.6031000 41.6105000 105.00 311.000
UGSS/12 42.8670998 41.1092987 20.00 122.600
UGSS/30 42.8493996 41.1469994 53.00 302.600
UGTB/13R 41.6777992 44.9401016 1624.00 136.000
UGTB/31L 41.6581993 44.9649010 1558.00 316.000
UHBB/18 50.4378014 127.4079971 565.00 168.300
UHBB/36 50.4129982 127.4169998 638.00 348.300
UHHH/05L 48.5163994 135.1699982 225.00 42.000
UHHH/23R 48.5396996 135.2019958 223.00 222.000
UHHH/05R 48.5147018 135.1730042 228.00 42.000
UHHH/23L 48.5413017 135.2089996 235.00 222.000
UHMA/02 64.7198030 177.7319950 138.00 14.000
UHMA/20 64.7500990 177.7510070 194.00 194.000
UHMD/02 64.3690030 -173.2519990 22.00 22.000
UHMD/20 64.3872990 -173.2350010 68.00 202.000
UHMM/10 59.9118996 150.6900024 546.00 93.200
UHMM/28 59.9100990 150.7510071 574.00 273.200
UHMP/17 69.7937699 170.5902841 8.02 166.900
UHMP/35 69.7723999 170.6040039 9.00 346.900
UHPP/16R 53.1842000 158.4440000 112.00 157.000
UHPP/34L 53.1559980 158.4640050 131.00 337.000
UHSS/01 46.8703990 142.7169950 44.00 1.000
UHSS/19 46.9007990 142.7180020 49.00 181.000
UHWW/07R 43.3936996 132.1419983 32.00 61.100
UHWW/25L 43.4044991 132.1690063 44.00 241.100
UIAA/11 52.0287018 113.2850037 2272.00 100.500
UIAA/29 52.0240190 113.3249452 2201.83 280.500
UIBB/12 56.3764990 101.6750030 1606.00 115.000
UIBB/30 56.3646010 101.7220000 1602.00 295.000
UIII/12 52.2737007 104.3700027 1588.00 113.600
UIII/30 52.2622986 104.4130020 1675.00 293.600
UIUU/08 51.8067017 107.4169998 1690.00 83.000
UIUU/26 51.8129997 107.4649963 1657.00 263.000
UKBB/18L 50.3605995 30.9081001 410.00 183.000
UKBB/36R 50.3246994 30.9055996 422.00 3.000
UKBB/18R 50.3521996 30.8831005 419.00 183.000
UKBB/36L 50.3208008 30.8808002 403.00 3.000
UKCM/02 47.0653000 37.4435005 236.00 21.100
UKCM/20 47.0868988 37.4556999 246.00 201.100
UKCM/11 47.0774994 37.4533005 242.00 111.900
UKCM/29 47.0727997 37.4706001 227.00 291.900
UKDD/09 48.3572006 35.0814018 453.00 90.000
UKDD/27 48.3572006 35.1197014 472.00 270.000
UKDE/02 47.8567009 35.3091011 339.00 23.200
UKDE/20 47.8773994 35.3223000 373.00 203.200
UKDR/18 48.0544014 33.2117004 406.00 186.000
UKDR/36 48.0321999 33.2083015 376.00 6.000
UKFF/01L 45.0360985 33.9696999 598.00 13.000
UKFF/19R 45.0682983 33.9805984 578.00 193.000
UKFK/07 45.3707008 36.3927002 170.00 73.000
UKFK/25 45.3750992 36.4128990 162.00 253.000
UKHH/08 49.9249001 36.2745018 494.00 90.400
UKHH/26 49.9247017 36.3054008 485.00 270.400
UKKE/15 49.4252014 31.9866009 375.00 149.600
UKKE/33 49.4058990 32.0040016 353.00 329.600
UKKK/08 50.4011942 30.4372112 561.75 86.000
UKKK/26 50.4023709 30.4665258 586.44 266.000
UKKM/15 50.6176987 30.1812992 513.00 154.500
UKKM/33 50.5892982 30.2026005 506.00 334.500
UKLI/10 48.8866997 24.6700001 919.00 104.000
UKLI/28 48.8816986 24.7033005 904.00 284.000
UKLL/13 49.8208008 23.9438992 1071.00 136.000
UKLL/31 49.8044014 23.9682999 1055.00 316.000
UKLN/15 48.2681999 25.9740009 801.00 152.900
UKLN/33 48.2504005 25.9876003 827.00 332.900
UKLR/11 50.6127014 26.1254005 746.00 118.000
UKLR/29 50.6016006 26.1578999 751.00 298.000
UKLT/10 49.5264015 25.6868992 1072.00 104.400
UKLT/28 49.5219994 25.7131996 1022.00 284.400
UKLU/10 48.6363983 22.2499008 373.00 103.000
UKLU/28 48.6332864 22.2696670 377.42 283.000
UKON/05 47.0505981 31.9067001 151.00 50.900
UKON/23 47.0652008 31.9328995 184.00 230.900
UKOO/16 46.4388008 30.6713009 172.00 156.000
UKOO/34 46.4146996 30.6816998 165.00 336.000
ULAA/08 64.6016006 40.6907005 33.00 96.500
ULAA/26 64.5989990 40.7425995 49.00 276.500
ULLI/10L 59.8097000 30.2453995 59.00 106.400
ULLI/28R 59.8011017 30.3034992 66.00 286.400
ULLI/10R 59.7999001 30.2182999 66.00 106.400
ULLI/28L 59.7904015 30.2828999 79.00 286.400
ULLP/03 59.6750000 30.3250000 230.00 30.000
ULLP/21 59.6940000 30.3500000 230.00 210.000
ULMM/13 68.7910000 32.7336010 241.00 146.000
ULMM/31 68.7724000 32.7680020 266.00 326.000
ULOO/01 57.7753983 28.3903999 149.00 18.000
ULOO/19 57.7924995 28.4008007 154.00 198.000
ULPB/02 61.8748016 34.1454010 151.00 23.000
ULPB/20 61.8955002 34.1641006 138.00 203.000
UMBB/11 52.1129990 23.8787994 453.00 113.900
UMBB/29 52.1035004 23.9137001 463.00 293.900
UMGG/10 52.5311012 30.9990005 460.00 112.000
UMGG/28 52.5228996 31.0344009 467.00 292.000
UMII/06 55.1209984 30.3316002 630.00 62.200
UMII/24 55.1320000 30.3677006 679.00 242.200
UMKK/06 54.8854599 20.5747948 42.00 66.000
UMKK/24 54.8977928 20.6224117 31.00 246.000
UMMG/17 53.6133995 24.0531006 443.00 178.000
UMMG/35 53.5904999 24.0543995 430.00 358.000
UMMS/13L 53.9053001 28.0333004 646.00 138.000
UMMS/31R 53.8802986 28.0704002 681.00 318.000
UMMS/13R 53.8947601 28.0124702 639.00 139.000
UMMS/31L 53.8701668 28.0489674 669.00 319.000
UMOO/13 53.9631996 30.0816994 625.00 136.600
UMOO/31 53.9466019 30.1084003 616.00 316.600
UNAA/02 53.7307754 91.3779809 829.94 26.000
UNAA/20 53.7512443 91.3938866 824.52 206.000
UNBB/06 53.3600183 83.5236598 824.39 67.200
UNBB/24 53.3686981 83.5582962 820.00 247.200
UNCC/02 55.1000000 82.9000000 564.00 26.000
UNCC/20 55.1000000 82.9000000 564.00 206.000
UNEE/05 55.2616005 86.0868988 822.00 53.600
UNEE/23 55.2785988 86.1275024 834.00 233.600
UNKL/11 56.1795006 92.4658966 942.00 113.100
UNKL/29 56.1664009 92.5206985 942.00 293.100
UNNT/07 55.0101013 82.6229019 365.00 81.000
UNNT/25 55.0150986 82.6784973 363.00 261.000
UNNT/16 55.0499992 82.5933304 362.00 170.000
UNNT/34 55.0166702 82.6033325 368.00 350.000
UNOO/07 54.9645004 73.2914963 311.00 76.900
UNOO/25 54.9696007 73.3295975 293.00 256.900
UNTR/01 56.5000000 84.7000000 394.00 14.000
UNTR/19 56.5000000 84.7000000 394.00 194.000
UNTT/03 56.3737984 85.1994019 597.00 25.000
UNTT/21 56.3925018 85.2217026 552.00 205.000
UOHH/06 71.9729004 102.4550018 95.00 64.900
UOHH/24 71.9824372 102.5207364 49.62 244.900
UOOO/01 69.2980420 87.3086400 538.00 32.000
UOOO/19 69.3194050 87.3468860 571.00 212.000
URKA/04 44.9936981 37.3367004 137.00 42.300
URKA/22 45.0105019 37.3578987 174.00 222.300
URKG/01 44.5685010 38.0083010 90.00 14.000
URKG/19 44.5955010 38.0177000 132.00 194.000
URKK/05L 45.0290985 39.1413994 107.00 53.000
URKK/23R 45.0410995 39.1635017 111.00 233.000
URKK/05R 45.0260010 39.1734009 111.00 53.000
URKK/23L 45.0424004 39.2036018 118.00 233.000
URML/14 42.8238330 47.6464650 -2.00 149.000
URML/32 42.8067320 47.6609760 12.00 329.000
URMM/11 44.2344020 43.0612980 1043.00 122.000
URMM/29 44.2156980 43.1025010 1046.00 302.000
URMN/06 43.5083008 43.6244011 1462.00 63.400
URMN/24 43.5175018 43.6487007 1378.00 243.400
URMO/09 43.2078018 44.5886002 1634.00 102.000
URMO/27 43.2024002 44.6246986 1673.00 282.000
URMT/07 45.1063995 42.0965996 1486.00 76.000
URMT/25 45.1120987 42.1291008 1434.00 256.000
URRP/05 47.4845352 39.9053612 226.00 54.000
URRP/23 47.5033989 39.9441910 281.00 234.000
URRT/10 47.2013016 38.8317986 117.00 104.000
URRT/28 47.1958008 38.8638000 69.00 284.000
URSS/02 43.4357986 39.9458008 50.00 22.000
URSS/20 43.4532013 39.9590988 90.00 202.000
URSS/06 43.4394989 39.9258995 39.00 58.000
URSS/24 43.4505997 39.9584999 86.00 238.000
URWA/09 46.2845840 47.9901352 -74.00 96.000
URWA/27 46.2811623 48.0313606 -65.00 276.000
URWA/11 46.2827340 47.9946590 -79.00 121.000
URWA/29 46.2737460 48.0163350 -76.00 301.000
URWI/09 46.3765560 44.3032760 501.00 98.000
URWI/27 46.3726650 44.3444710 484.00 278.000
URWW/05 48.7767445 44.3244857 401.24 64.000
URWW/23 48.7857280 44.3528440 464.00 244.000
US-0087/12 46.7168999 -120.3320007 2180.00 135.500
US-0087/30 46.7092018 -120.3209991 2105.00 315.500
US-0533/18 38.9722519 -97.6023026 1328.00 180.000
US-0533/36 38.9652862 -97.6023026 1352.00 0.000
US-0655/18 37.2577858 -96.9604492 1212.00 179.000
US-0655/36 37.2522392 -96.9602890 1184.00 359.000
US-0962/10 34.8715935 -113.5898743 2849.00 107.000
US-0962/28 34.8699226 -113.5834045 2922.00 287.000
US-0F3/16 43.3914986 -95.1405029 1434.00 167.000
US-0F3/34 43.3834000 -95.1378021 1420.00 347.000
US-10021/09 41.3361015 -83.7279968 684.00 91.000
US-10021/27 41.3358994 -83.7183990 690.00 271.000
US-10126/02 42.7846985 -74.8024979 1993.00 20.000
US-10126/20 42.7886009 -74.8005981 1993.00 200.000
US-10189/14 33.3816986 -110.4649963 2896.00 144.200
US-10189/32 33.3655933 -110.4515387 2807.44 303.000
US-10379/21 42.5170835 -88.2030262 851.99 224.000
US-10387/04 36.9648018 -88.5689011 338.00 47.000
US-10387/22 36.9697883 -88.5621518 337.08 227.000
US-10764/16 32.4247017 -100.8119965 2168.00 168.000
US-10777/36 44.6632004 -93.7844092 954.58 270.000
US-10782/09 35.9990005 -79.6932983 777.00 90.000
US-10782/27 35.9990005 -79.6861184 756.59 270.000
US-10812/23 44.4705049 -83.8814566 945.00 261.200
US-10812/33 44.4673996 -83.8800964 945.00 280.200
US-1085/20 42.7834625 -75.1658325 1390.00 190.000
US-1107/24 37.2994270 -95.2598190 890.00 254.000
US-11071/09 29.9129009 -95.8328018 165.00 92.000
US-11071/27 29.9125996 -95.8203964 165.00 272.000
US-1110/26 39.0283928 -84.0427246 896.00 254.000
US-1113/27 42.9736940 -94.0318070 1165.00 270.000
US-11135/12 35.2414017 -111.9400024 6923.00 133.900
US-11135/30 35.2352982 -111.9319992 6958.00 0.000
US-11137/36 41.4724636 -84.9072043 910.00 322.000
US-1114/22 41.6071243 -94.6144257 1379.00 214.000
US-1116/21 44.7430573 -114.9169464 4276.00 213.000
US-11185/08 37.9597015 -104.7910004 5796.00 89.900
US-11231/11 38.3947983 -121.3339996 55.00 130.000
US-11231/29 38.3899002 -121.3270035 58.00 310.000
US-11491/10 34.0909996 -82.5745010 508.00 96.100
US-11491/28 34.0881408 -82.5635816 496.36 223.000
US-11493/11 43.3093987 -100.6340027 2605.00 124.500
US-11493/29 43.3044014 -100.6240005 2560.00 267.000
US-11495/05 41.4777012 -87.9248638 751.78 45.900
US-11495/23 41.4815769 -87.9195229 743.16 225.900
US-11495/13 41.4821598 -87.9241143 740.13 133.000
US-11495/31 41.4771004 -87.9169006 742.00 313.000
US-11496/18 39.7169030 -87.4002991 520.00 180.000
US-11496/36 39.7092409 -87.4016339 520.00 338.000
US-11499/09 38.8470001 -90.5075989 442.00 90.800
US-11499/27 38.8468018 -90.4954987 442.00 270.800
US-11499/15 38.8520220 -90.4989685 440.35 153.200
US-11499/33 38.8470001 -90.4956970 442.00 333.200
US-11499/18 38.8520034 -90.5007019 440.37 180.000
US-11499/36 38.8474492 -90.5007019 441.81 0.000
US-11500/11 40.5928993 -105.0490036 4939.00 128.500
US-11500/29 40.5844975 -105.0351491 4923.30 308.500
US-11503/09 48.1170006 -105.1880035 2005.00 105.000
US-11503/27 48.1148987 -105.1760025 2002.00 285.000
US-11505/06 37.6847992 -82.2658997 1575.00 53.800
US-11505/24 37.6896646 -82.2575431 1575.85 233.800
US-11507/16 30.5508529 -84.3754133 153.61 159.000
US-11507/34 30.5461431 -84.3733579 150.83 339.000
US-11508/08 43.0288391 -83.5354670 776.20 85.300
US-11508/26 43.0294164 -83.5245763 779.58 265.300
US-11510/10 40.0098991 -79.3274002 2907.00 88.300
US-11510/28 40.0102005 -79.3164978 2873.00 268.300
US-11512/17 30.1583004 -95.3226013 122.00 174.000
US-11513/04 39.3558656 -74.4565610 7.00 27.000
US-11513/22 39.3619003 -74.4524994 7.00 207.000
US-11513/11 39.3620987 -74.4624023 7.00 103.000
US-11513/29 39.3603715 -74.4527121 7.96 283.000
US-11514/07 47.2476997 -91.4216995 1089.00 72.000
US-11514/25 47.2503014 -91.4094009 1083.00 252.000
US-11515/11 46.1907997 -103.4359970 2954.00 125.200
US-11515/29 46.1832008 -103.4199982 2956.00 305.200
US-11516/09 34.1598015 -85.6407013 603.00 89.000
US-11516/27 34.1599007 -85.6295013 619.00 269.000
US-11517/08 35.0819356 -92.4294651 315.00 79.000
US-11517/26 35.0832394 -92.4216012 315.00 259.000
US-11517/18 35.0824768 -92.4246286 306.43 183.300
US-11517/36 35.0738983 -92.4252014 315.00 3.300
US-11518/09 29.9351997 -95.6451035 137.00 90.200
US-11518/27 29.9351997 -95.6342010 134.00 270.200
US-11520/14 33.7775002 -97.7410965 905.00 145.000
US-11520/32 33.7703018 -97.7350006 897.00 325.000
US-11521/17 33.8513985 -101.7630005 3327.00 180.000
US-11522/18 38.1978989 -90.3849030 432.00 187.600
US-11522/36 38.1918983 -90.3859024 430.00 7.600
US-11524/03 35.2159996 -84.8348999 828.00 26.000
US-11524/21 35.2240982 -84.8300018 874.00 206.000
US-11525/09 35.9342003 -79.0726013 512.00 81.900
US-11525/27 35.9356013 -79.0609092 494.55 261.900
US-11526/10 45.1179008 -95.1007004 1118.00 108.600
US-11526/28 45.1128998 -95.0798035 1127.00 288.600
US-11526/18 45.1193942 -95.0859922 1119.66 187.300
US-11526/36 45.1117908 -95.0873135 1122.80 7.300
US-11527/02 48.1719017 -103.6439972 1915.00 30.400
US-11527/20 48.1800003 -103.6370010 1917.00 210.400
US-11527/11 48.1841011 -103.6549988 1982.00 124.300
US-11527/29 48.1739006 -103.6320038 1894.00 304.300
US-11528/06 39.2439003 -84.3939972 856.00 55.000
US-11528/24 39.2495003 -84.3839035 830.00 235.000
US-11531/03 31.8918991 -92.2203979 130.00 30.700
US-11531/21 31.8990002 -92.2154007 130.00 210.700
US-11532/06 34.1273994 -117.4100037 1442.00 72.300
US-11532/24 34.1310997 -117.3960037 1439.00 252.300
US-11532/17 34.1332016 -117.3990021 1455.00 179.600
US-11532/35 34.1259003 -117.3990021 1412.00 359.600
US-11534/16 35.2360765 -90.7626652 369.91 168.200
US-11534/34 35.2266617 -90.7601456 369.05 348.200
US-11536/17 34.5614005 -92.6070802 315.16 179.000
US-11536/35 34.5522905 -92.6068131 289.25 359.000
US-11537/08 41.0343059 -75.1657650 471.29 67.000
US-11537/26 41.0367767 -75.1580781 477.76 247.000
US-11538/06 41.5738983 -73.7368011 326.00 47.000
US-11538/24 41.5801010 -73.7278976 351.00 227.000
US-11539/11 40.3177986 -76.5417023 456.00 100.400
US-11540/04 30.3418007 -87.5457993 61.00 43.000
US-11540/22 30.3477993 -87.5392990 51.00 223.000
US-11540/09 30.3425007 -87.5466995 60.00 88.000
US-11540/27 30.3428001 -87.5374985 51.00 268.000
US-11540/18 30.3491993 -87.5401993 59.00 176.000
US-11540/36 30.3409996 -87.5394974 59.00 356.000
US-11541/09 30.4272995 -86.8993988 34.00 91.000
US-11541/27 30.4270992 -86.8880005 38.00 271.000
US-11541/17 30.4302998 -86.8968964 31.00 177.000
US-11541/35 30.4204006 -86.8963013 34.00 357.000
US-11542/05 30.4657993 -87.3424988 65.00 45.000
US-11542/23 30.4736004 -87.3336029 73.00 225.000
US-11542/14 30.4738998 -87.3422012 68.00 139.000
US-11542/32 30.4655991 -87.3339005 77.00 319.000
US-11544/16 42.9958992 -96.0649033 1414.00 165.000
US-11544/34 42.9846001 -96.0606995 1393.00 345.000
US-11546/05 36.4356995 -77.7143021 256.00 46.300
US-11546/23 36.4431992 -77.7043991 255.00 226.300
US-11546/16 36.4422989 -77.7070007 252.00 155.000
US-11546/34 36.4361992 -77.7033997 220.00 335.000
US-11548/09 41.4329397 -82.6577199 576.00 85.500
US-11548/27 41.4337006 -82.6454010 576.00 265.500
US-11548/18 41.4370003 -82.6531982 575.00 176.000
US-11548/36 41.4310113 -82.6525999 577.53 356.000
US-11549/18 43.1397018 -96.1875992 1448.00 179.000
US-11549/36 43.1292000 -96.1874008 1444.00 359.000
US-11550/08 31.7196433 -106.2459490 4000.65 88.600
US-11550/26 31.7201004 -106.2259979 4007.00 268.600
US-11552/01 43.6570015 -108.2129974 4592.00 22.400
US-11552/19 43.6692009 -108.2060013 4474.00 202.400
US-11554/05 38.7452011 -76.9363022 239.00 41.000
US-11554/23 38.7514000 -76.9293976 238.00 221.000
US-11555/09 32.3431015 -106.4120026 3932.00 101.400
US-11555/27 32.3396988 -106.3929977 3934.00 281.400
US-11556/17 34.6591988 -102.6949997 4003.00 180.000
US-11557/06 35.0811996 -108.7990036 6434.00 72.300
US-11557/24 35.0852013 -108.7839966 6449.00 252.300
US-11584/09 41.4775009 -87.8474662 776.38 90.000
US-11584/27 41.4775009 -87.8350958 765.94 270.000
US-11809/10 40.5032997 -75.7871017 475.00 90.000
US-11809/28 40.5032005 -75.7790985 505.00 270.000
US-11809/17 40.5065002 -75.7876968 485.00 155.000
US-11809/35 40.5004005 -75.7838974 493.00 335.000
US-11918/15 36.8642006 -104.4499969 6578.00 164.800
US-11919/06 33.8039017 -108.3470001 6950.00 71.000
US-11920/15 32.7467003 -108.2910004 6037.00 150.000
US-11920/33 32.7372017 -108.2850037 5927.00 330.000
US-12127/16 47.0905991 -122.4309998 373.00 182.000
US-12127/34 47.0830994 -122.4319992 373.00 2.000
US-12378/03 39.0760804 -76.8284606 134.45 23.000
US-12378/21 39.0778197 -76.8275376 140.55 203.000
US-12436/01 39.0871010 -80.4707031 1014.00 10.000
US-12436/19 39.0956993 -80.4686966 1000.00 190.000
US-12520/27 40.3664564 -74.2521382 116.81 263.000
US-12576/27 33.2853012 -117.4540024 88.00 278.000
US-12648/13 36.1054788 -119.5968447 196.84 146.700
US-12648/31 36.0993016 -119.5919813 196.14 326.700
US-1504/19 45.2987518 -106.1444016 3300.00 187.000
US-1504/15 45.2910995 -106.1474991 3280.00 155.000
US-1504/33 45.2854004 -106.1437988 3300.00 335.000
US-1586/24 35.9550018 -106.9520035 6840.00 236.000
US-1628/22 35.6468048 -120.8454132 1488.00 238.000
US-1833/27 30.4136009 -85.7369995 102.00 271.000
US-2039/27 42.9640007 -74.1230011 773.00 262.000
US-2546/11 38.1977005 -98.1856995 1631.00 110.000
US-2546/29 38.1960983 -98.1793976 1630.00 290.000
US-2573/16 31.8185997 -100.9132996 2351.00 167.000
US-2573/34 31.8094006 -100.9107971 2350.00 347.000
US-2862/08 60.5529671 -150.6461182 246.00 90.000
US-2862/26 60.5529938 -150.6355591 253.00 270.000
US-3052/18 30.2548970 -98.8244660 1643.00 180.000
US-3281/26 45.3348999 -122.4072037 525.00 276.000
US-3282/25 44.6730995 -123.0008011 290.00 270.000
US-3283/27 35.1366997 -89.6496964 333.00 268.000
US-3409/21 34.5547485 -83.0404358 938.00 205.000
US-3785/16 29.4726009 -90.7584000 6.00 165.000
US-3785/34 29.4633007 -90.7556000 5.00 345.000
US-3787/19 34.1782990 -96.2231979 706.00 190.000
US-4187/20 35.5974007 -85.7182007 895.00 200.000
US-4189/12 35.6305542 -81.3466644 980.00 120.000
US-4189/30 35.6277771 -81.3408356 1025.00 300.000
US-4233/17 33.7230000 -96.6383010 745.00 182.000
US-4233/35 33.7196990 -96.6384960 770.00 2.000
US-4238/23 36.5979004 -93.6267014 990.00 230.000
US-4328/24 43.1405983 -93.4291000 1236.00 239.000
US-4572/20 34.4827995 -86.7778015 700.00 203.000
US-4574/18 41.6147003 -90.8589020 716.00 180.000
US-4574/36 41.6050987 -90.8589020 707.00 0.000
US-4849/26 32.2164230 -107.4956436 4125.00 270.000
US-4853/27 43.1154120 -76.9080160 397.00 270.000
US-4861/26 37.8630562 -79.3558350 1600.00 245.000
US-4940/17 48.6207008 -110.3280029 2890.00 180.000
US-4940/35 48.6110992 -110.3249969 2873.00 0.000
US-4940/26 48.6206017 -110.3249969 2890.00 270.000
US-4950/16 29.5585575 -99.5181198 1287.00 168.000
US-4950/34 29.5424023 -99.5143280 1269.00 348.000
US-4995/18 41.9792824 -83.2820740 587.00 180.000
US-4995/36 41.9762650 -83.2820740 589.00 0.000
US-5005/24 36.1716650 -82.5533290 1500.00 239.000
US-5154/18 36.7367516 -89.5822296 294.00 179.000
US-5154/36 36.7289009 -89.5820618 295.00 359.000
US-5168/22 45.6319310 -93.1721800 950.00 222.000
US-5175/18 39.8336067 -96.1648560 1286.00 180.000
US-5175/36 39.8275642 -96.1648560 1277.00 0.000
US-5176/19 38.8625374 -92.6008911 772.00 186.000
US-5178/17 37.1861000 -96.8864975 1320.00 175.000
US-5178/35 37.1831016 -96.8890991 1318.00 355.000
US-5182/27 33.6079102 -83.3527832 444.00 270.000
US-5184/15 46.3262177 -116.7146301 1675.00 163.000
US-5184/33 46.3208504 -116.7122650 1730.00 343.000
US-5185/10 44.0702782 -120.8080597 3820.00 116.000
US-5185/28 44.0669441 -120.7986145 3900.00 296.000
US-5186/22 45.7560577 -119.3808060 728.00 209.000
US-5187/27 33.3071671 -79.9451141 62.00 256.000
US-5188/16 30.6461601 -97.5217667 602.00 160.000
US-5188/34 30.6378803 -97.5183105 586.00 340.000
US-52NK/26 43.2087479 -75.6681747 381.00 258.000
US-5477/18 41.7904129 -93.4123764 961.00 180.000
US-5477/36 41.7841034 -93.4123764 969.00 0.000
US-5478/14 44.0213890 -114.8411407 6790.00 160.000
US-5478/32 44.0148315 -114.8378906 6800.00 340.000
US-5648/26 44.7141685 -84.0661392 1134.00 254.000
US-5649/10 38.9184990 -84.9777985 905.00 98.000
US-5649/28 38.9178009 -84.9707031 892.00 278.000
US-5652/10 39.9395070 -83.9058150 1050.00 94.000
US-5652/28 39.9390870 -83.8983460 1050.00 274.000
US-5653/12 31.2196388 -92.1789474 94.00 118.000
US-5653/30 31.2164440 -92.1705246 91.00 298.000
US-5907/27 44.7235909 -116.0176392 4925.00 270.000
US-6182/27 39.1920013 -88.6656036 640.00 270.000
US-6204/27 41.8218002 -80.9451981 637.00 271.000
US-6209/26 36.3254030 -89.4666290 289.00 260.000
US-6300/18 35.5874214 -98.3041534 1588.00 179.000
US-6300/36 35.5803337 -98.3040543 1525.00 359.000
US-6340/19 32.6362991 -95.6472015 444.00 187.000
US-6345/19 26.4824770 -98.3825070 300.00 189.000
US-6346/18 33.4025841 -96.4982300 688.00 182.000
US-6346/36 33.3977051 -96.4984589 688.00 2.000
US-6364/18 32.2052689 -97.8417053 907.00 187.000
US-6364/36 32.1956902 -97.8429947 928.00 7.000
US-6415/25 61.5844002 -149.8009949 212.00 268.000
US-6427/23 39.5051270 -83.7077332 1095.00 225.000
US-6441/16 28.1550007 -97.3824005 39.00 167.000
US-6441/34 28.1457005 -97.3799973 39.00 347.000
US-6442/27 29.5851002 -99.5509033 1360.00 270.000
US-6551/17 32.6889992 -97.8399963 978.00 176.000
US-6551/35 32.6837997 -97.8395004 978.00 356.000
US-6554/18 45.0603027 -85.6593781 678.00 178.000
US-6554/36 45.0478897 -85.6952744 659.00 358.000
US-6572/15 38.7661018 -94.5782013 1107.00 146.000
US-6572/33 38.7588005 -94.5718002 1081.00 326.000
US-6573/19 40.1627998 -82.7368011 1130.00 192.000
US-6594/17 33.8505000 -81.3828000 486.00 163.000
US-6594/35 33.8424000 -81.3798000 497.00 343.000
US-6777/20 37.5906890 -91.7821470 1332.00 197.000
US-6781/27 40.7905830 -89.6639110 676.00 270.000
US-6807/27 40.9744610 -88.9982750 689.00 268.000
US-6835/21 38.3293370 -79.0290310 1325.00 209.000
US-6882/18 31.2054360 -97.4418500 722.00 197.000
US-6882/36 31.2030390 -97.4426830 730.00 17.000
US-6883/13 41.7398720 -101.8078060 3703.00 138.000
US-6883/31 41.7357940 -101.8028750 3703.00 318.000
US-6883/24 41.7410780 -101.8006860 3702.00 260.000
US-6888/27 46.2962610 -116.9491940 2270.00 271.000
US-6891/16 42.1883400 -98.4206340 1940.00 161.000
US-6891/34 42.1815730 -98.4175650 1946.00 341.000
US-6951/27 32.4508330 -84.2443610 500.00 270.000
US-6952/26 36.4075000 -93.4600000 1340.00 265.000
US-6955/18 38.5129310 -95.0212330 883.00 183.000
US-6955/36 38.5110080 -95.0213670 894.00 3.000
US-8894/19 36.2366100 -89.3016310 312.00 186.000
US-9332/15 60.9417992 -164.6439972 9.00 151.000
US-9332/33 60.9365005 -164.6380005 18.00 331.000
US-9347/15 40.2084999 -75.1570969 294.00 141.700
US-9347/33 40.1912994 -75.1392975 358.00 321.700
US-9348/05 30.2064991 -85.6890030 10.00 45.000
US-9348/23 30.2159004 -85.6780014 13.00 225.000
US-9348/14 30.2196007 -85.6884003 8.00 142.000
US-9348/32 30.2059002 -85.6762009 20.00 322.000
US-9349/01 44.6799011 -73.5258026 346.00 354.600
US-9349/19 44.6918668 -73.5272659 360.84 174.600
US-9349/14 44.6926994 -73.5298004 371.00 129.900
US-9349/32 44.6838989 -73.5149994 328.00 309.900
US-9350/09 43.1411018 -75.3924026 691.00 77.000
US-9350/27 43.1441555 -75.3741641 735.45 257.000
US-9350/15 43.1533012 -75.3927002 690.00 137.000
US-9350/33 43.1412010 -75.3774033 720.00 317.000
US-9382/13 40.2167015 -104.7490005 4900.00 140.000
US-9417/18 43.0676003 -82.7239990 770.00 177.000
US-9417/36 43.0641387 -82.7237987 770.00 357.000
US-9435/25 61.9345042 -162.8922718 288.31 271.000
US-9578/04 42.2210854 -72.3129347 404.44 28.000
US-9578/22 42.2262993 -72.3091965 414.00 208.000
US-9658/14 34.0776122 -97.1083051 817.00 151.000
US-9658/32 34.0718994 -97.1044998 817.00 331.000
US-9769/09 46.3244019 -94.6440964 1225.00 101.000
US-9769/27 46.3230019 -94.6334991 1225.00 281.000
US-9870/03 47.9042015 -116.7149963 2335.00 44.000
US-9870/21 47.9124985 -116.7030029 2350.00 224.000
US-9879/18 40.0091019 -88.5586014 737.00 179.000
US-9879/36 40.0014000 -88.5586014 722.00 0.000
US-9923/18 41.1847992 -89.1466980 717.00 180.000
US-9923/36 41.1781998 -89.1466980 731.00 0.000
US-9962/03 33.2364006 -111.9089966 1175.00 45.600
US-9962/21 33.2463989 -111.8960037 1179.00 270.000
US-9962/12 33.2528000 -111.9280014 1165.00 134.800
USCC/09 55.3092003 61.4789009 759.00 103.600
USCC/27 55.3025017 61.5278015 737.00 283.600
USCM/36 53.3791008 58.7487984 1430.00 16.000
USCM/18 53.4071007 58.7625008 1394.00 196.000
USDD/04 66.5848999 66.5840988 212.00 61.400
USDD/22 66.5966034 66.6379013 170.00 241.400
USHH/06 61.0252991 69.0609970 132.00 75.400
USHH/24 61.0317001 69.1110992 139.00 255.400
USHQ/34 63.6783710 66.6988600 74.00 341.000
USNN/03 60.9387016 76.4637985 144.00 42.200
USNN/21 60.9598007 76.5034027 177.00 222.200
USPP/03 57.9044990 56.0018010 383.00 46.000
USPP/21 57.9245000 56.0406990 393.00 226.000
USRK/17 62.2014999 74.5380020 220.00 189.900
USRK/35 62.1792984 74.5296021 217.00 9.900
USRR/07 61.3436012 73.3758011 180.00 89.700
USRR/25 61.3437996 73.4279022 194.00 269.700
USSS/08L 56.7448010 60.7813990 738.00 90.000
USSS/26R 56.7448010 60.8222010 763.00 270.000
USSS/08R 56.7424011 60.7790985 735.00 94.100
USSS/26L 56.7407102 60.8228869 758.21 274.100
USTR/03 57.1692009 65.2809982 371.00 47.800
USTR/21 57.1873016 65.3177032 341.00 227.800
USTR/12 57.1898003 65.3238983 310.00 134.800
USTR/30 57.1726990 65.3554993 344.00 314.800
UT47/35 37.0918080 -113.3120940 3350.00 3.000
UT65/01 39.9935989 -113.9800034 5460.00 24.000
UTAA/11L 38.0002100 58.3431090 682.00 119.000
UTAA/29R 37.9834140 58.3808020 679.00 299.000
UTAA/11R 37.9899290 58.3357890 689.00 119.000
UTAA/29L 37.9731290 58.3734780 679.00 299.000
UTAE/16 37.8339770 65.1311800 797.00 169.000
UTAE/34 37.8105430 65.1394200 797.00 349.000
UTAK/16L 40.0742900 53.0039000 230.00 167.000
UTAK/34R 40.0526660 53.0106710 279.00 347.000
UTAK/16R 40.0815060 52.9993390 265.00 167.000
UTAM/17L 37.6328010 61.8972020 728.00 178.000
UTAM/35R 37.6078000 61.8981020 725.00 358.000
UTAM/17R 37.6297000 61.8955990 728.00 178.000
UTAM/35L 37.6078000 61.8964000 725.00 358.000
UTAT/08 41.7612990 59.8252980 272.00 90.000
UTAT/26 41.7612990 59.8578000 272.00 270.000
UTAV/13 38.9418390 63.5471420 623.00 126.000
UTAV/31 38.9195820 63.5805820 630.00 306.000
UTDD/09 38.5434990 68.8068008 2575.00 90.000
UTDD/27 38.5434989 68.8377209 2547.20 270.000
UTDK/01 37.9749985 69.8016968 2149.00 16.700
UTDK/19 38.0017014 69.8116989 2293.00 196.700
UTDL/08 40.2138729 69.6796668 1445.42 82.000
UTDL/26 40.2169280 69.7097371 1405.58 262.000
UTNU/13 41.5945015 60.6300011 319.00 139.500
UTNU/31 41.5717010 60.6567001 318.00 319.500
UTSB/01 39.7616997 64.4800034 738.00 10.000
UTSB/19 39.7882996 64.4867020 751.00 190.000
UTSS/09 39.7030410 66.9644320 2178.00 97.000
UTSS/27 39.7002640 67.0004580 2224.00 277.000
UTST/07 37.2832985 67.2932968 1014.00 75.000
UTST/25 37.2900009 67.3249969 1027.00 255.000
UTTT/08L 41.2572427 69.2646042 1370.87 76.000
UTTT/26R 41.2594542 69.2987957 1411.13 256.000
UTTT/08R 41.2537310 69.2640026 1370.18 76.000
UTTT/26L 41.2578500 69.3008931 1408.72 256.000
UUBP/16 53.2248001 34.1738014 663.00 172.000
UUBP/34 53.2034988 34.1791000 643.00 352.000
UUDD/14C 55.4169430 37.9153590 585.00 146.000
UUDD/32C 55.3993680 37.9364740 538.00 326.000
UUDD/14R 55.4210620 37.8721010 588.00 146.000
UUDD/32L 55.3951190 37.9033510 527.00 326.000
UUDL/05 57.5545998 40.1348991 286.00 63.400
UUDL/23 57.5667000 40.1797981 301.00 243.400
UUEE/06C 55.9697990 37.3867000 620.00 64.000
UUEE/24C 55.9780010 37.4417000 622.00 244.000
UUEE/06L 55.9809990 37.3288990 600.00 64.000
UUEE/24R 55.9884000 37.3785020 589.00 244.000
UUEE/06R 55.9670982 37.3862991 619.00 64.000
UUEE/24L 55.9757004 37.4436989 621.00 244.000
UUEM/07 56.8218002 35.7378998 469.00 74.600
UUEM/25 56.8275986 35.7774010 453.00 254.600
UUOB/11 50.6484985 36.5756989 735.00 117.000
UUOB/29 50.6389999 36.6045990 702.00 297.000
UUOK/12 51.7569008 36.2806015 656.00 124.000
UUOK/30 51.7443008 36.3106003 686.00 304.000
UUOO/12 51.8204863 39.2177688 510.27 131.000
UUOO/30 51.8078640 39.2415197 487.65 311.000
UUOT/14 52.8147500 41.4757700 390.00 142.000
UUOT/32 52.7980300 41.4897300 410.00 322.000
UUWW/01 55.5866013 37.2575989 633.00 12.000
UUWW/19 55.6118011 37.2769012 634.00 192.000
UUWW/06 55.5864983 37.2387009 629.00 57.000
UUWW/24 55.5979996 37.2902985 685.00 237.000
UUYY/18 61.6573980 50.8538700 335.00 22.000
UUYY/36 61.6365390 50.8363610 308.00 202.000
UWGG/18L 56.2416000 43.7900009 253.00 191.000
UWGG/36R 56.2195015 43.7818985 253.00 11.000
UWGG/18R 56.2420006 43.7867012 256.00 191.000
UWGG/36L 56.2173004 43.7775993 254.00 11.000
UWKD/11 55.6156524 49.2541867 353.15 126.000
UWKD/29 55.5980000 49.2999990 410.00 306.000
UWKE/03 55.5570984 52.0780983 627.00 34.000
UWKE/21 55.5723000 52.1068993 623.00 214.000
UWKS/06 56.0867996 47.3280983 560.00 71.800
UWKS/24 56.0937996 47.3664017 522.00 251.800
UWKS/06R 56.0867004 47.3362999 557.00 72.700
UWKS/24L 56.0909004 47.3592987 521.00 252.700
UWLL/03 54.2593150 48.2139320 449.00 19.000
UWLL/21 54.2828900 48.2392540 377.00 199.000
UWLW/02 54.3818016 48.7825012 251.00 18.000
UWLW/20 54.4202995 48.8228989 200.00 198.000
UWOO/08 51.7957993 55.4385986 385.00 89.900
UWOO/26 51.7957993 55.4748993 383.00 269.900
UWOR/07 51.0695000 58.5754010 909.00 77.000
UWOR/25 51.0755000 58.6157990 869.00 257.000
UWPS/02 54.1147120 45.2010840 676.00 33.000
UWPS/20 54.1357230 45.2242970 676.00 213.000
UWSG/08 51.7131270 46.1495210 95.00 81.000
UWSG/26 51.7121320 46.1928980 95.00 261.000
UWUU/14R 54.5731850 55.8493460 370.00 151.000
UWUU/32L 54.5437050 55.8777430 448.00 331.000
UWWW/05 53.4984016 50.1348991 477.00 49.000
UWWW/23 53.5093994 50.1693001 410.00 229.000
UWWW/15 53.5186005 50.1689987 421.00 148.000
UWWW/33 53.4931984 50.1845016 389.00 328.000
UY-0023/31 -31.8067000 -54.2590000 550.00 293.000
UZ-0135/07 40.4015999 70.5253983 1330.00 69.000
UZ-0135/25 40.4029007 70.5298004 1324.00 249.000
VAAH/05 23.0660000 72.6227040 180.00 45.000
VAAH/23 23.0884000 72.6465990 189.00 225.000
VAAK/10 20.7003002 77.0530014 999.00 103.300
VAAK/28 20.6977997 77.0643005 999.00 283.300
VAAU/09 19.8629000 75.3819500 1917.00 89.000
VAAU/27 19.8631590 75.4090500 1886.00 269.000
VABB/09 19.0884222 72.8493486 15.28 89.000
VABB/27 19.0888243 72.8765188 21.04 269.000
VABB/14 19.0961334 72.8598743 35.55 134.200
VABB/32 19.0817292 72.8754235 27.00 314.200
VABJ/05 23.2798004 69.6614990 268.00 45.200
VABJ/23 23.2957993 69.6789017 244.00 225.200
VABM/08 15.8579998 74.6102982 2478.00 79.000
VABM/26 15.8608999 74.6262970 2451.00 259.000
VABO/04 22.3295796 73.2194433 124.26 44.000
VABO/22 22.3441010 73.2345963 127.00 224.000
VABP/12 23.2914010 77.3239970 1713.00 118.000
VABP/30 23.2828010 77.3416980 1709.00 298.000
VABV/07 21.7498823 72.1795382 35.83 67.900
VABV/25 21.7555008 72.1942978 22.00 247.900
VAID/07 22.7175010 75.7910000 1843.00 65.000
VAID/25 22.7261010 75.8110960 1836.00 245.000
VAJB/06 23.1730995 80.0438004 1574.00 58.500
VAJB/24 23.1825008 80.0603027 1624.00 238.500
VAJL/09 20.9632730 75.6250981 818.78 89.000
VAJL/27 20.9621359 75.6341112 803.84 269.000
VAJM/06 22.4573002 69.9963989 69.00 61.000
VAJM/24 22.4680996 70.0177994 64.00 241.000
VAJM/12 22.4710007 70.0008011 69.00 116.000
VAJM/30 22.4608994 70.0224991 64.00 296.000
VAKE/05 23.1082993 70.0945969 95.00 50.000
VAKE/23 23.1170998 70.1060028 95.00 230.000
VAKJ/01 24.8111992 79.9170501 719.96 13.400
VAKJ/19 24.8271999 79.9212036 688.00 193.400
VAKP/07 16.6625000 74.2833020 1995.00 70.000
VAKP/25 16.6668000 74.2954030 1987.00 250.000
VAKS/05 21.3131008 70.2652969 166.00 50.300
VAKS/23 21.3211002 70.2754974 161.00 230.300
VANP/14 21.1089993 79.0337982 1033.00 143.400
VANP/32 21.0858002 79.0522995 1007.00 323.400
VAPR/09 21.6485004 69.6505966 23.00 88.000
VAPR/27 21.6488991 69.6639023 14.00 268.000
VARK/05 22.3040825 70.7736787 437.23 47.000
VARK/23 22.3142394 70.7853530 423.75 227.000
VARP/06 21.1764206 81.7318613 1016.53 58.000
VARP/24 21.1849995 81.7468033 1038.00 238.000
VASD/09 19.6884960 74.3651680 1938.00 89.000
VASD/27 19.6891420 74.3888570 1910.00 269.000
VASL/15 17.6329994 75.9311981 1578.00 145.000
VASL/33 17.6229000 75.9384995 1572.00 325.000
VAUD/08 24.6163940 73.8864257 1678.84 82.000
VAUD/26 24.6191998 73.9073029 1663.00 262.000
VC-0001/07 13.1412001 -61.2164993 10.00 61.000
VC-0001/25 13.1473999 -61.2052002 66.00 241.000
VCBI/04 7.1687398 79.8749008 24.00 37.000
VCBI/22 7.1927700 79.8933029 27.00 217.000
VCCA/05 8.2968397 80.4229965 315.00 46.300
VCCA/23 8.3061304 80.4328003 304.00 226.300
VCCC/04 6.8150702 79.8816986 24.00 33.300
VCCC/22 6.8289199 79.8908005 8.00 213.300
VCCT/06 8.5330000 81.1725006 6.00 59.300
VCCT/24 8.5440302 81.1912003 4.00 239.300
VDBG/07 13.0930004 103.2180023 59.00 69.000
VDBG/25 13.0980997 103.2310028 59.00 249.000
VDPP/05 11.5370998 104.8339996 40.00 45.800
VDPP/23 11.5550595 104.8530094 37.15 225.800
VDST/02 13.5260000 106.0120010 203.00 19.000
VDST/20 13.5370998 106.0159988 180.00 199.000
VEAT/18 23.8960976 91.2412105 45.06 184.000
VEAT/36 23.8766994 91.2396011 46.00 4.000
VEBI/04 25.6994302 91.9749140 2908.83 39.000
VEBI/22 25.7099991 91.9844971 2898.00 219.000
VEBN/09 25.4527904 82.8509182 264.08 93.000
VEBN/27 25.4517990 82.8703990 265.00 273.000
VEBS/05 20.2405421 85.8127583 114.15 51.400
VEBS/23 20.2480577 85.8227397 137.85 231.400
VEBS/14 20.2572000 85.8078000 115.00 144.000
VEBS/32 20.2409000 85.8205030 122.00 324.000
VECC/01L 22.6402000 88.4440000 19.00 6.000
VECC/19R 22.6616990 88.4465030 19.00 186.000
VECC/01R 22.6422000 88.4462970 20.00 6.000
VECC/19L 22.6710117 88.4496724 19.12 186.000
VECO/04 26.3271008 89.4635010 138.00 44.500
VECO/22 26.3339005 89.4709015 138.00 224.500
VEDX/17 22.3518009 87.2126999 140.00 172.500
VEDX/35 22.3271999 87.2162018 200.00 352.500
VEGT/02 26.0946999 91.5805969 162.00 22.800
VEGT/20 26.1175003 91.5912018 162.00 202.800
VEGY/10 24.7467995 84.9402008 355.00 103.700
VEGY/28 24.7420585 84.9613787 377.25 283.700
VEIM/04 24.7497997 93.8889999 2535.00 34.600
VEIM/22 24.7700996 93.9044037 2540.00 214.600
VEJH/06 21.9084473 84.0409241 748.00 63.000
VEJH/24 21.9183216 84.0615005 751.00 243.000
VEJS/08 22.8127928 86.1663797 454.29 81.000
VEJS/26 22.8137976 86.1733174 454.88 261.000
VEKR/03 24.3041000 92.0048981 93.00 26.700
VEKR/21 24.3122005 92.0093994 90.00 206.700
VEKU/06 24.9083996 92.9711990 324.00 57.000
VEKU/24 24.9170839 92.9857602 351.01 237.000
VELP/17 23.8518009 92.6178970 1374.00 171.400
VELP/35 23.8293991 92.6215973 1395.00 351.400
VELR/04 27.2886979 94.0906226 330.00 42.600
VELR/22 27.3031006 94.1054993 330.00 222.600
VEMN/05 27.4780006 95.0102997 358.00 45.400
VEMN/23 27.4885455 95.0221784 359.80 225.400
VEMR/12 25.8872811 93.7646720 471.36 118.000
VEMR/30 25.8791008 93.7817001 484.00 298.000
VEPH/15 23.4842957 87.4211619 233.27 149.000
VEPH/33 23.4644747 87.4337954 240.71 329.000
VEPT/07 25.5890329 85.0815011 169.00 68.300
VEPT/25 25.5941547 85.0957576 169.00 248.300
VEPU/09 25.7595997 87.3967972 129.00 89.800
VEPU/27 25.7595997 87.4232025 129.00 269.800
VERC/13 23.3208229 85.3137611 2133.93 130.200
VERC/31 23.3068008 85.3318024 2075.00 310.200
VEVZ/05 17.7159054 83.2184586 13.86 48.000
VEVZ/23 17.7266998 83.2309036 9.00 228.000
VEVZ/10 17.7243000 83.2188030 21.00 96.000
VEVZ/28 17.7220000 83.2474980 15.00 276.000
VGBR/17 22.8092003 90.3002014 10.00 173.900
VGBR/35 22.7928009 90.3021011 10.00 353.900
VGCB/17 21.4612999 91.9619980 12.00 169.000
VGCB/35 21.4431000 91.9656982 12.00 349.000
VGEG/05 22.2408010 91.8026960 12.00 48.000
VGEG/23 22.2584000 91.8238980 13.00 228.000
VGHS/14 23.8550300 90.3884960 27.00 144.000
VGHS/32 23.8316990 90.4068980 27.00 324.000
VGIS/15 24.1583004 89.0463028 45.00 154.000
VGIS/33 24.1466999 89.0524979 45.00 334.000
VGJR/16 23.1938000 89.1563034 20.00 157.500
VGJR/34 23.1737995 89.1652985 20.00 337.500
VGRJ/17 24.4452991 88.6149979 55.00 170.100
VGRJ/35 24.4291000 88.6181030 55.00 350.100
VGSD/16 25.7670002 88.9057007 125.00 159.600
VGSD/34 25.7514992 88.9121017 125.00 339.600
VGSY/11 24.9672074 91.8564385 50.00 113.000
VGSY/29 24.9580994 91.8799973 50.00 293.000
VHHH/07C 22.3109042 113.8975866 22.05 71.000
VHHH/25C 22.3210823 113.9293748 22.95 251.000
VHHH/07L 22.3210740 113.8806920 23.00 74.000
VHHH/25R 22.3323060 113.9155580 23.00 254.000
VHHH/07R 22.2966685 113.8994736 27.96 71.000
VHHH/25L 22.3074310 113.9328190 27.00 251.000
VHSK/11 22.4387168 114.0747673 31.47 111.000
VHSK/29 22.4345563 114.0860206 58.04 291.000
VIAG/05 27.1494007 77.9514999 549.00 45.800
VIAG/23 27.1646882 77.9691886 549.89 225.800
VIAG/12 27.1600539 77.9552269 548.48 116.100
VIAG/30 27.1539993 77.9691010 551.00 296.100
VIAL/06 25.4353008 81.7238998 315.00 64.000
VIAL/24 25.4410000 81.7369995 318.00 244.000
VIAL/12 25.4435997 81.7260971 318.00 119.000
VIAL/30 25.4335639 81.7462694 321.75 299.000
VIAR/16 31.7233010 74.7906040 757.00 158.000
VIAR/34 31.6976791 74.8030572 751.35 338.000
VIBR/16 31.8807091 77.1525140 3571.02 158.800
VIBR/34 31.8719997 77.1565018 3546.00 338.800
VIBW/12 28.8393990 76.1743010 720.00 118.000
VIBW/30 28.8347000 76.1838990 720.00 298.000
VIDD/12 28.5876916 77.2007686 705.48 125.000
VIDD/30 28.5833057 77.2075898 700.05 305.000
VIDN/08 30.1888008 78.1744995 1772.00 79.700
VIDN/26 30.1905994 78.1859970 1831.00 259.700
VIDP/09 28.5704990 77.0879970 717.00 92.000
VIDP/27 28.5698467 77.1154405 748.22 272.000
VIDP/10 28.5672000 77.0848010 719.00 105.000
VIDP/28 28.5585000 77.1224980 777.00 285.000
VIDP/11L 28.5501250 77.0681760 749.00 103.000
VIDP/29R 28.5407470 77.1118770 749.00 283.000
VIDP/11R 28.5458759 77.0718760 728.09 103.000
VIDP/29L 28.5406818 77.0949647 757.54 283.000
VIDX/09 28.7078000 77.3449020 700.00 90.000
VIDX/27 28.7076000 77.3729020 701.00 270.000
VIGG/15 32.1705017 76.2593994 2525.00 147.500
VIGG/33 32.1632230 76.2648277 2488.30 327.500
VIJO/05 26.2423000 73.0391998 717.00 44.800
VIJO/23 26.2598991 73.0585022 690.00 224.800
VIJP/08 26.8229010 75.7982030 1262.00 84.000
VIJP/26 26.8255000 75.8262020 1250.00 264.000
VIJU/18 32.6978511 74.8368337 955.85 177.000
VIJU/36 32.6799011 74.8379974 951.00 357.000
VIKA/10 26.4416442 80.3638896 410.19 102.000
VIKA/28 26.4407924 80.3683333 409.37 282.000
VIKO/08 25.1588993 75.8395996 892.00 76.000
VIKO/26 25.1613547 75.8505134 892.00 256.000
VILD/12 30.8576548 75.9464166 833.00 119.000
VILD/30 30.8517986 75.9586688 833.00 299.000
VILK/09 26.7604254 80.8770843 403.71 89.000
VILK/27 26.7607994 80.9030991 399.00 269.000
VIPT/10 29.0340996 79.4681015 764.00 98.000
VIPT/28 29.0326996 79.4794006 764.00 278.000
VISM/14 31.0863991 77.0643997 5072.00 146.100
VISM/32 31.0771999 77.0716019 5072.00 326.100
VISR/13 33.9990005 74.7606964 5427.00 136.000
VISR/31 33.9752998 74.7878036 5495.00 316.000
VLLB/06 19.8925000 102.1520000 955.00 61.000
VLPS/15 15.1382000 105.7770000 351.00 147.000
VLPS/33 15.1259000 105.7860030 351.00 327.000
VLVT/13 17.9979591 102.5532913 563.00 135.300
VLVT/31 17.9787254 102.5732269 563.00 315.300
VMMC/16 22.1592181 113.5871966 20.00 160.200
VMMC/34 22.1381338 113.5957822 20.00 340.200
VN-0010/08 10.2251997 103.9580002 10.00 79.000
VN-0010/26 10.2287998 103.9769974 37.00 259.000
VN-0070/12 12.2318001 109.1849976 20.00 119.500
VN-0070/30 12.2230997 109.1999969 20.00 299.500
VNBW/10 27.5068360 83.3958050 358.00 99.000
VNBW/28 27.5026950 83.4258120 358.00 279.000
VNCG/10 26.5718002 88.0736008 300.00 100.600
VNCG/28 26.5697994 88.0855026 300.00 280.600
VNJP/09 26.7089005 85.9173965 256.00 90.000
VNJP/27 26.7087002 85.9273987 256.00 270.000
VNKT/02 27.6860620 85.3544331 4318.99 22.000
VNKT/20 27.7068966 85.3636566 4380.37 202.000
VNLK/06 27.6856780 86.7272190 9134.00 60.000
VNLK/24 27.6880250 86.7317180 9334.00 240.000
VNNG/08 28.1026001 81.6594009 500.00 80.900
VNNG/26 28.1047001 81.6745987 500.00 260.900
VNVT/09 26.4817009 87.2565002 236.00 92.200
VNVT/27 26.4811993 87.2715988 236.00 272.200
VO95/09 12.6619960 77.7620590 3051.00 89.000
VO95/27 12.6625320 77.7786870 2989.00 269.000
VOAR/06 13.0633362 79.6779698 257.92 59.000
VOAR/24 13.0798683 79.7058054 275.97 239.000
VOBG/09 12.9488001 77.6555023 2874.00 85.000
VOBG/27 12.9514999 77.6857986 2893.00 265.000
VOBL/09R 13.1897340 77.6899800 3001.00 92.000
VOBL/27L 13.1894140 77.7268750 2917.00 272.000
VOBZ/08 16.5294146 80.7915649 76.38 79.000
VOBZ/26 16.5320000 80.8049010 70.00 259.000
VOCB/05 11.0219002 77.0348969 1323.00 46.000
VOCB/23 11.0382004 77.0519028 1275.00 226.000
VOCI/09 10.1513996 76.3863983 28.00 87.900
VOCI/27 10.1526003 76.4173965 30.00 267.900
VOCL/10 11.1393003 75.9423981 312.00 101.000
VOCL/28 11.1344004 75.9682007 325.00 281.000
VOGO/08 15.3778000 73.8155980 110.00 79.000
VOGO/26 15.3839000 73.8471980 183.00 259.000
VOHS/09L 17.2305870 78.4152676 1976.72 90.000
VOHS/27R 17.2311410 78.4500897 2022.84 270.000
VOHS/09R 17.2285720 78.4128230 1969.00 90.000
VOHS/27L 17.2291030 78.4528660 2024.00 270.000
VOHY/09 17.4530895 78.4584278 1737.14 88.800
VOHY/27 17.4534607 78.4773351 1720.95 268.800
VOMD/09 9.8339596 78.0850983 459.00 86.200
VOMD/27 9.8350128 78.1011363 427.12 266.200
VOMM/07 12.9841003 80.1529999 40.00 69.000
VOMM/25 12.9960003 80.1844025 52.00 249.000
VOMM/12 13.0018997 80.1658020 30.00 117.600
VOMM/30 12.9943991 80.1805407 41.47 297.600
VOPB/04 11.6335465 92.7240265 19.53 36.000
VOPB/22 11.6531000 92.7387009 58.00 216.000
VOPN/09 14.1498003 77.7807999 1541.00 93.000
VOPN/27 14.1487999 77.8014984 1563.00 273.000
VORY/05 17.0973090 81.8012770 146.00 54.000
VORY/23 17.1144160 81.8251040 146.00 234.000
VOSM/04 11.7765999 78.0608978 1008.00 34.000
VOSM/22 11.7901001 78.0702972 1008.00 214.000
VOTJ/07 10.7205153 79.0971455 249.77 66.000
VOTJ/25 10.7257004 79.1090012 244.00 246.000
VOTJ/14 10.7243996 79.0996017 253.00 136.000
VOTJ/32 10.7149000 79.1088028 231.00 316.000
VOTP/08 13.6310000 79.5327990 350.00 81.000
VOTP/26 13.6340000 79.5537030 332.00 261.000
VOTR/09 10.7653080 78.7087310 285.99 85.600
VOTR/27 10.7665005 78.7242966 275.00 265.600
VOTV/14 8.4905233 76.9119654 14.00 136.000
VOTV/32 8.4721196 76.9298956 14.00 316.000
VOYK/09 13.1355714 77.5987161 3023.50 90.600
VOYK/27 13.1354146 77.6146470 3037.71 270.600
VQGP/11 26.8878002 90.4574966 980.00 118.250
VQGP/29 26.8813992 90.4708023 868.00 298.250
VQPR/15 27.4108674 89.4198684 7357.22 151.000
VQPR/33 27.3953280 89.4297873 7311.73 331.000
VRMG/10 -0.6907388 73.1393033 7.00 99.000
VRMG/28 -0.6945392 73.1638965 7.00 279.000
VRMH/03 6.7393000 73.1679990 5.00 27.000
VRMH/21 6.7491600 73.1729970 5.00 207.000
VRMK/03 1.8542500 73.5195999 4.00 25.400
VRMK/21 1.8641500 73.5242996 4.00 205.400
VRMM/18 4.2116730 73.5310217 5.97 179.000
VRMM/36 4.1844682 73.5309903 5.09 359.000
VRMT/16 0.4932110 72.9946976 2.00 155.200
VRMT/34 0.4830610 72.9990997 2.00 335.200
VTBD/03L 13.8971004 100.5960007 7.00 29.000
VTBD/21R 13.9264002 100.6119995 7.00 209.000
VTBD/03R 13.8994999 100.6019974 7.00 29.000
VTBD/21L 13.9246474 100.6154250 7.90 209.000
VTBI/17 14.0822001 101.3789978 80.00 172.300
VTBI/35 14.0733004 101.3809967 80.00 352.300
VTBK/03 14.0911999 99.9108963 30.00 30.000
VTBK/21 14.1127996 99.9235001 26.00 210.000
VTBP/08 11.7852001 99.7899017 10.00 77.600
VTBP/26 11.7890997 99.8078995 10.00 257.600
VTBP/18 11.7931004 99.8046036 10.00 179.000
VTBP/36 11.7840996 99.8047028 10.00 359.000
VTBU/18 12.6957998 101.0059967 59.00 185.000
VTBU/36 12.6640997 101.0039978 25.00 5.000
VTCC/18 18.7837582 98.9629211 1036.00 180.000
VTCH/11 19.3040009 97.9667969 865.00 107.000
VTCH/29 19.2985001 97.9849014 929.00 287.000
VTCL/18 18.2779971 99.5036547 791.25 175.400
VTCL/36 18.2629008 99.5049209 809.88 355.400
VTCN/02 18.7994995 100.7799988 679.00 20.700
VTCN/20 18.8162994 100.7870026 682.00 200.700
VTCP/01 18.1254005 100.1640015 538.00 6.000
VTCP/19 18.1389008 100.1650009 535.00 186.000
VTCT/03 19.9405003 99.8759995 1280.00 29.000
VTCT/21 19.9641991 99.8899002 1275.00 209.000
VTPB/18 16.6854992 101.1949997 450.00 180.000
VTPB/36 16.6665001 101.1949997 449.00 0.000
VTPH/16 12.6450996 99.9481964 62.00 159.700
VTPH/34 12.6285651 99.9544232 20.21 339.700
VTPI/18 15.2909002 100.2959976 107.00 181.300
VTPI/36 15.2636995 100.2959976 65.00 1.300
VTPM/09 16.6998005 98.5380020 690.00 89.100
VTPM/27 16.7000008 98.5521011 676.00 269.100
VTPO/18 17.2474995 99.8183975 179.00 181.000
VTPO/36 17.2285004 99.8180008 179.00 1.000
VTPP/14 16.7938995 100.2710037 145.00 144.000
VTPP/32 16.7719994 100.2870026 145.00 324.000
VTPT/09 16.8959999 99.2462997 469.00 90.300
VTPT/27 16.8959999 99.2603989 478.00 270.300
VTSB/04 9.1228304 99.1259995 20.00 44.200
VTSB/22 9.1423702 99.1451035 18.00 224.200
VTSC/02 6.5116100 101.7399979 18.00 23.000
VTSC/20 6.5282302 101.7470016 18.00 203.000
VTSE/06 10.7065001 99.3534012 18.00 60.100
VTSE/24 10.7159004 99.3700027 18.00 240.100
VTSF/01 8.5301399 99.9437027 13.00 6.000
VTSF/19 8.5490904 99.9457016 13.00 186.000
VTSG/14 8.1064701 98.9801025 82.00 140.600
VTSG/32 8.0917597 98.9922028 77.00 320.600
VTSK/08 6.7850299 101.1470032 7.00 86.000
VTSK/26 6.7858801 101.1600037 8.00 266.000
VTSM/17 9.5548825 100.0622237 44.64 174.500
VTSM/35 9.5413517 100.0627417 54.11 354.500
VTSP/09 8.1120292 98.3037524 20.02 85.000
VTSP/27 8.1144708 98.3299676 80.98 265.000
VTSR/02 9.7693400 98.5818020 36.00 24.000
VTSR/20 9.7859000 98.5892030 57.00 204.000
VTSS/08 6.9308300 100.3789978 65.00 83.000
VTSS/26 6.9341898 100.4069977 58.00 263.000
VTST/08 7.5072398 99.6072006 67.00 80.900
VTST/26 7.5102501 99.6259995 52.00 260.900
VTUD/12 17.3927002 102.7750015 579.00 117.000
VTUD/30 17.3801994 102.8010025 579.00 297.000
VTUI/05 17.1868000 104.1100006 529.00 45.000
VTUI/23 17.2035007 104.1269989 526.00 225.000
VTUJ/01 14.8613997 103.4970016 478.00 7.500
VTUJ/19 14.8752003 103.4990005 478.00 187.500
VTUK/03 16.4561323 102.7767648 604.39 32.900
VTUK/21 16.4770686 102.7902364 666.61 212.900
VTUL/01 17.4300003 101.7190018 817.00 16.800
VTUL/19 17.4482002 101.7249985 860.00 196.800
VTUN/06 14.9280996 102.0660019 729.00 62.100
VTUN/24 14.9407997 102.0910034 686.00 242.100
VTUO/04 15.2217999 103.2480011 590.00 35.100
VTUO/22 15.2372999 103.2590027 561.00 215.100
VTUQ/06 14.9448996 102.3040009 765.00 61.300
VTUQ/24 14.9540997 102.3209991 740.00 241.300
VTUR/17 16.0744991 103.6449966 459.00 166.600
VTUR/35 16.0662003 103.6470032 459.00 346.600
VTUU/05 15.2427998 104.8590012 406.00 51.500
VTUU/23 15.2596998 104.8809967 392.00 231.500
VTUV/18 16.1263008 103.7740021 451.00 182.500
VTUV/36 16.1072998 103.7730026 451.00 2.500
VTUW/15 17.3929996 104.6360016 587.00 144.800
VTUW/33 17.3745003 104.6500015 555.00 324.800
VV02/09L 10.9771004 106.8040009 59.00 88.300
VV02/27R 10.9778996 106.8320007 79.00 268.300
VV02/09R 10.9750004 106.8040009 59.00 86.300
VV02/27L 10.9768000 106.8320007 79.00 266.300
VVBM/09 12.6684999 108.1060028 1712.00 90.900
VVBM/27 12.6681004 108.1340027 1729.00 270.900
VVCA/14 15.4156580 108.6957550 10.00 135.000
VVCA/32 15.3963280 108.7160034 10.00 315.000
VVCI/07 20.8160990 106.7139970 13.00 72.000
VVCI/25 20.8227010 106.7360000 13.00 252.000
VVCR/02L 11.9850690 109.2147980 33.00 19.000
VVCR/20R 12.0111780 109.2238460 33.00 199.000
VVCS/11 8.7347250 106.6247860 18.00 111.000
VVCS/29 8.7292470 106.6404720 20.00 291.000
VVDH/11 17.5177990 106.5849990 44.00 114.000
VVDH/29 17.5090010 106.6050030 44.00 294.000
VVDN/17L 16.0576992 108.1979980 30.00 172.000
VVDN/35R 16.0303993 108.2020035 36.00 352.000
VVDN/17R 16.0573997 108.1959991 26.00 172.000
VVDN/35L 16.0300999 108.1999969 28.00 352.000
VVNB/11L 21.2255000 105.7920000 40.00 107.000
VVNB/29R 21.2164990 105.8229980 40.00 287.000
VVNB/11R 21.2249570 105.7854310 38.00 107.000
VVNB/29L 21.2143230 105.8222200 39.00 287.000
VVPB/27 16.4008007 107.7149963 13.00 273.100
VVPC/15 13.9665003 109.0350037 102.00 146.700
VVPC/33 13.9434996 109.0500031 102.00 326.700
VVPK/09 14.0046616 108.0035629 2434.00 91.000
VVPK/27 14.0043030 108.0257721 2434.00 271.000
VVPQ/10L 10.1744310 103.9797900 16.00 96.000
VVPQ/28R 10.1714610 104.0097580 27.00 276.000
VVPQ/10R 10.1712000 103.9789960 13.00 96.000
VVPQ/28L 10.1685000 104.0070040 23.00 276.000
VVTS/07L 10.8150000 106.6370010 24.00 69.000
VVTS/25R 10.8249000 106.6630020 32.00 249.000
VVTS/07R 10.8138876 106.6433346 25.56 69.000
VVTS/25L 10.8237000 106.6699982 32.00 249.000
VVVH/17 18.7483387 105.6692657 14.00 173.000
VVVH/35 18.7295246 105.6718369 17.00 353.000
VYCZ/01 21.9316998 96.0882034 243.00 8.100
VYCZ/19 21.9493999 96.0908966 243.00 188.100
VYDW/16 14.1093280 98.2012186 84.00 157.000
VYDW/34 14.0950000 98.2074970 84.00 337.000
VYMD/17 21.7199993 95.9744034 300.00 170.500
VYMD/35 21.6819992 95.9812012 300.00 350.500
VYME/18 12.4519997 98.6220016 75.00 182.500
VYME/36 12.4275999 98.6209030 75.00 2.500
VYMM/04 16.4388008 97.6564026 150.00 35.000
VYMM/22 16.4507008 97.6650009 115.00 215.000
VYSW/11 20.1347008 92.8640976 21.00 104.000
VYSW/29 20.1306992 92.8812027 28.00 284.000
VYTL/04 20.4762001 99.9291000 1280.00 37.600
VYTL/22 20.4915009 99.9415970 1272.00 217.600
VYTO/18 19.0477009 96.4012985 160.00 180.200
VYTO/36 19.0147991 96.4011993 160.00 0.200
VYYY/03 16.8980007 96.1268997 109.00 33.100
VYYY/21 16.9159678 96.1390732 66.08 213.100
W00/18 38.9445992 -76.7731018 168.00 170.000
W00/36 38.9380989 -76.7716980 152.00 350.000
W29/11 38.9772987 -76.3346024 5.00 103.000
W29/29 38.9754982 -76.3246994 15.00 283.000
W75/01 37.5993004 -76.4464035 30.00 356.000
W75/19 37.6054993 -76.4468994 23.00 176.000
WAAA/13 -5.0542898 119.5449982 44.00 130.500
WAAA/31 -5.0689702 119.5630035 36.00 310.500
WABB/11 -1.1847301 136.0930023 36.00 109.400
WABB/29 -1.1953200 136.1230011 25.00 289.400
WABP/12 -4.5225301 136.8780060 103.00 121.900
WABP/30 -4.5339699 136.8970032 103.00 301.900
WADB/13 -8.5341101 118.6819992 3.00 138.000
WADB/31 -8.5452099 118.6920013 3.00 318.000
WADD/09 -8.7487097 115.1539993 11.00 88.000
WADD/27 -8.7476301 115.1809998 12.00 268.000
WADE/14 -8.1389136 114.6151708 46.90 141.350
WADE/32 -8.1423187 114.6176071 63.98 321.350
WADL/13 -8.7493296 116.2659988 307.00 127.000
WADL/31 -8.7650003 116.2850037 319.00 307.000
WADS/14 -8.4839800 117.4079970 16.00 141.000
WADS/32 -8.4941000 117.4160000 16.00 321.000
WADW/15 -9.6626596 120.2979965 33.00 151.400
WADW/33 -9.6757698 120.3059998 33.00 331.400
WADY/08 -8.3111000 114.3339996 112.00 81.300
WADY/26 -8.3092003 114.3460007 66.00 261.300
WAEE/14 0.8377220 127.3759995 49.00 141.000
WAEE/32 0.8251060 127.3870010 49.00 321.000
WAFF/15 -0.9100080 119.9059982 308.00 155.600
WAFF/33 -0.9270280 119.9140015 292.00 335.600
WAFM/02 -2.5618419 120.3230962 164.00 18.800
WAFM/20 -2.5542481 120.3258982 164.00 198.800
WAFW/03 -1.0437100 122.7689972 60.00 35.000
WAFW/21 -1.0341300 122.7750015 60.00 215.000
WAGG/16 -2.2162600 113.9390030 85.00 159.200
WAGG/34 -2.2339900 113.9459991 82.00 339.200
WAHL/13 -7.6407400 109.0289990 70.00 133.000
WAHL/31 -7.6493700 109.0390010 70.00 313.000
WAJG/07 -4.4434071 140.8801880 396.00 78.000
WAJG/25 -4.4419599 140.8869781 387.00 258.000
WAJI/13 -1.8710600 138.7510071 12.00 135.800
WAJI/31 -1.7859200 138.7559967 7.00 315.800
WAJJ/12 -2.5711570 140.5086365 292.00 127.000
WAJJ/30 -2.5873070 140.5302277 268.00 307.000
WAKE/02 -7.1787071 139.5822449 20.00 21.000
WAKE/20 -7.1736422 139.5841980 28.00 201.000
WAKK/16 -8.5124197 140.4160004 10.00 160.400
WAKK/34 -8.5281801 140.4210052 10.00 340.400
WALL/07 -1.2726600 116.8840030 12.00 67.000
WALL/25 -1.2638800 116.9049990 12.00 247.000
WALR/06 3.3198099 117.5559998 23.00 56.000
WALR/24 3.3305199 117.5729980 24.00 236.000
WALS/04 -0.3814640 117.2425385 73.00 34.000
WALS/22 -0.3669250 117.2566833 73.00 214.000
WALX/07 2.0047500 117.7419968 47.00 69.400
WALX/25 2.0101274 117.7556167 47.00 249.400
WAMG/09 0.6385940 122.8380050 89.00 97.000
WAMG/27 0.6357470 122.8602910 90.00 277.000
WAMM/18 1.5593400 124.9260025 270.00 181.900
WAMM/36 1.5354000 124.9250031 264.00 1.900
WAMO/02 2.6437540 125.4215846 302.57 20.000
WAMO/20 2.6543800 125.4255350 85.00 200.000
WAOI/13 -2.7001600 111.6679993 79.00 132.600
WAOI/31 -2.7102301 111.6790009 79.00 312.600
WAON/06 -2.2196901 115.4309998 197.00 60.100
WAON/24 -2.2134199 115.4420013 197.00 240.100
WAOO/10 -3.4403100 114.7509995 66.00 100.400
WAOO/28 -3.4443901 114.7740021 66.00 280.400
WAPI/12 -7.9863000 131.3029938 196.00 128.950
WAPI/30 -7.9913998 131.3090057 204.00 308.950
WAPP/04 -3.7182500 128.0809937 31.00 45.100
WAPP/22 -3.7022700 128.0970001 33.00 225.100
WARJ/09 -7.7885599 110.4219971 350.00 87.800
WARJ/27 -7.7877998 110.4420013 350.00 267.800
WARJ/09R -7.7894802 110.4270020 350.00 88.100
WARJ/27L -7.7890701 110.4390030 350.00 268.100
WARQ/08 -7.5184505 110.7458264 419.53 77.600
WARQ/26 -7.5137311 110.7671201 381.56 257.600
WARR/10 -7.3776498 112.7730026 11.00 99.300
WARR/28 -7.3820100 112.8000031 8.00 279.300
WARS/13 -6.9673200 110.3690030 10.00 130.000
WARS/31 -6.9781300 110.3820040 10.00 310.000
WART/12 -7.0208050 113.8852031 17.83 126.000
WART/30 -7.0265300 113.8929980 8.00 306.000
WASN/18 -0.4198010 130.7739380 98.00 184.000
WASN/36 -0.4318980 130.7729040 46.00 4.000
WASR/17 -0.8827750 134.0489960 15.00 178.000
WASR/35 -0.9008940 134.0489960 15.00 358.000
WATC/05 -8.6458101 122.2300034 105.00 51.100
WATC/23 -8.6354799 122.2429962 115.00 231.100
WATT/07 -10.1747999 123.6610031 335.00 76.000
WATT/25 -10.1695995 123.6829987 335.00 256.000
WAWS/12 -2.5285900 121.3539963 1388.00 124.500
WAWS/30 -2.5338099 121.3610001 1388.00 304.500
WAWW/08 -4.0833201 122.4089966 164.00 79.600
WAWW/26 -4.0798898 122.4280014 120.00 259.600
WBB/05 63.5141983 -162.2859955 12.00 64.000
WBB/23 63.5177002 -162.2700043 10.00 244.000
WBGB/17 3.1359501 113.0179977 34.00 167.800
WBGB/35 3.1117301 113.0230026 74.00 347.800
WBGG/07 1.4810081 110.3369064 88.00 68.000
WBGG/25 1.4932324 110.3676862 75.34 248.000
WBGJ/04 4.8028598 115.0059967 14.00 36.800
WBGJ/22 4.8137398 115.0139999 12.00 216.800
WBGR/02 4.3108301 113.9820023 59.00 25.000
WBGR/20 4.3333101 113.9919968 58.00 205.000
WBGS/13 2.2696500 111.9759979 92.00 130.300
WBGS/31 2.2535601 111.9950027 116.00 310.300
WBKD/11 5.0349598 118.3180008 45.00 115.800
WBKD/29 5.0295401 118.3300018 45.00 295.800
WBKK/02 5.9221902 116.0448749 10.00 23.000
WBKK/20 5.9491254 116.0562266 10.00 203.000
WBKL/14 5.3126688 115.2419968 97.00 146.000
WBKL/32 5.2921810 115.2559814 97.00 326.000
WBKS/08 5.8993200 118.0500030 40.00 81.000
WBKS/26 5.9024700 118.0690000 20.00 261.000
WBKW/06 4.3069601 118.1119995 57.00 58.200
WBKW/24 4.3197799 118.1320038 40.00 238.200
WBMU/03 4.0431181 114.8012610 90.27 35.000
WBMU/21 4.0539198 114.8089981 98.00 215.000
WBSB/03 4.9300098 114.9199982 20.00 31.100
WBSB/21 4.9583902 114.9369965 72.00 211.100
WI31/18 46.4230648 -91.6532657 1206.60 178.500
WI31/36 46.4102367 -91.6528333 1200.40 358.500
WIBB/18 0.4708830 101.4449997 90.00 182.000
WIBB/36 0.4506860 101.4440002 87.00 2.000
WIBJ/10 -0.3518560 102.3290024 61.00 99.000
WIBJ/28 -0.3537610 102.3410034 61.00 279.000
WICB/12 -6.2880402 106.5609970 151.00 119.600
WICB/30 -6.2961798 106.5749969 151.00 299.600
WICC/11 -6.8973300 107.5670010 2430.00 109.000
WICC/29 -6.9039200 107.5859990 2430.00 289.000
WIDD/04 1.1074500 104.1070020 125.00 42.000
WIDD/22 1.1346100 104.1309970 69.00 222.000
WIDN/04 0.9165810 104.5270004 37.00 43.200
WIDN/22 0.9258366 104.5352320 52.20 223.200
WIDS/14 -0.4749500 104.5759964 95.00 143.300
WIDS/32 -0.4834280 104.5820007 95.00 323.300
WIHH/06 -6.2722301 106.8789978 79.00 65.500
WIHH/24 -6.2617190 106.9013688 83.67 245.500
WIII/07L -6.1210599 106.6389999 29.00 68.300
WIII/25R -6.1089902 106.6689987 21.00 248.300
WIII/07R -6.1426001 106.6439972 34.00 68.300
WIII/25L -6.1303201 106.6740036 27.00 248.300
WILL/14 -5.2375030 105.1748430 263.00 140.000
WILL/32 -5.2565750 105.1910320 263.00 320.000
WIMK/05 3.5507806 98.6640198 89.43 46.700
WIMK/23 3.5670400 98.6811981 84.00 226.700
WIMN/09 2.2599725 98.9806542 4725.00 93.000
WIMN/27 2.2593901 98.9990005 4630.00 273.000
WIMU/15 3.3963046 97.8604037 413.39 146.000
WIMU/33 3.3861454 97.8675342 404.20 326.000
WIOD/18 -2.7327670 107.7537610 164.00 176.000
WIOD/36 -2.7553110 107.7552570 134.00 356.000
WIOO/15 -0.1413190 109.4000015 3.00 157.700
WIOO/33 -0.1600970 109.4079971 10.00 337.700
WIPA/13 -1.6323000 103.6370010 82.00 130.000
WIPA/31 -1.6430317 103.6501565 84.86 310.000
WIPK/16 -2.1565396 106.1378160 106.36 165.000
WIPK/34 -2.1709000 106.1409990 92.00 345.000
WIPP/11 -2.8938701 104.6900024 49.00 113.000
WIPP/29 -2.9026301 104.7099991 39.00 293.000
WIPT/15 -0.7756470 100.2760010 18.00 155.000
WIPT/33 -0.7981860 100.2860030 16.00 335.000
WITT/17 5.5345702 95.4180984 57.00 168.300
WITT/35 5.5124798 95.4226990 65.00 348.300
WMBT/02 2.8141601 104.1579971 13.00 26.000
WMBT/20 2.8222001 104.1620026 13.00 206.000
WMGK/08 5.7983098 102.4749985 19.00 82.000
WMGK/26 5.8008299 102.4929962 19.00 262.000
WMKA/04 6.1805201 100.3899994 13.00 42.500
WMKA/22 6.1988101 100.4069977 15.00 222.500
WMKB/18 5.4769201 100.3919983 8.00 184.000
WMKB/36 5.4549198 100.3909988 8.00 4.000
WMKC/10 6.1682319 102.2853542 14.94 100.000
WMKC/28 6.1653350 102.3014589 14.03 280.000
WMKD/18 3.7883201 103.2099991 57.00 183.000
WMKD/36 3.7630000 103.2080002 58.00 3.000
WMKE/16 4.5430698 103.4250031 18.00 163.000
WMKE/34 4.5313802 103.4290009 18.00 343.000
WMKF/04 3.1078552 101.6996981 110.17 35.100
WMKF/22 3.1161289 101.7049376 110.79 215.100
WMKI/04 4.5618701 101.0869980 130.00 41.400
WMKI/22 4.5740700 101.0979996 102.00 221.400
WMKJ/16 1.6554800 103.6640015 135.00 160.000
WMKJ/34 1.6271300 103.6750031 122.00 340.000
WMKK/14L 2.7782800 101.7020030 55.00 146.000
WMKK/32R 2.7481717 101.7214721 69.62 326.000
WMKK/14R 2.7430919 101.6982804 53.92 146.000
WMKK/32L 2.7131300 101.7180020 48.00 326.000
WMKK/15 2.7381700 101.6775000 27.00 146.000
WMKK/33 2.7085000 101.6973300 27.00 326.000
WMKL/03 6.3200548 99.7219870 22.28 34.000
WMKL/21 6.3439398 99.7384033 29.00 214.000
WMKN/04 5.3761902 103.0970001 19.00 45.000
WMKN/22 5.3890800 103.1100006 21.00 225.000
WMKP/04 5.2859001 100.2669983 10.00 42.200
WMKP/22 5.3083801 100.2870026 11.00 222.200
WMSA/15 3.1453300 101.5410004 70.00 149.700
WMSA/33 3.1158299 101.5579987 89.00 329.700
WPDB/16 -9.2999954 125.2863154 91.63 167.000
WPDB/34 -9.3079600 125.2880020 53.00 347.000
WPDL/08 -8.5482883 125.5175416 17.27 77.200
WPDL/26 -8.5446997 125.5329971 25.00 257.200
WPEC/14 -8.4764700 126.3919983 1692.00 142.000
WPEC/32 -8.4944000 126.4059982 1777.00 322.000
WRLC/04 0.1189136 117.4743376 60.84 39.300
WRLC/22 0.1243758 117.4786490 43.19 219.300
WS20/11 43.9578018 -90.6742020 905.00 108.800
WS20/29 43.9547005 -90.6616974 918.00 288.800
WS51/11 43.3544006 -90.6875000 1068.00 109.000
WS51/29 43.3511009 -90.6742020 1068.00 289.000
WSAP/02 1.3446400 103.9029999 43.00 22.900
WSAP/20 1.3761700 103.9160004 65.00 202.900
WSAT/18 1.3996400 103.7099991 50.00 185.000
WSAT/36 1.3748800 103.7080002 50.00 5.000
WSSL/03 1.4104400 103.8629990 36.00 33.000
WSSL/21 1.4224700 103.8710022 10.00 213.000
WSSS/02C 1.3288000 103.9850010 15.00 23.000
WSSS/20C 1.3621300 103.9990010 15.00 203.000
WSSS/02L 1.3489700 103.9779970 22.00 23.000
WSSS/20R 1.3762811 103.9893947 15.48 203.000
WY33/07 42.8157005 -110.2919998 7470.00 83.000
WY46/26 41.0730286 -104.8223038 6094.00 264.000
X09/17 29.6938373 -95.8406636 130.00 178.000
X09/35 29.6861841 -95.8403290 130.00 358.000
XA89/14 28.2145996 -100.0230026 772.00 146.000
XA89/32 28.2024994 -100.0139999 767.00 326.000
XK-0010/18 42.4425011 20.4272003 1370.00 177.500
XK-0010/36 42.4263992 20.4283009 1323.00 357.500
XS67/14 27.9496994 -96.9888000 4.00 140.000
XS67/32 27.9386005 -96.9800034 10.00 320.000
YABA/05 -34.9471016 117.8059998 223.00 45.000
YABA/23 -34.9401016 117.8140030 232.00 225.000
YABA/14 -34.9403000 117.8040009 226.00 134.000
YABA/32 -34.9515991 117.8180008 217.00 314.000
YAMB/04 -27.6445999 152.7079926 86.00 54.000
YAMB/22 -27.6366005 152.7200012 76.00 234.000
YAMB/15 -27.6217003 152.7050018 84.00 159.000
YAMB/33 -27.6473007 152.7160034 91.00 339.000
YARA/12 -37.3082008 142.9850006 1008.00 125.000
YARA/30 -37.3147011 142.9969940 1008.00 305.000
YARG/01 -16.6448002 128.4470062 522.00 21.000
YARG/19 -16.6254005 128.4539948 505.00 201.000
YARM/05 -30.5330009 151.6089935 3530.00 58.000
YARM/23 -30.5247993 151.6250000 3547.00 238.000
YARM/09 -30.5240993 151.6100006 3522.00 97.000
YARM/27 -30.5252991 151.6219940 3555.00 277.000
YAUR/16 -13.3484001 141.7180023 27.00 161.000
YAUR/34 -13.3591003 141.7220001 29.00 341.000
YAYE/13 -25.1781006 130.9669952 1612.00 130.000
YAYE/31 -25.1930008 130.9869995 1626.00 310.000
YBAF/04L -27.5709990 153.0019990 48.00 51.000
YBAF/22R -27.5655952 153.0094743 41.10 231.000
YBAF/04R -27.5716896 153.0043640 44.00 51.000
YBAF/22L -27.5655174 153.0130920 38.00 231.000
YBAF/10L -27.5703950 152.9972230 44.00 107.000
YBAF/28R -27.5747728 153.0127600 62.35 287.000
YBAF/10R -27.5721970 152.9980621 43.00 103.000
YBAF/28L -27.5752258 153.0086823 61.00 283.000
YBAR/01 -23.5727860 145.2998950 876.00 17.000
YBAR/19 -23.5580310 145.3045710 873.00 197.000
YBAR/14 -23.5592003 145.3029938 874.00 139.000
YBAR/32 -23.5657005 145.3090057 877.00 319.000
YBAS/12 -23.8010006 133.8930054 1786.00 120.000
YBAS/30 -23.8120995 133.9140015 1763.00 300.000
YBAS/17 -23.7973003 133.8869934 1789.00 178.000
YBAS/35 -23.8075008 133.8869934 1778.00 358.000
YBBN/01R -27.4034190 153.1182724 11.98 27.000
YBBN/19L -27.3752995 153.1340027 11.00 207.000
YBCG/14 -28.1565000 153.5010070 21.00 150.000
YBCG/32 -28.1725766 153.5108830 14.45 330.000
YBCG/17 -28.1644001 153.5070038 17.00 184.000
YBCG/35 -28.1695995 153.5059967 13.00 4.000
YBCK/06 -24.4349995 145.4210052 918.00 67.000
YBCK/24 -24.4291000 145.4360046 926.00 247.000
YBCK/12 -24.4207001 145.4199982 917.00 128.000
YBCK/30 -24.4293995 145.4329987 925.00 308.000
YBCS/15 -16.8658009 145.7440033 9.00 156.000
YBCS/33 -16.8922997 145.7559967 7.00 336.000
YBCV/12 -26.4078999 146.2579956 986.00 137.000
YBCV/30 -26.4179993 146.2680054 1001.00 317.000
YBCV/18 -26.4127007 146.2619934 996.00 182.000
YBCV/36 -26.4223995 146.2619934 996.00 2.000
YBDG/05 -36.7413370 144.3239140 692.00 61.000
YBDG/23 -36.7379870 144.3314160 689.00 241.000
YBDG/17 -36.7284670 144.3304720 673.00 182.000
YBDG/35 -36.7428670 144.3298810 705.00 2.000
YBDV/03 -25.9039001 139.3430023 150.00 40.000
YBDV/21 -25.8955002 139.3509979 148.00 220.000
YBDV/14 -25.8852005 139.3410034 159.00 149.000
YBDV/32 -25.8985996 139.3500061 152.00 329.000
YBHI/05 -32.0089989 141.4609985 907.00 56.000
YBHI/23 -31.9962997 141.4830017 958.00 236.000
YBHI/14 -32.0037994 141.4669952 914.00 143.000
YBHI/32 -32.0110016 141.4730072 910.00 323.000
YBHM/14 -20.3517284 148.9473511 15.00 143.000
YBHM/32 -20.3631707 148.9566558 15.00 323.000
YBIE/14 -24.3388000 139.4550000 292.00 145.000
YBIE/32 -24.3520000 139.4647000 292.00 325.000
YBIR/04 -36.0004005 142.9140015 340.00 52.000
YBIR/22 -35.9949646 142.9224248 340.00 232.000
YBKE/05 -30.0449009 145.9369965 350.00 64.000
YBKE/23 -30.0373001 145.9539948 351.00 244.000
YBKE/18 -30.0324001 145.9570007 352.00 188.000
YBKE/36 -30.0412998 145.9559937 351.00 8.000
YBKT/03 -17.7551003 139.5310059 21.00 42.000
YBKT/21 -17.7458992 139.5399933 18.00 222.000
YBKT/14 -17.7495003 139.5269928 21.00 132.000
YBKT/32 -17.7539997 139.5319977 21.00 312.000
YBLA/08R -36.5519981 146.0070038 564.00 94.000
YBLA/26L -36.5527000 146.0180054 568.00 274.000
YBLA/17R -36.5497017 146.0050049 561.00 175.000
YBLA/35L -36.5561981 146.0050049 565.00 355.000
YBLN/03 -33.6973300 115.3963300 55.00 26.000
YBLN/21 -33.6773300 115.4078300 55.00 206.000
YBLT/05 -37.5125850 143.7864210 1426.00 62.000
YBLT/23 -37.5071730 143.7990880 1429.00 242.000
YBLT/13 -37.5054180 143.7874090 1421.00 135.000
YBLT/31 -37.5090180 143.7919860 1429.00 315.000
YBLT/18 -37.5069040 143.7949440 1426.00 189.000
YBLT/36 -37.5179620 143.7927920 1431.00 9.000
YBMA/16 -20.6550007 139.4859924 1102.00 169.000
YBMA/34 -20.6776009 139.4909973 1111.00 349.000
YBMK/14 -21.1632004 149.1770020 17.00 148.000
YBMK/32 -21.1783009 149.1880035 14.00 328.000
YBNA/06 -28.8358002 153.5520020 7.00 74.000
YBNA/24 -28.8309002 153.5700073 7.00 254.000
YBNS/04 -37.8903080 147.5643440 165.00 55.000
YBNS/22 -37.8846720 147.5745650 155.00 235.000
YBNS/14 -37.8833930 147.5657830 163.00 145.000
YBNS/32 -37.8896560 147.5713500 160.00 325.000
YBOK/05 -27.4060993 151.7310028 1329.00 55.000
YBOK/23 -27.4013004 151.7380066 1335.00 235.000
YBOK/09 -27.4090996 151.7250061 1324.00 99.600
YBOK/27 -27.4106007 151.7350006 1332.00 279.600
YBOK/14 -27.4027004 151.7369995 1334.00 145.000
YBOK/32 -27.4148998 151.7469940 1335.00 325.000
YBOU/14 -22.9057460 139.8963100 542.00 150.000
YBOU/32 -22.9196880 139.9052820 536.00 330.000
YBPN/11 -20.4904995 148.5440063 58.00 115.000
YBPN/29 -20.4983006 148.5630035 47.00 295.000
YBRK/04 -23.3825000 150.4649960 31.00 53.000
YBRK/22 -23.3758470 150.4747100 32.00 233.000
YBRK/15 -23.3687000 150.4700012 33.00 159.000
YBRK/33 -23.3906994 150.4799957 27.00 339.000
YBRL/02 -16.0811005 136.3000031 52.00 23.000
YBRL/20 -16.0706997 136.3049927 55.00 203.000
YBRM/10 -17.9456010 122.2160030 56.00 105.000
YBRM/28 -17.9514010 122.2379990 22.00 285.000
YBRN/18 -34.6194992 143.5780029 210.00 186.000
YBRN/36 -34.6301003 143.5769958 210.00 6.000
YBRW/03 -29.9808998 146.8099976 414.00 36.000
YBRW/21 -29.9706993 146.8190002 369.00 216.000
YBRY/10 -22.6724695 119.1581382 2056.00 103.000
YBRY/28 -22.6766415 119.1746698 2056.00 283.000
YBSU/13 -26.5832140 153.0745240 15.00 142.000
YBSU/31 -26.6032260 153.0916900 15.00 322.000
YBTH/08 -33.4067001 149.6490021 2396.00 91.000
YBTH/26 -33.4067993 149.6629944 2423.00 271.000
YBTH/17 -33.4007912 149.6506805 2391.00 176.000
YBTH/35 -33.4161148 149.6519012 2434.00 356.000
YBTI/15 -11.7589998 130.6119995 34.00 150.000
YBTI/33 -11.7705002 130.6190033 64.00 330.000
YBTL/01 -19.2583008 146.7649994 18.00 24.000
YBTL/19 -19.2381992 146.7740021 13.00 204.000
YBTL/07 -19.2558002 146.7559967 12.00 74.000
YBTL/25 -19.2530994 146.7660065 14.00 254.000
YBTR/18 -23.5963001 148.8070068 620.00 187.000
YBTR/36 -23.6100006 148.8049927 657.00 7.000
YBUD/07 -24.9064007 152.3139954 107.00 69.000
YBUD/25 -24.9027004 152.3240051 101.00 249.000
YBUD/14 -24.8980698 152.3178179 101.00 148.000
YBUD/32 -24.9126000 152.3280030 101.00 328.000
YBUN/07 -33.3805450 115.6724380 45.00 60.000
YBUN/25 -33.3765524 115.6822208 48.99 240.000
YBWG/09 -27.3663998 121.0240021 1644.00 88.400
YBWG/27 -27.3658009 121.0449982 1612.00 268.400
YBWP/12 -12.6732998 141.9160004 57.00 124.000
YBWP/30 -12.6815996 141.9290009 63.00 304.000
YBWW/12 -27.5487442 151.7845001 1436.00 133.000
YBWW/30 -27.5662994 151.8059998 1509.00 313.000
YBWX/03 -20.8689995 115.4029999 25.00 27.000
YBWX/21 -20.8535995 115.4110031 17.00 207.000
YCAR/04 -24.8866997 113.6640015 7.00 43.000
YCAR/22 -24.8759446 113.6747517 12.87 223.000
YCAR/18 -24.8787003 113.6660004 9.00 180.000
YCAR/36 -24.8889008 113.6660004 7.00 0.000
YCAS/10 -28.8799992 153.0549927 86.00 105.000
YCAS/28 -28.8827000 153.0659943 67.00 285.000
YCBA/05 -31.5415000 145.7870030 704.00 55.000
YCBA/23 -31.5332160 145.8010670 722.00 235.000
YCBA/17 -31.5380840 145.7948140 711.00 175.000
YCBA/35 -31.5463010 145.7960050 716.00 355.000
YCBB/01 -31.3349991 149.2700043 2116.00 29.000
YCBB/19 -31.3299007 149.2740021 2108.00 209.000
YCBB/11 -31.3271008 149.2559967 2104.00 123.000
YCBB/29 -31.3346004 149.2689972 2117.00 303.000
YCBG/09 -42.8282013 147.4759979 67.00 108.000
YCBG/27 -42.8296013 147.4830017 67.00 288.000
YCBG/12 -42.8223991 147.4739990 67.00 135.000
YCBG/30 -42.8288002 147.4819946 67.00 315.000
YCBG/14 -42.8218002 147.4739990 67.00 156.000
YCBG/32 -42.8280983 147.4779968 67.00 336.000
YCBP/04 -29.0443001 134.7140045 729.00 48.000
YCBP/22 -29.0359001 134.7250061 740.00 228.000
YCBP/14 -29.0365009 134.7209930 736.00 149.000
YCBP/32 -29.0429993 134.7250061 734.00 329.000
YCCA/14 -26.7681007 150.6139984 1028.00 142.000
YCCA/32 -26.7758007 150.6210022 1028.00 322.000
YCCY/06 -20.6702995 140.4989929 611.00 68.000
YCCY/24 -20.6664009 140.5090027 616.00 248.000
YCCY/12 -20.6602001 140.5000000 612.00 128.000
YCCY/30 -20.6713009 140.5149994 613.00 308.000
YCDO/01 -33.0702019 147.2109985 632.00 25.000
YCDO/19 -33.0588989 147.2169952 650.00 205.000
YCDO/10 -33.0629997 147.1999969 635.00 105.000
YCDO/28 -33.0657997 147.2120056 634.00 285.000
YCDU/11 -32.1278000 133.6979980 57.00 111.000
YCDU/29 -32.1334000 133.7149963 74.00 291.000
YCDU/17 -32.1265984 133.7129974 73.00 173.000
YCDU/35 -32.1357002 133.7140045 71.00 353.000
YCEE/08 -33.7102013 136.4989929 580.00 90.000
YCEE/26 -33.7103996 136.5140076 540.00 270.000
YCEE/18 -33.7076988 136.5039978 578.00 182.000
YCEE/36 -33.7156982 136.5039978 542.00 2.000
YCFS/03 -30.3383522 153.1065826 14.00 41.000
YCFS/21 -30.3241997 153.1210022 18.00 221.000
YCFS/10 -30.3168251 153.1152313 9.87 107.000
YCFS/28 -30.3187008 153.1230011 15.00 287.000
YCIN/11 -17.5755997 123.8150024 254.00 111.000
YCIN/29 -17.5851994 123.8420029 300.00 291.000
YCKN/11 -15.4406996 145.1759949 24.00 111.000
YCKN/29 -15.4461002 145.1900024 13.00 291.000
YCMT/01 -22.7747002 147.6210022 890.00 27.000
YCMT/19 -22.7660999 147.6260071 855.00 207.000
YCMT/15 -22.7668991 147.6170044 905.00 160.000
YCMT/33 -22.7779007 147.6210022 895.00 340.000
YCMU/06 -28.0333004 145.6139984 627.00 68.000
YCMU/24 -28.0301991 145.6230011 627.00 248.000
YCMU/12 -28.0266991 145.6199951 630.00 130.000
YCMU/30 -28.0368004 145.6329956 625.00 310.000
YCNM/05 -30.9862995 148.3690033 597.00 54.000
YCNM/23 -30.9782009 148.3820038 597.00 234.000
YCNM/12 -30.9768009 148.3739929 593.00 129.000
YCNM/30 -30.9801006 148.3789978 604.00 309.000
YCNY/14 -18.7537994 138.7050018 411.00 141.700
YCNY/32 -18.7637014 138.7129957 415.03 321.700
YCOE/11 -13.7606001 143.1119995 522.00 113.100
YCOE/29 -13.7649002 143.1219940 532.00 293.100
YCOM/18 -36.2911230 148.9748279 3050.31 193.000
YCOM/36 -36.3091011 148.9700012 3088.00 13.000
YCOR/05 -36.0008010 146.3450010 461.00 55.000
YCOR/23 -35.9927300 146.3583980 464.00 235.000
YCOR/14 -35.9831010 146.3459930 462.00 145.000
YCOR/32 -35.9921267 146.3545254 462.97 325.000
YCRG/06 -36.1850821 147.8808318 961.28 72.000
YCRG/24 -36.1817434 147.8930670 949.81 252.000
YCTM/10 -34.6241989 148.0290070 1096.00 111.000
YCTM/28 -34.6268997 148.0370026 1108.00 291.000
YCTM/16 -34.6171837 148.0356445 1102.00 174.000
YCTM/34 -34.6270641 148.0371021 1107.53 354.000
YCUN/05 -31.6272520 117.2115330 688.00 45.000
YCUN/23 -31.6166990 117.2239990 705.00 225.000
YCUN/14 -31.6173650 117.2102730 700.00 135.000
YCUN/32 -31.6271990 117.2220000 694.00 315.000
YCUS/17 -34.2117210 135.6344790 174.00 174.000
YCUS/35 -34.2229550 135.6344670 197.00 354.000
YCWR/03 -33.8464012 148.6430054 955.00 41.000
YCWR/21 -33.8385010 148.6519928 966.00 221.000
YCWR/15 -33.8392296 148.6448975 960.00 162.000
YCWR/33 -33.8531456 148.6504974 973.00 342.000
YDBY/05 -17.3745995 123.6579971 23.00 56.000
YDBY/23 -17.3687992 123.6669998 19.00 236.000
YDBY/11 -17.3687992 123.6529999 18.00 111.000
YDBY/29 -17.3743000 123.6689987 24.00 291.000
YDLQ/06 -35.5611000 144.9400024 314.00 66.000
YDLQ/24 -35.5565987 144.9530029 309.00 246.000
YDLQ/12 -35.5526010 144.9429930 309.00 142.000
YDLQ/30 -35.5630000 144.9531280 312.00 322.000
YDOD/09 -36.3596992 143.0050049 409.00 98.000
YDOD/27 -36.3610992 143.0180054 409.00 278.000
YDOD/18 -36.3608017 143.0070038 409.00 188.000
YDOD/36 -36.3680992 143.0059967 409.00 8.000
YDPO/06 -41.1697006 146.4190063 17.00 76.000
YDPO/24 -41.1657982 146.4400024 22.00 256.000
YDPO/14 -41.1656990 146.4290009 14.00 156.000
YDPO/32 -41.1729012 146.4329987 33.00 336.000
YDYS/14 -22.6166992 148.3589935 682.00 146.000
YDYS/32 -22.6282997 148.3670044 673.00 326.000
YECH/17 -36.1577990 144.7619930 321.00 178.000
YECH/35 -36.1690620 144.7623070 322.00 358.000
YELD/10 -12.0180998 135.5679932 101.00 99.000
YELD/28 -12.0202999 135.5809937 88.00 279.000
YEML/06 -23.5722008 148.1710052 620.00 71.000
YEML/24 -23.5664997 148.1889954 605.00 251.000
YEML/15 -23.5648000 148.1750030 611.00 152.000
YEML/33 -23.5697220 148.1777340 615.00 332.000
YESP/03 -33.6892014 121.8209991 449.00 28.000
YESP/21 -33.6797981 121.8270035 460.00 208.000
YESP/11 -33.6792680 121.8127600 444.00 111.000
YESP/29 -33.6851010 121.8310010 469.00 291.000
YFBS/09 -33.3618011 147.9210052 757.00 99.000
YFBS/27 -33.3634987 147.9340057 757.00 279.000
YFRT/09 -30.8365002 128.1100006 510.00 94.000
YFRT/27 -30.8372993 128.1239929 503.00 274.000
YFRT/18 -30.8327007 128.1130066 509.00 180.000
YFRT/36 -30.8463993 128.1130066 511.00 0.000
YFTZ/01 -18.1891994 125.5579987 363.00 18.000
YFTZ/19 -18.1779003 125.5619965 363.00 198.000
YGAY/06 -25.6181280 151.6151640 369.00 67.000
YGAY/24 -25.6133580 151.6266120 358.00 247.000
YGDA/12 -29.0697994 147.3809967 459.00 131.000
YGDA/30 -29.0757999 147.3890076 459.00 311.000
YGDH/11 -30.9535999 150.2409973 859.00 123.000
YGDH/29 -30.9615993 150.2550049 863.00 303.000
YGDH/17 -30.9552002 150.2510071 858.00 183.000
YGDH/35 -30.9605007 150.2510071 860.00 3.000
YGDI/04 -28.5270004 150.3159943 711.00 42.000
YGDI/22 -28.5179996 150.3249969 710.00 222.000
YGDI/12 -28.5207005 150.3179932 711.00 131.500
YGDI/30 -28.5254993 150.3240051 713.00 311.500
YGEL/03 -28.8045006 114.7030029 98.00 18.000
YGEL/21 -28.7875004 114.7099991 120.00 198.000
YGEL/08 -28.7880001 114.6999969 113.00 80.000
YGEL/26 -28.7865009 114.7089996 121.00 260.000
YGEL/14 -28.7880993 114.6999969 112.00 143.000
YGEL/32 -28.7940998 114.7060013 110.00 323.000
YGFN/18 -29.7472000 153.0319977 63.00 186.000
YGFN/36 -29.7625008 153.0299988 106.00 6.000
YGIG/08 -31.4664993 115.8539963 247.00 75.000
YGIG/26 -31.4622002 115.8720016 243.00 255.000
YGLA/10 -23.8668990 151.2169950 62.00 110.000
YGLA/28 -23.8723795 151.2331961 28.20 290.000
YGLB/04 -34.8132019 149.7220001 2141.00 48.000
YGLB/22 -34.8054008 149.7319946 2089.00 228.000
YGLB/08 -34.8097000 149.7270050 2113.00 92.000
YGLB/26 -34.8098984 149.7350006 2091.00 272.000
YGLI/10 -29.6738930 151.6824560 3414.00 106.000
YGLI/28 -29.6768450 151.6943900 3423.00 286.000
YGLI/14 -29.6671009 151.6860046 3426.00 154.000
YGLI/32 -29.6791992 151.6929932 3433.00 334.000
YGPT/04 -11.4041004 130.4210052 69.00 46.000
YGPT/22 -11.3958998 130.4290009 86.00 226.000
YGTE/10 -13.9709997 136.4499969 30.00 100.000
YGTE/28 -13.9737997 136.4669952 51.00 280.000
YGTH/06 -34.2572289 146.0518188 427.00 65.800
YGTH/24 -34.2509422 146.0687866 439.00 245.800
YGTH/18 -34.2467003 146.0690002 442.00 189.000
YGTH/36 -34.2519989 146.0679932 444.00 9.000
YHAY/04 -34.5373993 144.8240051 303.00 44.000
YHAY/22 -34.5279007 144.8350067 303.00 224.000
YHAY/15 -34.5238991 144.8269958 305.00 155.000
YHAY/33 -34.5331993 144.8320007 304.00 335.000
YHBA/11 -25.3155003 152.8719940 55.00 119.000
YHBA/29 -25.3241997 152.8890076 51.00 299.000
YHID/08 -10.5867004 142.2810059 12.00 85.000
YHID/26 -10.5856094 142.2927313 21.89 265.000
YHID/14 -10.5810003 142.2890015 8.00 140.000
YHID/32 -10.5895004 142.2960052 43.00 320.000
YHLC/04 -18.2409992 127.6610031 1338.00 44.000
YHLC/22 -18.2313004 127.6709976 1328.00 224.000
YHLC/08 -18.2355995 127.6630020 1344.00 86.000
YHLC/26 -18.2350006 127.6719971 1318.00 266.000
YHML/10 -37.6459999 142.0590057 776.00 113.000
YHML/28 -37.6503983 142.0720062 799.00 293.000
YHML/17 -37.6386390 142.0619040 764.00 180.000
YHML/35 -37.6539990 142.0619960 781.00 0.000
YHOT/11 -37.0451012 147.3280029 4259.00 119.100
YHOT/29 -37.0512009 147.3419952 4229.00 299.100
YHPN/01 -35.7196730 142.3581082 256.00 21.000
YHPN/19 -35.7104988 142.3630066 256.00 201.000
YHSM/08 -36.6688995 142.1710052 438.00 90.000
YHSM/26 -36.6688004 142.1860046 445.00 270.000
YHSM/17 -36.6689990 142.1719970 438.00 180.000
YHSM/35 -36.6787850 142.1720820 438.00 0.000
YHUG/06 -20.8185005 144.2180023 1032.00 66.000
YHUG/24 -20.8150005 144.2259979 1033.00 246.000
YHUG/12 -20.8083000 144.2189941 1029.00 127.000
YHUG/30 -20.8174000 144.2310028 1040.00 307.000
YIFL/03 -17.5643997 146.0090027 42.00 35.000
YIFL/21 -17.5543995 146.0160065 24.00 215.000
YIFL/14 -17.5541992 146.0070038 45.00 141.000
YIFL/32 -17.5636997 146.0149994 37.00 321.000
YIVL/16 -29.8785992 151.1430054 2594.00 170.000
YIVL/34 -29.8973999 151.1470032 2667.00 350.000
YJAB/09 -12.6575003 132.8880005 72.00 95.000
YJAB/27 -12.6585999 132.9010010 69.00 275.000
YJLC/10 -20.6664009 141.7120056 402.00 107.000
YJLC/28 -20.6700993 141.7250061 402.00 287.000
YKBY/05 -32.8445015 134.2940063 69.00 52.000
YKBY/23 -32.8401985 134.3000031 69.00 232.000
YKBY/13 -32.8325996 134.2870026 69.00 130.000
YKBY/31 -32.8403015 134.2980042 69.00 310.000
YKER/14 -35.7478981 143.9340057 254.00 149.000
YKER/32 -35.7560997 143.9400024 254.00 329.000
YKII/06 -39.8778992 143.8789978 124.00 74.000
YKII/24 -39.8758011 143.8880005 90.00 254.000
YKII/10 -39.8734016 143.8699951 107.00 115.000
YKII/28 -39.8793983 143.8869934 103.00 295.000
YKII/17 -39.8727989 143.8849945 96.00 185.000
YKII/35 -39.8828011 143.8840027 132.00 5.000
YKKG/03 -17.4330006 130.8070068 646.00 33.000
YKKG/21 -17.4235001 130.8130035 646.00 213.000
YKKG/13 -17.4333992 130.8079987 646.00 134.000
YKKG/31 -17.4393997 130.8139954 646.00 314.000
YKLC/11 -16.1212800 123.7261800 537.00 114.000
YKLC/29 -16.1289800 123.7440100 513.00 294.000
YKMP/04 -31.0764999 152.7579956 53.00 54.000
YKMP/22 -31.0678997 152.7720032 50.00 234.000
YKOW/12 -15.4823999 141.7469940 34.00 120.000
YKOW/30 -15.4885998 141.7579956 35.00 300.000
YKRY/05 -26.5855007 151.8359985 1432.00 65.000
YKRY/23 -26.5806007 151.8480072 1492.00 245.000
YKRY/16 -26.5725002 151.8379974 1417.00 168.000
YKRY/34 -26.5865993 151.8410034 1465.00 348.000
YKSC/01 -35.7236220 137.5217430 22.00 22.000
YKSC/19 -35.7084090 137.5290490 21.00 202.000
YKSC/06 -35.7149010 137.5169983 24.00 67.000
YKSC/24 -35.7108002 137.5279999 20.00 247.000
YKSC/15 -35.7093330 137.5179080 22.00 157.000
YKSC/33 -35.7202990 137.5240020 21.00 337.000
YLEC/02 -30.6037006 138.4199982 851.00 30.000
YLEC/20 -30.5942001 138.4270020 849.00 210.000
YLEC/11 -30.5956993 138.4239960 853.00 121.000
YLEC/29 -30.6035995 138.4400024 850.00 301.000
YLEG/04 -38.4991180 145.8570070 263.00 47.000
YLEG/22 -38.4926640 145.8656220 263.00 227.000
YLEO/04 -28.8890991 121.3059998 1205.00 37.000
YLEO/22 -28.8745003 121.3180008 1217.00 217.000
YLEO/12 -28.8750000 121.3079987 1206.00 133.000
YLEO/30 -28.8822002 121.3170013 1213.00 313.000
YLEV/08 -12.4983997 135.8020020 256.00 85.400
YLEV/26 -12.4976997 135.8110046 256.00 265.400
YLHR/12 -12.7837000 143.3009949 46.00 125.000
YLHR/30 -12.7915001 143.3119965 76.00 305.000
YLIS/15 -28.8239002 153.2550049 35.00 157.000
YLIS/33 -28.8376999 153.2619934 31.00 337.000
YLLE/03 -27.4118996 141.8040009 373.00 39.600
YLLE/21 -27.3994007 141.8150024 379.00 219.600
YLRD/10 -29.4505997 147.9700012 540.00 110.000
YLRD/28 -29.4547997 147.9839935 540.00 290.000
YLRE/04 -23.4379997 144.2709961 626.00 47.000
YLRE/22 -23.4260006 144.2839966 624.00 227.000
YLST/10 -27.8426991 120.6949997 1626.00 100.000
YLST/28 -27.8455530 120.7126952 1629.93 280.000
YLTN/07 -28.6168003 122.4209976 1512.00 70.000
YLTN/25 -28.6110992 122.4380035 1530.00 250.000
YLTN/16 -28.6063995 122.4229965 1510.00 157.000
YLTN/34 -28.6140003 122.4260025 1517.00 337.000
YLTV/03 -38.2155300 146.4650880 165.00 45.000
YLTV/21 -38.2064990 146.4765810 180.00 225.000
YLTV/09 -38.2051060 146.4654060 157.00 97.000
YLTV/27 -38.2061290 146.4757720 179.00 277.000
YMAV/18 -38.0272370 144.4694190 32.00 187.000
YMAV/36 -38.0544130 144.4648270 34.00 7.000
YMAY/07 -36.0681000 146.9490051 539.00 81.000
YMAY/25 -36.0653992 146.9700012 531.00 261.000
YMBA/10 -17.0674040 145.4158190 1532.00 108.000
YMBA/28 -17.0729450 145.4320990 1560.00 288.000
YMBU/17 -37.0305000 143.7068650 766.00 174.000
YMBU/35 -37.0397960 143.7082880 766.00 354.000
YMCT/08 -37.5834840 140.3598090 56.00 85.000
YMCT/26 -37.5820010 140.3739930 56.00 265.000
YMDG/04 -32.5696983 149.6020050 1506.00 52.000
YMDG/22 -32.5601006 149.6170044 1544.00 232.000
YMDG/16 -32.5550995 149.6109924 1545.00 171.000
YMDG/34 -32.5647011 149.6130066 1528.00 351.000
YMEK/09 -26.6091003 118.5350037 1691.00 85.000
YMEK/27 -26.6074009 118.5569992 1681.00 265.000
YMEK/15 -26.6093580 118.5490240 1713.00 139.000
YMEK/33 -26.6166000 118.5560000 1693.00 319.000
YMEN/08 -37.7313910 144.8928770 239.00 88.000
YMEN/26 -37.7307920 144.9146600 239.00 268.000
YMEN/17 -37.7204160 144.9007580 282.00 177.000
YMEN/35 -37.7315095 144.9012447 282.00 357.000
YMER/03 -36.9128990 149.8970032 6.00 34.000
YMER/21 -36.9009018 149.9069977 7.00 214.000
YMES/04 -38.1059990 147.1390076 19.00 54.000
YMES/22 -38.0931015 147.1609955 14.00 234.000
YMES/09 -38.0956993 147.1280060 23.00 99.000
YMES/27 -38.0988007 147.1529999 14.00 279.000
YMGB/11 -12.0921001 134.8869934 53.00 116.000
YMGB/29 -12.0978003 134.8990021 32.00 296.000
YMGD/14 -12.0525999 134.2330017 110.00 148.600
YMGD/32 -12.0643997 134.2400055 123.00 328.600
YMGT/02 -33.9353550 115.0983500 366.00 19.000
YMGT/20 -33.9257080 115.1012430 372.00 199.000
YMHB/12 -42.8282230 147.5010240 12.00 135.000
YMHB/30 -42.8455860 147.5246000 13.00 315.000
YMHU/06 -16.4487430 136.0641570 131.00 69.000
YMHU/24 -16.4407660 136.0860510 125.00 249.000
YMIA/09 -34.2263985 142.0740051 166.00 102.000
YMIA/27 -34.2296982 142.0930023 160.00 282.000
YMIA/18 -34.2257996 142.0899963 162.00 186.000
YMIA/36 -34.2360992 142.0890045 165.00 6.000
YMJM/12 -34.2627983 116.1340027 940.00 117.000
YMJM/30 -34.2677994 116.1460037 927.00 297.000
YMLT/14L -41.5411987 147.2140045 535.00 147.000
YMLT/32R -41.5466003 147.2189941 545.00 327.000
YMLT/14R -41.5371017 147.2039948 560.00 146.000
YMLT/32L -41.5521011 147.2169952 548.00 326.000
YMMB/04 -37.9790803 145.0987001 39.87 47.000
YMMB/22 -37.9768312 145.1018068 45.63 227.000
YMMB/13L -37.9729338 145.0986708 48.14 142.000
YMMB/31R -37.9802820 145.1059120 40.00 322.000
YMMB/13R -37.9756175 145.0982344 45.48 142.000
YMMB/31L -37.9810715 145.1036083 38.32 322.000
YMMB/17L -37.9742026 145.0995215 46.51 176.000
YMMB/35R -37.9821646 145.1002135 38.56 356.000
YMMB/17R -37.9736752 145.0970407 47.48 176.000
YMMB/35L -37.9818051 145.0977421 40.19 356.000
YMMI/03 -28.7124996 121.8840027 1535.00 33.800
YMMI/21 -28.6975002 121.8960037 1530.00 213.800
YMML/09 -37.6608009 144.8220062 395.00 94.000
YMML/27 -37.6623001 144.8480072 407.00 274.000
YMML/16 -37.6531982 144.8350067 432.00 171.000
YMML/34 -37.6857986 144.8410034 330.00 351.000
YMND/05 -32.7031946 151.4896041 83.64 62.000
YMND/23 -32.6975400 151.4996030 68.00 242.000
YMND/08 -32.7012209 151.4912558 75.00 94.000
YMND/26 -32.7014156 151.4969598 75.00 274.000
YMNE/11 -27.2837009 120.5459976 1792.00 114.000
YMNE/29 -27.2903004 120.5619965 1772.00 294.000
YMNG/05 -36.8934380 145.1730050 457.00 55.000
YMNG/23 -36.8827330 145.1913880 463.00 235.000
YMNG/18 -36.8827640 145.1900130 463.00 189.000
YMNG/36 -36.8957430 145.1874400 466.00 9.000
YMOG/04 -28.1177998 117.8349991 1332.00 36.000
YMOG/22 -28.1112003 117.8399963 1345.00 216.000
YMOG/16 -28.1077350 117.8369970 1354.00 161.000
YMOG/34 -28.1226640 117.8441990 1325.00 341.000
YMOR/01 -29.5063000 149.8430023 697.00 17.000
YMOR/19 -29.4923992 149.8480072 701.00 197.000
YMOR/05 -29.5007992 149.8370056 690.00 58.000
YMOR/23 -29.4962006 149.8450012 696.00 238.000
YMPC/04 -37.9364014 144.7460022 9.00 49.000
YMPC/22 -37.9295998 144.7559967 9.00 229.000
YMPC/17 -37.9241982 144.7530060 13.00 175.000
YMPC/35 -37.9365005 144.7550049 8.00 355.000
YMRB/16 -22.0513000 148.0749969 729.00 171.000
YMRB/34 -22.0650005 148.0769958 770.00 351.000
YMRY/04 -35.9038010 150.1399994 12.00 57.000
YMRY/22 -35.8996010 150.1479950 11.00 237.000
YMRY/18 -35.8888016 150.1479950 14.00 192.000
YMRY/36 -35.9023018 150.1450043 13.00 12.000
YMTI/09 -16.6604996 139.1629944 31.00 98.000
YMTI/27 -16.6625004 139.1770020 31.00 278.000
YMYB/12 -25.5118008 152.7120056 31.00 129.000
YMYB/30 -25.5167999 152.7189941 36.00 309.000
YMYB/17 -25.5063992 152.7129974 30.00 174.000
YMYB/35 -25.5205994 152.7140045 38.00 354.000
YNAR/05 -34.7037010 146.5090030 471.00 53.000
YNAR/23 -34.6987100 146.5170910 469.00 233.000
YNAR/14 -34.6932983 146.5050049 469.00 144.000
YNAR/32 -34.7051010 146.5160065 470.00 324.000
YNBR/09 -30.3138170 149.8289390 730.00 95.000
YNBR/27 -30.3145010 149.8370060 786.00 275.000
YNBR/18 -30.3141000 149.8280030 741.00 193.000
YNBR/36 -30.3296320 149.8234740 716.00 13.000
YNGU/11 -14.7206001 134.7409973 40.00 115.000
YNGU/29 -14.7263002 134.7539978 33.00 295.000
YNHL/09 -36.3097992 141.6419983 428.00 103.000
YNHL/27 -36.3116989 141.6519928 449.00 283.000
YNHL/18 -36.3069992 141.6439972 444.00 187.000
YNHL/36 -36.3168983 141.6419983 421.00 7.000
YNPE/13 -10.9383850 142.4478610 31.00 137.000
YNPE/31 -10.9508000 142.4590000 19.00 317.000
YNRC/02 -36.9899930 140.7230290 161.00 27.000
YNRC/20 -36.9791980 140.7299960 164.00 207.000
YNRC/08 -36.9808998 140.7169952 161.00 84.000
YNRC/26 -36.9799004 140.7290039 164.00 264.000
YNRM/04 -32.2183990 148.2209930 780.00 54.000
YNRM/22 -32.2126007 148.2299957 780.00 234.000
YNRM/11 -32.2122993 148.2180023 776.00 121.000
YNRM/29 -32.2183071 148.2286533 780.98 301.000
YNRV/06 -33.8017998 120.1999969 193.00 58.900
YNRV/24 -33.7939987 120.2160034 209.00 238.900
YNRV/14 -33.7933998 120.2070007 200.00 138.600
YNRV/32 -33.8014984 120.2149963 193.00 318.600
YNTN/14 -17.6807995 141.0670013 28.00 146.000
YNTN/32 -17.6935005 141.0760040 72.00 326.000
YNUM/15 -14.2643995 135.7120056 31.00 151.000
YNUM/33 -14.2747002 135.7180023 31.00 331.000
YNWN/05 -23.4237995 119.7949982 1724.00 56.000
YNWN/23 -23.4132004 119.8109970 1712.00 236.000
YNYN/05 -31.5543995 147.1959991 568.00 59.000
YNYN/23 -31.5468998 147.2100067 566.00 239.000
YNYN/18 -31.5445995 147.2010040 568.00 193.000
YNYN/36 -31.5538998 147.1979980 566.00 13.000
YOEN/12 -12.3226004 133.0019989 30.00 119.000
YOEN/30 -12.3283005 133.0119934 30.00 299.000
YOLD/07 -30.4868450 136.8668671 343.00 64.000
YOLD/25 -30.4812469 136.8851318 318.00 244.000
YOOM/12 -28.0942993 140.1909943 143.00 127.000
YOOM/30 -28.1035995 140.2050018 124.00 307.000
YORG/04 -33.3784340 149.1210090 3112.00 52.000
YORG/22 -33.3731990 149.1289980 3087.00 232.000
YORG/11 -33.3746970 149.1190870 3099.00 125.000
YORG/29 -33.3862990 149.1380000 3115.00 305.000
YPAD/05 -34.9576331 138.5182585 14.29 50.000
YPAD/23 -34.9406010 138.5429990 20.00 230.000
YPAD/12 -34.9412000 138.5220030 14.00 123.000
YPAD/30 -34.9494020 138.5370030 14.00 303.000
YPAG/15 -32.4981003 137.7109985 56.00 159.000
YPAG/33 -32.5120010 137.7180023 45.00 339.000
YPAM/14 -18.7510180 146.5780780 20.00 143.000
YPAM/32 -18.7591780 146.5846190 16.00 323.000
YPBO/06 -23.1755009 117.7369995 1374.00 65.000
YPBO/24 -23.1674004 117.7559967 1405.00 245.000
YPCC/15 -12.1819000 96.8279037 5.00 149.000
YPCC/33 -12.2007999 96.8394012 7.00 329.000
YPDN/11 -12.4094000 130.8650055 96.00 109.000
YPDN/29 -12.4191999 130.8939972 81.00 289.000
YPDN/18 -12.4088001 130.8710022 96.00 180.000
YPDN/36 -12.4225998 130.8710022 91.00 0.000
YPEA/05 -31.6723003 116.0090027 114.00 45.000
YPEA/23 -31.6615009 116.0210037 150.00 225.000
YPEA/18L -31.6623993 116.0139999 119.00 174.000
YPEA/36R -31.6842995 116.0169983 111.00 354.000
YPEA/18R -31.6688004 116.0130005 128.00 173.000
YPEA/36L -31.6844006 116.0149994 108.00 353.000
YPED/18 -34.6919380 138.6180340 60.00 189.000
YPED/36 -34.7183690 138.6132350 52.00 9.000
YPGV/13 -12.2628002 136.8099976 192.00 130.000
YPGV/31 -12.2756996 136.8249969 172.00 310.000
YPIR/08 -33.2380981 137.9909973 40.00 90.000
YPIR/26 -33.2380981 138.0019989 40.00 270.000
YPIR/17 -33.2350998 137.9909973 40.00 180.000
YPIR/35 -33.2447014 137.9909973 40.00 0.000
YPJT/06L -32.0999728 115.8750215 94.00 54.000
YPJT/24R -32.0940716 115.8847477 94.00 234.000
YPJT/06R -32.1008987 115.8769989 95.00 54.000
YPJT/24L -32.0947990 115.8870010 94.00 234.000
YPJT/12 -32.0999490 115.8724820 94.00 114.000
YPJT/30 -32.1055790 115.8870240 94.00 294.000
YPKA/08 -20.7140255 116.7647095 30.00 83.000
YPKA/26 -20.7117386 116.7864380 20.00 263.000
YPKG/11 -30.7882996 121.4550018 1203.00 110.000
YPKG/29 -30.7945995 121.4739990 1147.00 290.000
YPKG/18 -30.7814007 121.4619980 1166.00 185.000
YPKG/36 -30.7922001 121.4609985 1187.00 5.000
YPKS/04 -33.1371994 148.2310028 1029.00 55.000
YPKS/22 -33.1285019 148.2449951 1067.00 235.000
YPKS/11 -33.1248016 148.2299957 1033.00 124.000
YPKS/29 -33.1323309 148.2434537 1065.16 304.000
YPKU/12 -15.7738581 128.7016907 141.00 119.000
YPKU/30 -15.7819996 128.7169952 144.00 299.000
YPLC/01 -34.6125984 135.8769989 9.00 17.000
YPLC/19 -34.5997009 135.8809967 21.00 197.000
YPLC/05 -34.6073990 135.8750000 21.00 58.000
YPLC/23 -34.6012001 135.8869934 13.00 238.000
YPLC/15 -34.5990982 135.8750000 36.00 154.000
YPLC/33 -34.6108017 135.8820038 9.00 334.000
YPLM/18 -22.2199993 114.0910034 13.00 184.000
YPLM/36 -22.2474003 114.0889969 19.00 4.000
YPMQ/03 -31.4429400 152.8572220 11.00 30.000
YPMQ/21 -31.4289000 152.8670040 12.00 210.000
YPOD/08 -38.3195000 141.4629974 256.00 87.000
YPOD/26 -38.3188019 141.4810028 261.00 267.000
YPOD/17 -38.3137016 141.4660034 265.00 177.000
YPOD/35 -38.3242989 141.4669952 251.00 357.000
YPPD/14 -20.3740997 118.6220016 23.00 138.000
YPPD/32 -20.3906994 118.6380005 33.00 318.000
YPPD/18 -20.3703003 118.6289978 27.00 183.000
YPPD/36 -20.3792992 118.6289978 29.00 3.000
YPPF/03L -34.8037987 138.6309967 35.00 28.000
YPPF/21R -34.7930984 138.6380005 49.00 208.000
YPPF/03R -34.8022003 138.6340027 39.00 28.000
YPPF/21L -34.7919998 138.6410065 55.00 208.000
YPPF/08L -34.7934990 138.6250000 31.00 85.000
YPPF/26R -34.7928009 138.6349945 46.00 265.000
YPPF/08R -34.7956009 138.6230011 35.00 85.000
YPPF/26L -34.7947998 138.6340027 41.00 265.000
YPPH/03 -31.9587002 115.9599991 67.00 14.000
YPPH/21 -31.9286003 115.9680023 43.00 194.000
YPPH/06 -31.9410000 115.9589996 58.00 59.000
YPPH/24 -31.9309006 115.9789963 58.00 239.000
YPTN/14 -14.5122004 132.3690033 428.00 139.000
YPTN/32 -14.5309000 132.3860016 443.00 319.000
YPWR/12 -31.1368999 136.8150024 536.00 125.000
YPWR/30 -31.1452007 136.8289948 540.00 305.000
YPWR/18 -31.1350994 136.8139954 537.00 186.000
YPWR/36 -31.1564007 136.8110046 548.00 6.000
YPXM/18 -10.4407997 105.6900024 916.00 175.000
YPXM/36 -10.4596996 105.6920013 810.00 355.000
YQDI/06 -31.5014992 150.5130005 1023.00 65.000
YQDI/24 -31.4974003 150.5240021 1034.00 245.000
YQDI/14 -31.4909000 150.5140076 1023.00 140.000
YQDI/32 -31.5030003 150.5260010 1026.00 320.000
YQLP/09 -26.6089001 144.2500000 642.00 95.000
YQLP/27 -26.6098003 144.2649994 653.00 275.000
YREN/07 -34.2004013 140.6600037 109.00 74.000
YREN/25 -34.1960983 140.6779938 109.00 254.000
YREN/18 -34.1963997 140.6790009 112.00 185.000
YREN/36 -34.2055016 140.6779938 110.00 5.000
YRMD/09 -20.7001991 143.1069946 658.00 98.000
YRMD/27 -20.7021999 143.1210022 675.00 278.000
YRNG/09 -12.3568001 134.8860016 206.00 92.000
YRNG/27 -12.3572998 134.8990021 206.00 272.000
YROM/09 -26.5440998 148.7660065 1030.00 102.000
YROM/27 -26.5456009 148.7740021 1000.00 282.000
YROM/18 -26.5377007 148.7769928 999.00 192.000
YROM/36 -26.5510006 148.7740021 997.00 12.000
YRTI/09 -32.0063019 115.5329971 12.00 91.000
YRTI/27 -32.0062749 115.5451742 8.53 271.000
YSBK/11C -33.9203801 150.9853847 20.66 124.000
YSBK/29C -33.9264993 150.9954654 25.75 304.000
YSBK/11L -33.9201012 150.9869995 21.00 124.000
YSBK/29R -33.9257011 150.9969940 29.00 304.000
YSBK/11R -33.9216003 150.9850006 17.00 124.000
YSBK/29L -33.9267998 150.9940033 22.00 304.000
YSCB/12 -35.3027995 149.1880624 1857.00 130.000
YSCB/30 -35.3100209 149.1984543 1884.56 310.000
YSCB/17 -35.2906265 149.1944427 1874.00 180.000
YSCB/35 -35.3148035 149.1944427 1869.91 0.000
YSCN/06 -34.0405998 150.6809998 221.00 65.000
YSCN/24 -34.0366309 150.6907863 227.36 245.000
YSCN/10 -34.0415001 150.6820068 221.00 111.000
YSCN/28 -34.0438004 150.6889954 225.00 291.000
YSCO/11 -32.0348370 150.8259260 741.00 124.000
YSCO/29 -32.0414580 150.8385330 705.00 304.000
YSDU/05 -32.2228012 148.5690002 935.00 53.000
YSDU/23 -32.2136993 148.5829926 903.00 233.000
YSDU/11 -32.2144012 148.5729980 910.00 118.000
YSDU/29 -32.2190018 148.5829926 927.00 298.000
YSGE/11 -28.0468998 148.5890045 654.00 120.000
YSGE/29 -28.0538998 148.6020050 655.00 300.000
YSHK/18 -25.8888940 113.5755740 111.00 178.000
YSHK/36 -25.9041300 113.5761150 111.00 358.000
YSHL/08 -34.5623016 150.7819977 29.00 94.000
YSHL/26 -34.5631411 150.7949493 18.80 274.000
YSHL/16 -34.5514984 150.7850037 22.00 169.000
YSHL/34 -34.5659485 150.7886350 28.32 349.000
YSHT/09 -36.4294770 145.3908630 374.00 98.000
YSHT/27 -36.4301270 145.3956190 374.00 278.000
YSHT/18 -36.4233831 145.3926636 374.00 191.000
YSHT/36 -36.4309621 145.3909458 374.00 11.000
YSMI/06 -40.8386002 145.0749969 31.00 69.000
YSMI/24 -40.8340608 145.0910710 22.09 249.000
YSMI/10 -40.8310013 145.0850067 21.00 113.000
YSMI/28 -40.8329010 145.0910034 22.00 293.000
YSNB/13 -11.4137001 130.6439972 157.00 129.000
YSNB/31 -11.4219999 130.6540070 173.00 309.000
YSNF/04 -29.0466003 167.9329987 325.00 50.000
YSNF/22 -29.0382004 167.9450073 367.00 230.000
YSNF/11 -29.0366860 167.9305165 322.39 122.000
YSNF/29 -29.0455131 167.9464824 364.61 302.000
YSNW/03 -34.9488983 150.5359955 357.00 45.000
YSNW/21 -34.9356995 150.5520020 376.00 225.000
YSNW/08 -34.9478989 150.5269928 400.00 95.000
YSNW/26 -34.9492277 150.5480032 363.65 275.000
YSPE/08 -28.6199280 151.9724820 2859.00 91.000
YSPE/26 -28.6202440 151.9899810 2934.00 271.000
YSPT/01 -27.9235962 153.3709470 5.00 25.000
YSPT/19 -27.9199924 153.3721083 5.00 205.000
YSRI/10 -33.6016006 150.7709961 66.00 107.000
YSRI/28 -33.6072998 150.7929993 53.00 287.000
YSSY/07 -33.9436989 151.1640015 16.00 74.000
YSSY/25 -33.9377448 151.1889734 19.84 254.000
YSSY/16L -33.9516326 151.1885243 15.72 168.000
YSSY/34R -33.9707647 151.1939143 13.05 348.000
YSSY/16R -33.9301495 151.1721887 8.13 168.000
YSSY/34L -33.9642982 151.1809998 14.00 348.000
YSTA/18 -36.6377420 143.1848077 639.00 187.000
YSTA/36 -36.6454010 143.1840057 639.00 7.000
YSTW/06 -31.0832005 150.8430023 1313.00 73.000
YSTW/24 -31.0809994 150.8509979 1310.00 253.000
YSTW/12L -31.0711002 150.8370056 1283.00 133.000
YSTW/30R -31.0846004 150.8540039 1326.00 313.000
YSTW/12R -31.0813007 150.8329926 1318.00 133.000
YSTW/30L -31.0881004 150.8410034 1334.00 313.000
YSTW/18 -31.0774292 150.8469462 1293.52 188.000
YSTW/36 -31.0862007 150.8450012 1334.00 8.000
YSWG/05 -35.1670990 147.4600070 712.00 62.000
YSWG/23 -35.1595990 147.4770050 699.00 242.000
YSWG/12 -35.1642270 147.4630580 692.00 125.000
YSWG/30 -35.1686520 147.4707030 724.00 305.000
YSWH/04 -35.3820610 143.5309300 232.00 49.000
YSWH/22 -35.3762700 143.5390780 227.00 229.000
YSWH/08 -35.3749008 143.5249939 229.00 92.000
YSWH/26 -35.3750992 143.5410004 226.00 272.000
YSWH/15 -35.3762016 143.5350037 229.00 156.000
YSWH/33 -35.3820000 143.5379944 228.00 336.000
YSWL/11 -37.0656013 142.7270050 807.00 115.000
YSWL/29 -37.0709000 142.7409973 807.00 295.000
YSWL/18 -37.0713005 142.7420044 807.00 185.000
YSWL/36 -37.0789986 142.7409973 807.00 5.000
YTEE/14 -21.8288000 140.8829960 891.00 141.000
YTEE/32 -21.8416630 140.8926320 876.00 321.000
YTEF/12 -21.7105007 122.2220001 969.00 121.000
YTEF/30 -21.7199001 122.2379990 945.00 301.000
YTEM/05 -34.4258003 147.4949951 913.00 62.000
YTEM/23 -34.4174995 147.5140076 902.00 242.000
YTEM/09 -34.4217987 147.5079956 910.00 99.000
YTEM/27 -34.4230003 147.5169983 910.00 279.000
YTEM/18 -34.4174004 147.5149994 905.00 189.000
YTEM/36 -34.4305000 147.5130005 915.00 9.000
YTGM/04 -27.9948997 143.8079987 429.00 51.000
YTGM/22 -27.9902000 143.8150024 428.00 231.000
YTGM/13 -27.9813995 143.8079987 429.00 141.000
YTGM/31 -27.9916000 143.8170013 427.00 321.000
YTIB/02 -29.4575005 142.0540009 547.00 30.000
YTIB/20 -29.4496994 142.0590057 561.00 210.000
YTIB/15 -29.4440002 142.0540009 584.00 161.000
YTIB/33 -29.4570999 142.0590057 543.00 341.000
YTMO/14 -21.8019009 139.9160004 949.00 145.200
YTMO/32 -21.8160992 139.9270020 947.00 325.200
YTMU/17 -35.2634010 148.2409973 841.00 182.000
YTMU/35 -35.2729988 148.2400055 858.00 2.000
YTNG/10 -24.4927006 150.5720062 632.00 111.000
YTNG/28 -24.4976997 150.5859985 644.00 291.000
YTNG/14 -24.4920998 150.5749969 630.00 140.000
YTNG/32 -24.4976006 150.5809937 641.00 320.000
YTNK/07 -19.6358570 134.1696990 1204.00 73.000
YTNK/25 -19.6310900 134.1876690 1229.00 253.000
YTNK/11 -19.6341000 134.1759949 1211.00 119.000
YTNK/29 -19.6387005 134.1849976 1222.00 299.000
YTOC/09 -35.8101006 145.5950012 365.00 98.000
YTOC/27 -35.8116989 145.6080017 372.00 278.000
YTOC/18 -35.8040680 145.6059160 367.00 188.000
YTOC/36 -35.8153990 145.6040040 370.00 9.000
YTRE/04 -31.8920686 152.5108552 30.09 45.000
YTRE/22 -31.8831997 152.5209961 7.00 225.000
YTRE/12 -31.8851279 152.5086609 33.67 138.000
YTRE/30 -31.8882999 152.5119934 32.00 318.000
YTST/12 -14.0825430 126.3735620 125.00 120.000
YTST/30 -14.0926640 126.3866530 181.00 300.000
YTWB/06 -27.5440998 151.9109955 2060.00 72.000
YTWB/24 -27.5422993 151.9179993 2086.00 252.000
YTWB/11 -27.5401990 151.9120030 2076.00 117.000
YTWB/29 -27.5453880 151.9236190 2069.00 297.000
YWBL/04 -38.2987270 142.4436320 228.00 49.000
YWBL/22 -38.2922680 142.4527040 232.00 229.000
YWBL/13 -38.2898470 142.4413550 242.00 138.000
YWBL/31 -38.2990080 142.4518160 218.00 318.000
YWBR/18 -26.1187992 126.5839996 1500.00 185.000
YWBR/36 -26.1331005 126.5820007 1510.00 5.000
YWCK/09 -28.1483540 151.9348890 1513.00 101.000
YWCK/27 -28.1502000 151.9510040 1526.00 281.000
YWDH/04 -25.4144993 142.6629944 430.00 50.000
YWDH/22 -25.4064999 142.6739960 433.00 230.000
YWGM/14 -31.8642220 116.9360660 1000.00 143.000
YWGM/32 -31.8725300 116.9434620 1040.00 323.000
YWGT/18 -36.4082985 146.3099976 499.00 188.000
YWGT/36 -36.4229012 146.3070068 504.00 8.000
YWHA/05 -33.0599650 137.5050480 39.00 54.000
YWHA/23 -33.0520720 137.5181000 34.00 234.000
YWHA/17 -33.0511017 137.5180054 35.00 175.000
YWHA/35 -33.0662994 137.5200043 26.00 355.000
YWKB/08 -36.3221016 142.4129944 397.00 86.000
YWKB/26 -36.3212013 142.4279938 395.00 266.000
YWKB/17 -36.3175011 142.4179993 382.00 176.000
YWKB/35 -36.3244019 142.4190063 394.00 356.000
YWKI/02 -34.1836014 140.0310059 138.00 24.000
YWKI/20 -34.1767006 140.0350037 138.00 204.000
YWKI/08 -34.1870995 140.0240021 138.00 86.000
YWKI/26 -34.1862984 140.0339966 138.00 266.000
YWLG/05 -30.0373001 148.1179962 439.00 58.000
YWLG/23 -30.0296001 148.1329956 439.00 238.000
YWLG/18 -30.0265999 148.1260071 438.00 191.000
YWLG/36 -30.0368996 148.1239929 438.00 11.000
YWLM/12 -32.7871000 151.8226000 30.00 130.000
YWLM/30 -32.8049000 151.8475000 17.00 310.000
YWLU/03 -26.6371994 120.2160034 1639.00 34.000
YWLU/21 -26.6280003 120.2229996 1640.00 214.000
YWLU/15 -26.6266003 120.2170029 1649.00 147.000
YWLU/33 -26.6396008 120.2269974 1624.00 327.000
YWRN/03 -31.7406998 147.7920074 669.00 42.000
YWRN/21 -31.7334995 147.8000031 669.00 222.000
YWRN/09 -31.7332993 147.8029938 669.00 100.000
YWRN/27 -31.7350006 147.8159943 669.00 280.000
YWSL/05 -38.0947990 146.9620056 76.00 57.000
YWSL/23 -38.0923004 146.9669952 72.00 237.000
YWSL/09 -38.0896990 146.9570010 62.00 100.000
YWSL/27 -38.0923820 146.9770010 69.00 280.000
YWSL/14 -38.0918007 146.9640045 64.00 146.000
YWSL/32 -38.0970001 146.9689941 93.00 326.000
YWTN/05 -22.3638990 143.0769960 628.00 60.000
YWTN/23 -22.3610440 143.0826770 632.00 240.000
YWTN/14 -22.3570995 143.0829926 638.00 149.000
YWTN/32 -22.3679008 143.0899963 617.00 329.000
YWUD/07 -33.0443993 135.4400024 310.00 75.000
YWUD/25 -33.0420990 135.4490051 283.00 255.000
YWUD/14 -33.0344009 135.4409943 306.00 144.000
YWUD/32 -33.0455017 135.4499969 277.00 324.000
YWWL/04 -33.9397011 147.1929932 848.00 42.000
YWWL/22 -33.9343987 147.1979980 848.00 222.000
YWWL/09 -33.9379997 147.1809998 858.00 99.000
YWWL/27 -33.9402008 147.1979980 841.00 279.000
YWYM/12 -15.5044003 128.1490021 13.00 124.000
YWYM/30 -15.5125999 128.1609955 12.00 304.000
YWYY/05 -40.9981003 145.7230072 61.00 65.000
YWYY/23 -40.9952590 145.7308382 61.98 245.000
YWYY/09 -40.9967995 145.7239990 62.00 99.000
YWYY/27 -40.9991989 145.7429962 33.00 279.000
YYNG/01 -34.2609100 148.2454224 1267.00 15.000
YYNG/19 -34.2502823 148.2487946 1251.00 195.000
YYWG/01 -36.0373001 146.0249939 421.00 22.000
YYWG/19 -36.0278015 146.0299988 424.00 202.000
Z13/11 60.9058990 -161.4270020 22.00 117.000
Z13/29 60.9038010 -161.4179993 23.00 297.000
ZA-0047/08 -28.6299992 20.3190002 2180.00 60.000
ZA-0047/26 -28.6242008 20.3302994 2119.00 240.000
ZA-0105/03 -25.6959991 27.7819996 3802.00 12.000
ZA-0112/06 -25.9745998 28.3470993 5194.00 39.000
ZA-0112/24 -25.9678993 28.3533001 5216.00 219.000
ZA-0113/08 -26.8534463 28.1944552 4945.68 56.000
ZA-0113/26 -26.8492534 28.2017450 4994.32 236.000
ZA-0114/08 -24.7590630 27.9636598 4232.26 64.000
ZA-0114/26 -24.7539997 27.9752998 4190.00 244.000
ZA-0327/06 -29.9790993 30.9431992 33.00 36.000
ZA-0327/24 -29.9610996 30.9578991 31.00 216.000
ZA-0355/02 -33.5921407 18.6187054 237.32 352.000
ZA-0355/20 -33.5848673 18.6177376 245.68 172.000
ZBAA/01 40.0589140 116.6175990 94.00 353.000
ZBAA/19 40.0928340 116.6122970 84.00 173.000
ZBAA/18L 40.0893590 116.5948330 110.00 173.000
ZBAA/36R 40.0555270 116.6001660 99.00 353.000
ZBAA/18R 40.1021120 116.5696950 116.00 173.000
ZBAA/36L 40.0734790 116.5741650 107.00 353.000
ZBAD/01L 39.4712982 116.4309998 73.00 353.000
ZBAD/19R 39.5017014 116.4270020 83.00 173.000
ZBAD/11L 39.5167010 116.4310000 69.00 103.000
ZBAD/29R 39.5089000 116.4739990 69.00 283.000
ZBAD/17L 39.5179060 116.3961110 76.00 173.000
ZBAD/35R 39.4839290 116.4014740 76.00 353.000
ZBAD/17R 39.5170750 116.3873370 76.00 173.000
ZBAD/35L 39.4831010 116.3927000 76.00 353.000
ZBDS/13 39.4998090 109.8454970 4592.00 123.000
ZBDS/31 39.4841120 109.8766940 4578.00 303.000
ZBDT/14 40.0711100 113.4664690 3467.00 132.000
ZBDT/32 40.0531650 113.4927520 3444.00 312.000
ZBHH/08 40.8470001 111.8059998 3511.00 72.000
ZBHH/26 40.8558998 111.8420029 3556.00 252.000
ZBLA/09 49.2037010 119.8069992 2169.00 83.800
ZBLA/27 49.2062988 119.8430023 2152.00 263.800
ZBSJ/15 38.2935982 114.6869965 233.00 147.400
ZBSJ/33 38.2677994 114.7080002 220.00 327.400
ZBTJ/16L 39.1414757 117.3626099 12.00 154.000
ZBTJ/34R 39.1154594 117.3785629 12.00 334.000
ZBTJ/16R 39.1373749 117.3382034 8.00 155.000
ZBTJ/34L 39.1113739 117.3541565 8.00 335.000
ZBYC/08 35.1151960 111.0141680 1252.00 78.000
ZBYC/26 35.1211930 111.0485000 1253.00 258.000
ZBYN/13L 37.7556000 112.6139980 2546.00 127.000
ZBYN/31R 37.7382010 112.6429980 2575.00 307.000
ZGGG/01R 23.3768010 113.2839970 41.00 14.000
ZGGG/19L 23.4084130 113.2919540 43.00 194.000
ZGGG/02L 23.3757000 113.3050003 45.00 14.000
ZGGG/20R 23.4070375 113.3134972 45.00 194.000
ZGGG/02R 23.3694992 113.3079987 45.00 14.000
ZGGG/20L 23.4027996 113.3170013 48.00 194.000
ZGGG/03 23.3547780 113.3191450 48.00 14.000
ZGGG/21 23.3863160 113.3276670 48.00 193.000
ZGHA/18L 28.2091007 113.2224121 212.00 177.000
ZGHA/36R 28.1748619 113.2245102 188.00 357.000
ZGHA/18R 28.2008991 113.2190018 217.00 177.000
ZGHA/36L 28.1774006 113.2200012 197.00 357.000
ZGKL/01 25.2055000 110.0380020 571.00 5.000
ZGKL/19 25.2307000 110.0400010 564.00 185.000
ZGNN/05 22.5996000 108.1630020 417.00 47.000
ZGNN/23 22.6163010 108.1819990 420.00 227.000
ZGOW/22 23.5616000 116.5120010 15.00 220.000
ZGSZ/15 22.6529999 113.8030014 13.00 155.000
ZGSZ/33 22.6256008 113.8180008 13.00 335.000
ZGSZ/16L 22.6544610 113.7848510 4.00 155.000
ZGSZ/34R 22.6238800 113.8016200 4.00 335.000
ZGSZ/16R 22.6590560 113.7763370 13.00 153.000
ZGSZ/34L 22.6300830 113.7922210 13.00 333.000
ZHCC/12L 34.5395012 113.8410034 496.00 116.000
ZHCC/30R 34.5271988 113.8769989 476.00 296.000
ZHCC/12R 34.5255013 113.8239975 495.00 112.000
ZHCC/30L 34.5138016 113.8580017 486.00 292.000
ZHHH/04 30.7723010 114.1959990 95.00 42.000
ZHHH/22 30.7952000 114.2200010 112.00 222.000
ZHHH/05L 30.7576390 114.2107930 97.00 46.000
ZHHH/23R 30.7819690 114.2356950 97.00 226.000
ZJHK/09 19.9347990 110.4420010 75.00 90.000
ZJHK/27 19.9349000 110.4759980 66.00 270.000
ZJSY/08 18.3008003 109.3960037 62.00 82.200
ZJSY/26 18.3050003 109.4280014 89.00 262.200
ZKPY/17 39.2204018 125.6640015 96.00 163.000
ZKPY/35 39.1902008 125.6760025 86.00 343.000
ZLLL/18L 36.5316120 103.6237870 6388.00 177.000
ZLLL/36R 36.4956170 103.6260830 6329.00 357.000
ZLXY/05L 34.4421540 108.7356190 1574.00 49.000
ZLXY/23R 34.4647030 108.7667540 1578.00 229.000
ZLXY/06L 34.4209820 108.7510530 1557.00 49.000
ZLXY/24R 34.4435310 108.7821730 1578.00 229.000
ZLXY/24L 34.4408650 108.7849660 1541.00 229.000
ZMBH/16 46.1748009 100.6969986 6119.00 156.700
ZMBH/34 46.1519012 100.7109985 6050.00 336.700
ZMBU/18 46.6673292 113.2835368 3150.15 172.100
ZMBU/36 46.6533686 113.2864630 3102.85 352.100
ZMCD/12 48.1400986 114.6299973 2457.00 112.200
ZMCD/30 48.1313019 114.6620026 2421.00 292.200
ZMCK/11 47.6510010 106.7969971 4485.00 105.000
ZMCK/29 47.6427994 106.8430023 4482.00 285.000
ZMDZ/03 43.5822983 104.4229965 4787.00 26.500
ZMDZ/21 43.6012001 104.4359970 4704.00 206.500
ZMKD/16 47.9655991 91.6199036 4761.00 157.300
ZMKD/34 47.9418983 91.6345978 4914.00 337.300
ZMMN/10 49.6656000 100.0830000 4273.00 102.000
ZMMN/28 49.6609990 100.1159970 4236.00 282.000
ZMUB/14 47.8530006 106.7529984 4147.00 136.000
ZMUB/32 47.8321991 106.7809982 4363.00 316.000
ZMUB/15 47.8507996 106.7500000 4123.00 145.000
ZMUB/33 47.8359985 106.7649994 4267.00 325.000
ZPJH/16 21.9832990 100.7559970 1807.00 160.000
ZPJH/34 21.9646000 100.7630000 1813.00 340.000
ZPPP/03 25.1022491 102.9170151 6891.00 39.300
ZPPP/21 25.1304817 102.9415894 6884.00 219.300
ZPPP/04 25.0896873 102.9307480 6885.00 39.000
ZPPP/22 25.1179864 102.9552724 6879.67 219.000
ZSAM/05 24.5354076 118.1161770 55.12 53.000
ZSAM/23 24.5523113 118.1394104 37.18 233.000
ZSCN/03 28.8533990 115.8939970 121.00 23.000
ZSCN/21 28.8766000 115.9059980 141.00 203.000
ZSFZ/03 25.9203850 119.6553120 21.00 27.000
ZSFZ/21 25.9493390 119.6716310 47.00 207.000
ZSFZ/04 25.9117050 119.6719360 23.00 27.000
ZSFZ/22 25.9406530 119.6882550 26.00 207.000
ZSHC/06 30.2381897 120.4082947 22.00 63.000
ZSHC/24 30.2521420 120.4397583 23.00 243.000
ZSHC/07 30.2221222 120.4177551 22.00 63.000
ZSHC/25 30.2368946 120.4510574 22.00 243.000
ZSJN/01 36.8409996 117.2160034 76.00 0.000
ZSJN/19 36.8734016 117.2160034 73.00 180.000
ZSNB/13 29.8338659 121.4493019 13.00 123.000
ZSNB/31 29.8188000 121.4759979 13.00 303.000
ZSNJ/06 31.7334003 118.8460007 43.00 58.000
ZSNJ/24 31.7506008 118.8779984 38.00 238.000
ZSNJ/07 31.7135105 118.8481140 43.00 58.000
ZSNJ/25 31.7307110 118.8803253 39.00 238.000
ZSOF/15 32.0017140 116.9675040 95.00 135.000
ZSOF/33 31.9751650 116.9855430 72.00 315.000
ZSPD/16L 31.1601753 121.8161621 11.00 162.000
ZSPD/34R 31.1275749 121.8284607 11.00 342.000
ZSPD/16R 31.1590004 121.8119965 12.00 162.000
ZSPD/34L 31.1264000 121.8239975 12.00 342.000
ZSPD/17L 31.1613007 121.7860031 10.00 162.000
ZSPD/35R 31.1270008 121.7990036 10.00 342.000
ZSPD/17R 31.1548328 121.7831650 12.00 162.000
ZSPD/35L 31.1256657 121.7941666 12.00 342.000
ZSQZ/03 24.7870580 118.5827030 18.00 34.000
ZSQZ/21 24.8073060 118.5957340 18.00 214.000
ZSSS/18L 31.2131996 121.3349991 7.00 176.000
ZSSS/36R 31.1825008 121.3369980 9.00 356.000
ZSSS/18R 31.2100000 121.3320000 10.00 176.000
ZSSS/36L 31.1860000 121.3330000 10.00 356.000
ZSWH/02 37.1759987 122.2239990 112.00 18.500
ZSWH/20 37.1982994 122.2340012 144.00 198.500
ZSWX/03 31.4838350 120.4247360 15.00 20.000
ZSWX/21 31.5109120 120.4363860 17.00 200.000
ZSXZ/09 34.0581440 117.5380550 115.00 90.000
ZSXZ/27 34.0605550 117.5747830 115.00 270.000
ZUCK/02L 29.7051810 106.6367490 1352.00 17.000
ZUCK/20R 29.7328300 106.6463170 1348.00 197.000
ZUCK/02R 29.7047620 106.6406710 1348.00 19.000
ZUCK/20L 29.7358110 106.6514430 1343.00 199.000
ZUCK/03R 29.7209970 106.6679000 1332.00 17.000
ZUCK/21L 29.7486164 106.6775255 1305.65 197.000
ZUGY/01L 26.5242004 106.7979965 3737.00 10.000
ZUGY/19R 26.5527000 106.8040009 3730.00 190.000
ZUHY/16 32.5470010 102.3470000 11571.00 163.000
ZUHY/34 32.5161020 102.3580020 11587.00 343.000
ZULS/10R 29.2977640 90.8916850 11712.00 89.000
ZULS/28L 29.2983700 90.9328310 11704.00 269.000
ZUUU/02L 30.5634632 103.9399872 1616.00 24.000
ZUUU/20R 30.5935993 103.9540024 1625.00 204.000
ZUUU/02R 30.5195007 103.9369965 1681.00 24.000
ZUUU/20L 30.5496006 103.9506836 1629.00 204.000
ZUXC/18 28.0053005 102.1839981 5112.00 178.400
ZUXC/36 27.9727993 102.1849976 5069.00 358.400
ZWSH/08 39.5419006 76.0014038 4524.00 85.900
ZWSH/26 39.5438995 76.0384979 4498.00 265.900
ZWTN/11 37.0434990 79.8481979 4613.00 110.000
ZWTN/29 37.0335007 79.8815994 4672.00 290.000
ZWWW/07 43.9025000 87.4526980 2123.00 74.000
ZWWW/25 43.9117010 87.4957960 2126.00 254.000
ZYCC/06 43.9868011 125.6699982 705.00 48.800
ZYCC/24 44.0056000 125.6999969 646.00 228.800
ZYHB/05L 45.6123010 126.2370000 457.00 39.000
ZYHB/23R 45.6344990 126.2630000 439.00 219.000
ZYJM/06 46.8358990 130.4530030 262.00 48.000
ZYJM/24 46.8493000 130.4750060 261.00 228.000
ZYMD/04 44.5135002 129.5619965 883.00 25.900
ZYMD/22 44.5345993 129.5760040 866.00 205.900
ZYQQ/17L 47.2504010 123.9120030 476.00 158.000
ZYQQ/35R 47.2288020 123.9250030 476.00 338.000
ZYTL/10 38.9669243 121.5222773 103.80 95.600
ZYTL/28 38.9642847 121.5568759 85.59 275.600
ZYTX/06 41.6304020 123.4690020 171.00 49.000
ZYTX/24 41.6493000 123.4980010 197.00 229.000
ZYYJ/09 42.8810997 129.4360046 623.00 81.700
ZYYJ/27 42.8844986 129.4669952 597.00 261.700
